Griffin House - The Guy That Says Goodbye To You Is Out Of His Mind [Official Music Video],1853012,Music
Kicking & Screaming (3/10) Movie CLIP - New to Coffee (2005) HD,188960,Film & Animation
Salad Fingers 1: Spoons,38099019,Film & Animation
Wii with Mads Mikkelsen,169008,Entertainment
Mads Mikkelsen and Stellan Skarsgård on Skavlan,517299,Entertainment
Mads Mikkelsen- The Door Interview,91536,Entertainment
Mads Mikkelsen-Can he speak French?,164972,Entertainment
2NE1 - 내가 제일 잘 나가(I AM THE BEST) M/V,277987886,Music
Celebrities Read Mean Tweets #3,52182038,Comedy
Glen Porter - I Sat Alone,10197,Music
Rjd2 - Ghostwriter,12973380,Music
HIM- Wings of A Butterfly Lyrics,1401236,Music
3OH!3 double vision lyrics,110406,People & Blogs
Tina Fey Letterman 4-15-2011,231434,Entertainment
Ferrets,12596367,Comedy
Bbmak - The Ghost of You and Me,705956,Music
A Day To Remember - All I Want (Official Audio Stream),3281970,Music
I Kill People,43886384,Comedy
Thinker Operates a Life-Crisis Hotline,3957,Comedy
U2 AND JOHNNY CASH -- THE WANDERER by U2MIXER,1141022,Music
Degrassi Gets Real - Holly J,31582,Entertainment
2008 United States Presidential Candidate from Japan,231187,News & Politics
Hot Chip - I Feel Better (Official Music Video),1323410,Entertainment
RAP NEWS | WikiLeaks: the truth is out there,1701000,News & Politics
SUSPIRIA MAIN THEME - GOBLIN,73041,Film & Animation
RAP NEWS | Obama wins Nobel War-is-Peace Prize,257229,Comedy
karate chimp funny fight amazing,340990,Comedy
Inception - Eames & Imagination (Edited Scene),8939,Comedy
Taking Care Of Business - Bachman Turner Overdrive,214614,Music
Foreigner - Waiting for a Girl Like You [Lyrics],85491399,Music
Game On - Original Song for Rick Santorum by Camille & Haley,1377609,Music
Gone Away The Offspring,5159785,Music
The Offspring  Self Esteem  lyrics,1270144,Music
The Offspring - Hit That,2107357,Music
Puddle Of Mudd - She Hates Me (Official Video),37714393,Music
Wagner - RIDE OF THE VALKYRIES - Furtwangler,8432602,Music
Finally Somebody Who Doesn't Think I'm Crazy: ENTP and INTP,15702,Education
Julien Donkey-Boy Be A Man!,110747,Film & Animation
Curb Your Enthusiasm - Huge Vagina,224706,Comedy
Enneagram Type 3 Video Short: The Performer,26793,People & Blogs
Bon Iver - I Can't Make You Love Me / Nick of Time,48693485,Music
Lana Del Rey - Music To Watch Boys To (Official Music Video),45035653,Music
Beyoncé - Halo,1091576784,Music
Beyoncé - Run the World (Girls) (Video - Main Version),492980733,Music
Kanye West - POWER,123849393,Music
Lady in the Water M. Night Shyamalan interview,85370,Entertainment
the flaming lips In the Morning of the Magicians,1055480,Music
DX got 2 Words 4 ya... S*** IT !,117866,Sports
And That's The Bottom Line 'Cause Stone Cold Said So!,134048,Sports
One Day As A Lion - "Wild International",3832422,Music
Seinfeld - The Pick.wmv,101619,People & Blogs
Tough Mudder 2012 Official Video | Tough Mudder,7492693,Sports
South East / Midlands UK 2012·(Official Event Video) | Tough Mudder,434977,Sports
Trey Songz - One Love lyrics,192779,Music
StarCraft 2: Heart of the Swarm Teaser Trailer,63907,Gaming
AC/DC - Thunderstruck (Official Video),826505317,Music
Carmen Cusack performs "You'll Be Back" From HAMILTON: AN AMERICAN MUSICAL,755973,Entertainment
Belle (Reprise) - Beauty and the Beast,3537679,Film & Animation
Lady Antebellum-Just A Kiss LYRICS,37316818,Music
BASTILLE // Overjoyed ( Official Video ),9178198,Music
Charlie Puth - We Don't Talk Anymore [Official Audio],61082731,Music
Adam Levine - Lost Stars (from Begin Again),122024795,Music
NIN - the mark has been made,83236,Music
Ape Machine - Hold Your Tongue,61861,Music
All Them Witches - The Urn,56600,Music
Evolution of the Lifting Man,5461436,Comedy
