M People - Search for the Hero,4989660,Music
ARE  YOU  HAPPY  NOW  "DIE",1248,Entertainment
TNG: Most Secure Password: Insane Edition,25205,Film & Animation
My Bloody Valentine - When You Sleep,3225066,Music
La Dispute- To Withstand The Force Of Storms,126217,Music
ORIGINAL VIDEO - Bitchy Resting Face,7976872,Comedy
No Cash - Pierce The Gates,48477,Music
Dream On Dreamer - Yourself As Someone Else,131166,Music
Ellie Goulding - The Writer (Official Music Video),17038840,Music
Plastician - Japan,1697387,Music
Julian Plenti - "Games For Days",1346699,Music
The Wombats - Techno Fan (Official Video),4911459,Music
The Wombats - Techno Fan (Official Video),4911459,Music
Cage The Elephant - In One Ear,7421037,Music
La plage - Yann Tiersen,9523884,Music
God Is An Astronaut- Forever Lost,1729567,Music
MONO - Follow The Map,436095,Music
A Walk to Remember Trailer,11037787,Entertainment
She's The Man Trailer,8428145,Comedy
Lifehouse - Halfway Gone (Official Video),20937178,Music
Can We All Just Get Along? For The Kids & Old People? RODNEY KING SPEAKS!,643912,People & Blogs
Breaking Bad Funny Moment,366109,Comedy
MACKLEMORE & RYAN LEWIS - "Irish Celebration" (Official Music Video),23417632,Music
@katiecouric: Chelsea Handler,287854,News & Politics
Strikeforce - All Access: Ronda Rousey - Full Episode 1 - SHOWTIME MMA,636384,Entertainment
Charli XCX - Break The Rules [Official Video],161359422,Music
BLUEJUICE I'll Go Crazy (Official Video),113487,Music
The Kooks - Junk Of The Heart (Happy),1857444,Music
Little Lou Prophet Jack Ugly John feat. Norah Jones,35333,Music
Lily Allen - Knock Em Out,2534859,Music
A Day To Remember - I'm Made Of Wax Larry What Are You Made Of? (Official Music Video),11747044,Music
Eric Yow master of trickshot (snooker),77652,Sports
