FLYING IN MY PJs - [Living In Alaska 256],20342,People & Blogs
Jinkis - A Thousand Miles Away (Instrumental Mix) (Melodic Dubstep),14983,Music
Startle The Heavens - The summer air lingers,1501,Music
Handshake Confusion,1471331,Education
Lucksmyth - Rooks,9798,People & Blogs
A Trip Through Time: 6 Years in 14 minutes (2005-2011) (420 Friendly),3514,Film & Animation
Life Is Probably A Video Game,40365,People & Blogs
Motion City Soundtrack - My Favorite Accident,89033,Music
The White Buffalo - Oh Darling what have I done,23888784,Music
The Big 4- Am I Evil [Sofia Bulgaria] (DVD Release),36892,Music
Staind -This is Beetle aka The BeetleJuice Song,337851,Music
Ronnie James Dio - The Last in Line live,1329914,Music
Down - Bury Me In Smoke (Live),2898943,Music
Machine Head - Aesthetics Of Hate (Official Music Video),236895,Music
VAST- loneliness is fine (2008),161552,Music
Trainspotting - Final Part (Original),586250,Film & Animation
Salvador Dali Short Interview,5514,Music
Jim Jarmusch,107227,People & Blogs
Feist Interview,57836,Entertainment
Renee Louise Carafice interview on NZOWN,1309,Music
Eddie Vedder jumps from tv-mast into the crowd,448554,Music
Babel in tokyo,55024,Film & Animation
Elis - Forgotten Love,70802,Music
Missing - Evanescence,994524,Music
"Untouchable Face" Ani Difranco (1996 - America),881098,Music
DatsiK - Jenova Project [dubstep]      MENTALLLL,3979603,Music
: Squirrel Songs V : Foamy The Squirrel,630972,Comedy
Skrillex - Scary Monsters And Nice Sprites (Official Audio),316612643,Music
Plain White T's - Hey There Delilah (Official Video),79455418,Music
Sixpence None the Richer - Kiss Me (Official Music Video HD),1814325,Music
AVANTASIA - Carry Me Over (OFFICIAL VIDEO),3274568,Music
Vivica - Jack Off Jill Music Video,91486,Music
The Dresden Dolls - "The Kill" Music Video,1594173,Music
Regina Spektor - "Samson" [OFFICIAL VIDEO],24049833,Music
AnsoticcA "I'm Alive" Official Music Video,1560577,Music
Rise against- savior [lyrics],921500,Music
Dr Seuss VS Shakespeare.  Epic Rap Battles of History,96029378,Music
Betty Butterfield - Tragic Life,138590,Comedy
Marina & the Diamonds - Numb [WITH LYRICS],1095783,Music
Skrillex - Scary Monsters and Nice Sprites (Dirtyphonics Remix),16635033,Music
John Legend- PDA (We Just Don't Care),1927865,Music
Sigur Rós: Ekki múkk (moving art),2308492,Music
Dinah Washington - This Bitter Earth,1986912,Music
Nighttime,2086,Music
Cobra Starship: You Make Me Feel... ft. Sabi [OFFICIAL VIDEO],135160624,Music
Ashley MacIsaac - Sleepy Maggie,193996,Music
Whitest Kids U' Know - Sniper Business,7995965,Comedy
My Bloody Valentine - When You Sleep,3225914,Music
Harry Potter and the Logical Solution,869443,Comedy
Disney Geneticists Debut New Child Stars,2023772,Entertainment
Kim Jong Il Announces Plan To Bring Moon To North Korea,1291999,Entertainment
Say Anything (1989),1303458,Film & Animation
kyoteizinc (video mix),331563,Music
Alex Morph - Walk The Edge,166411,Entertainment
[Live] Kokia - Chouwa oto ~with reflection~ [Bataclan 2007],846022,Music
Bruce Willis - Late Show - 2010.02.01 (Part 2),42996,Entertainment
♫ Last Carnival,770457,Music
Cloud Atlas: Sonmi~451 - Final Speech,191919,Film & Animation
Cops & Clergy Condemn the War on Drugs,6235,News & Politics
Incise - Paving the Way (re:plus Remix),90107,Music
Y Society - Dizzy,10354,Music
Its A Stoners Life,187775,Entertainment
Yogi feat. Briohny Thomas - Sumtin (You Gimme That) (Original Mix),2978,Music
The Beautiful Girls - La Mar,2489297,Music
DOG,6612133,Sports
Disney Pixar's Up -Married Life - Carl & Ellie (HQ),11758730,Film & Animation
Robert Plant - Darkness,16234,People & Blogs
Zeraphine - Out of the Void,75990,Music
Archive - Lights [Full Version],3395465,Music
Fireflight - Recovery Begins(lyrics),135234,Music
Sixx: A.M. - This Is Gonna Hurt (Lyrics),338711,Music
Imaginary- Evanescence- Lyrics,2423111,Music
HAPPY WHEELS - FUNNY MOMENTS MONTAGE #3,29858652,Gaming
To the moon - for river (Piano version),451560,Music
HAPPY WHEELS - FUNNY MOMENTS MONTAGE #3,29858652,Gaming
The power of vulnerability | Brené Brown,14469832,Science & Technology
Recoil - Want,259633,Music
THE PAPER (1994): Movie Trailer,95739,Film & Animation
Amy Macdonald - Somebody New - With lyrics,527749,Music
Gravitation OP Super Drive-Sakanoue Yosuke,61707,Music
Mad World - Gary Jules,154646343,Music
The Feeling - Sewn,1964437,Music
Ghost Loft - So High (Official Music Video),2245978,Music
Beacon - Bring You Back,262205,Music
Grimes - Genesis,66022997,Music
Violent Femmes - Promise,70060,People & Blogs
20th Century Boy,6776587,Music
OK Go - This Too Shall Pass - Rube Goldberg Machine - Official Video,67131948,Music
INFJ vs INFP,201957,Education
INFJ vs INFP,201957,Education
Soundgarden - Fell On Black Days,43497782,Music
Andy Deck 2011 Arnold Amateur Strongman Competition,22029,Sports
Type O Negative - I Don't Wanna Be Me [OFFICIAL VIDEO],11912467,Music
Nightwish - The Islander,2811511,Music
Bruce Springsteen - Radio Nowhere - New Single,1067620,Music
Boomin Granny by Beastie Boys,149698,Music
Megadeth - Train Of Consequences,458556,Music
BR5-49 - Little Ramona (Gone Hillbilly Nuts),52982,People & Blogs
Birdy - People Help The People [Official Music Video],165669877,Music
Band of Horses - The Funeral [OFFICIAL VIDEO],40277659,Music
The Irrepressibles - In This Shirt (lyrics),7045619,Music
The Irrepressibles - In This Shirt (lyrics),7045619,Music
City and Colour - Little Hell,369935,Music
Carly Rae Jepsen CALL ME MAYBE - Rolanda & Richard (Parody),139914968,Entertainment
Movin Like Richard,21050452,Entertainment
DISRESPECTFUL GIRLFRIEND - @SpokenReasons,12136973,Comedy
Cinematic Orchestra feat. Patrick Watson - To Build A Home (Live),11375714,Music
NAT KING COLE-The Very Thought of You,34945,Music
Priscilla Ahn - Willow Weeping,223347,Music
The Avett Brothers - Love Like the Movies,412085,Music
USAHAY by VINA MORALES - The Perfect Cover !,498289,Music
Lupe Fiasco- Bitch Bad,6566,Music
Cute kid swearing  --  Fox on the Beach...?,540821,People & Blogs
Barking cat gets caught! (ORIGINAL),24452353,Pets & Animals
Baby Can't Stay Awake or Asleep,100138,Comedy
The Supremes: You Can't Hurry Love - Original (Take 1),16169310,Music
Chopin Nocturne Op. 9 No. 1 in B-flat Minor (Arthur Rubinstein),734477,Music
Poor Moon - "Illusion",46886,Music
I Can't Decide Scissor Sisters 03/17,99272,Music
Pay it Forward,318590,Nonprofits & Activism
Existence - Mushishi,4660,Film & Animation
Oprah Winfrey's 2008 Stanford Commencement Address,1700854,Education
INFJ Questions,112,Entertainment
Little Person (Synecdoche New York),1414725,Music
Batman Can't Stop Thinking About Sex,44879737,Comedy
Batman vs. The Scarecrow,12782595,Comedy
RSA ANIMATE: Smile or Die,2485897,Film & Animation
New Sun Drop Soda Commercial 2011 VERY FUNNY DANCING,587577,Film & Animation
Rewind - Kelela (Official Audio),112906,Music
Koyama Erina - Kai,40141,Entertainment
Seinfeld - George isnt at Home,130789,Entertainment
Max Richter - The Nature of Daylight,1491234,Music
ROAR - KATY PERRY (LIP DUB),2594873,Entertainment
Wingardium Leviosa (Harry Potter Parody Animation) - Oney Cartoons,54562013,Entertainment
The Perks of Being a Wallflower -  Fight scene,1365712,Film & Animation
All Systems Go by: Boxcar Racer,379136,Music
MWY,2992,People & Blogs
Passion Pit - Smile Upon Me,2562129,Music
Jessie J - Nobody's Perfect (Official Video),116619823,Music
Disturbed - Stricken [Official Music Video],66855494,Music
Across The Ocean - Azure Ray,71032,Music
Jon Hopkins - Light Through The Veins (Full 9 Minute HQ Version),537681,Music
Ólafur Arnalds - Ljósið (Official Music Video),3481209,Music
Sunscreen Song,1444908,Howto & Style
make something beautiful before you are dead (2012),226587,Entertainment
FLUME - Major Lazer -Kilter x MattMiller- Gravel Pit -Ta-Ku-Higher Insane Featuring Moon Holiday!,305580,Music
Flume & Chet Faker - Drop the Game [Official Music Video],182179398,Music
Emilie Simon - Jetaimejetaimejetaime (clip officiel),255419,Music
Daughter - Youth,13045368,Music
THE FRAY - HEARTLESS (LYRICS),2163731,Music
Susumu Hirasawa - Seh le mao,134166,Music
Eternal Sunshine Of The Spotless Mind Trailer,3344712,Entertainment
Ben Cocks - So Cold (with lyrics),85163386,Music
Leona Lewis - Happy Lyrics,84296,Entertainment
Procol Harum - A Whiter Shade Of Pale - 1967 with lyrics,45322,Music
Carrie Underwood - Good Girl ( Lyrics ),215132,Music
Shrek Soundtrack   11. The Proclaimers - I'm On My Way,10199947,Music
The Neighbourhood - Sweater Weather (Official Video),407885220,Music
Boyz II Men - It's So Hard to Say Goodbye to Yesterday (with lyrics),8506879,Music
Where'd You Go - Fort Minor (censored version),53685,Music
Sade - By Your Side - Official - 2000,82753473,Music
Ace of Base - All That She Wants (Official),16522459,Entertainment
Pitbull  I Know You Want Me FULL (HD) 1080p OFFICIAL VIDEO,1327783,Music
Speechless - Morning Parade [lyrics],148366,Music
If You Only Knew - Maroon 5,53690,People & Blogs
Billy Joel- She's got a way,1375146,Music
Selena Gomez - Slow Down (Official),354997481,Music
Journey - Don't Stop Believing Lyrics(HD),106094,Music
In A Big Country by Big Country,1000089,Music
Billy Joel - Uptown Girl (Audio),2333632,Music
Shivaree - The Snake,186935,Music
Serpents - Sharon Van Etten (Lyrics),195982,Music
One Step Closer (Official HD Video) - Linkin Park,114854917,Music
Red - Animation Short Film,3561063,Film & Animation
Fury of a Time Lord,374116,Entertainment
Time machine - Godspeed,132932,Music
Jill Scott - Golden,14477411,Music
John Kounios: The neuroscience behind epiphanies,14452,People & Blogs
Olivia Newton-John  Have You Never Been Mellow (Live 1975),4287564,Music
Sex Bomb (Alan Rickman),269839,Entertainment
Editors - No Sound But The Wind (Live at Rock Werchter 2010),8119062,Music
AMORPHIS - House Of Sleep (OFFICIAL VIDEO),4721840,Music
Tiamat - Meliae,119162,Music
The Fray- I Can Barely Say (Lyrics!),104084,Music
A Day To Remember - Have Faith In Me (Sing-A-Long Version),3346438,Music
A Day To Remember - Have Faith In Me (Sing-A-Long Version),3346438,Music
Sum 41 - With Me,6013138,Music
Thermite vs. Car,2185482,Science & Technology
Evanescence: Where Will You Go (Lyrics),264852,Music
Evanescence: Where Will You Go (Lyrics),264852,Music
Big Kahuna Character Dialogue,154497,Film & Animation
Dead Come Alive - An Animation,911445,Film & Animation
Brandon Heath - The Light In Me (Official Music Video),1314498,Music
INFP vs. INFJ: Andrew Garfield and Carey Mulligan,614542,Education
Blood,43972580,Comedy
OPETH- PORCELAIN HEART,61101,Music
Biffy Clyro - God And Satan,318719,Music
A Fine Frenzy - Electric Twist,926756,Music
Radioactive - Lindsey Stirling and Pentatonix (Imagine Dragons Cover),188140392,Music
Azure Ray - November,1394497,Music
Leonard Cohen - famous blue raincoat,815907,Music
Imagine Dragons - Demons (Official Video),844419862,Music
Linkin Park - Somewhere I Belong (Official Music Video),54716431,Music
Nerina Pallot - Mr. King,68045,Music
Maria Mena - All This Time (Pick-Me-Up Song) (Video),4051677,Music
#48 - Jaymay -  Lonely men built lonely cities (Acoustic Session),39574,Music
From The Inside (Official Video) - Linkin Park,108505979,Music
Biffy Clyro - God And Satan,318719,Music
The Weepies - Nobody Knows Me At All [Official Music Video],1473536,Music
Chopin Nocturne op.9  no.1,2180029,Music
Spanish Guitar Flamenco Malaguena !!! Great Guitar by Yannick lebossé,7152413,Music
Chopin Fantasie Impromptu Opus 66 in C sharp minor by Tzvi Erez HQ,2142069,Music
Julian Bream - J.S Bach-Violin Sonata fugue,1391082,Music
Kid Cudi - Save My Soul(The CuDi Confession),1204473,Music
Kid CuDi CuDi Zone,3180025,Music
Sweep-Blue Foundation,58346,Entertainment
Mr. Prjoectile - I am back (Bassnectar Remix),50350,Music
Serj Tankian - Honking Antelope,4247830,Music
Kid CuDi Pursuit Of Happiness,15876782,Music
The Boy Who Blocked His Own Shot lyrics,4966390,Entertainment
Eliza Doolittle - Missing,514151,Music
Good Charlotte - The Anthem (Video),64445655,Music
Athlete - Black Swan - The Unknown,120213,Music
Mumford & Sons - Hopeless Wanderer (Official Music Video),81622631,Music
The Airborne Toxic Event - Sometime Around Midnight (Official Music Video),11392931,Music
Avicii - Wake Me Up (Lyric Video),341553245,Music
Iron and Wine - Joy (Official Video),451927,Music
SHIT FAT GIRLS SAY (ORIGINAL VERSION),2135655,Comedy
Jason Mraz - Butterfly [lyrics],1809941,Music
Arin alkoholinurkkaus -(Ari's alcohol corner)-,316,People & Blogs
System Of A Down - Lonely Day (Official Video),261495839,Music
Bob Marley - One Love,194396633,Music
Trololo Sing Along!,42353305,Comedy
Whitest Kids U Know - Noobs,74028,Comedy
atb - ecstasy,24445989,Music
Benny Benassi - Shocking Silence,1190332,Music
Warcraft 3 Soundtrack - Human,1846432,Music
Sexion d'assaut - Désolé,48153372,Music
Karliene - You Win Or You Die - Piano Demo  - Game of Thrones,363302,Entertainment
Sarah McLachlan - Do What You Have To Do (lyrics),1778817,Music
15 Things Introverts Want You To Know,4456687,Entertainment
Lex Luthor in "Superman Returns" - Wrong,720357,Comedy
SKRILLEX - KILL EVERYBODY (BARE NOIZE REMIX),12606002,Music
Beethoven Symphony 9 2nd movement (complete) Molto vivace Philharmonia Baroque,4564549,Music
Guano apes - Open your eyes (lyrics),1051178,Music
Tyr-By The Sword In My Hand-Lyrics,196084,Music
Iyeoka - The Yellow Brick Road Song,147586,Music
Duran duran Wild boys lyrics-karaoke,171941,Music
Lupe FIasco - Unforgivable Youth Ft. Jason Evigan (Lyrics On Screen) (Food & Liquor 2),82273,Music
"Chocolate Rain" Original Song by Tay Zonday,128559939,Music
Robot Rock / Oh Yeah  (Intro) - Alive 2007 - Daft Punk,672257,Music
Tycho - Daydream,2309464,Music
INSOMNIUM - One For Sorrow (OFFICIAL VIDEO),3227289,Music
Gohan Angers Extended Edition (With Violin),450702,Music
Snow Patrol - Open Your Eyes (Official Video),56704582,Music
Michael Mayhew's This is Wit Episode One,379,Comedy
Sunny Day Real Estate - seven lyrics,61622,Music
Gregorian - Wish You Were Here,2548290,Music
Mexican Revolution Video- The Rise and Fall of Huerta,202,Music
SUICIDE SILENCE - Fuck Everything (Lyric Video),3894436,Music
Emery - Walls,1984579,Music
TARDIS,81,Film & Animation
The Mad Violinist - Radioactive (cover) Imagine Dragons,244731,News & Politics
Tu Jaane Na - Ajab Prem Ki Ghazab Kahani | Ranbir Kapoor & Katrina Kaif | Atif Aslam,26821979,Music
Benny Lava...(WITH LYRICS) Hilarious,7411150,Comedy
EELS - Trouble With Dreams,676848,Music
Sunday Girl - Where Is My Mind (Official Video),3265862,Music
Rumer - P.F. Sloan [Official Video],146660,Music
The National - A Reasonable Man (I Don't Mind),95582,Music
Unfold // Marie Digby,4829,Music
Regina Spektor - The Calculation,2194990,Music
EELS Things The Grandchildren Should Know a video by U2mixer,157655,Music
Vanilla Ice - Ice ice baby Lyrics,22795965,Music
Shit Sri Lankan Mothers Say,1467640,Comedy
Chinese 9 Yrs old girl shuffling,1583162,Entertainment
Gotye - Eyes Wide Open - official music video,29601485,Music
Kimbra - "Settle Down",42573244,Music
Gotye - Somebody That I Used To Know (feat. Kimbra) - official music video,1549532296,Music
Last Friday Night (A.S.I.A) - A Katy Perry Parody,291212,Entertainment
STUDY HARD ANTHEM v2.0 - HSC Edition,532563,Entertainment
My Crazy Sister,8354966,Comedy
Superb Lyrebird imitating construction work - Adelaide Zoo,2398504,Pets & Animals
CunninLynguists feat. Tonedeff - Love Aint,682280,Music
Anberlin - Fin,852143,Music
Eyedea & Abilities - Smile (Official Video),4446952,Music
Regina Spektor - Pavlov's Daughter,1136836,Music
Eyedea and Abilities - Birth of A Fish,143904,Music
Sleeping At Last - Slow & Steady,677905,Music
Face Candy - Pill,54451,Music
Rain Storm in Chiang Mai Thailand,2887,Travel & Events
The Dr.Steel Show: Episode 3,133026,Comedy
Childhood Don't A-Go-Go (official video),101111,Music
Peter Bradley Adams-The Longer I Run,2074518,Music
Gavin DeGraw - Not Over You,27272716,Music
FM Static - Take Me As I Am (Official Music Video),2348081,Music
I Swear This Time I Mean It - Mayday Parade (with lyrics),12390163,Music
Kerrie Roberts- No Matter What  **With Lyrics**,2279320,Music
Nujabes - Love Sick (part 2),977249,Music
THERE'S HOPE,330853,Music
Kanye West - I Am A God (Yeezus),452679,Music
Fighting for Nothing by Meg and Dia ~ Lyrics,238600,Music
Meg & Dia-The Last Great Star In Hollywood,44775,Music
split enz - the choral sea,32788,Music
Lenka - Roll with the Punches,2598107,Music
