Gollum clips Conversation.wmv,18574,People & Blogs
so i thought -flyleaf [lyrics],320069,Music
Flyleaf - Missing,7841670,Music
DyE - Fantasy - Official Video,64865625,Music
Zoinks (Scooby-Doo Animated Parody) (18+) - Oney Cartoons,7458267,Entertainment
ZZ Ward - Last Love Song,273094,Music
Yuna - Deeper Conversation.wmv,927525,Music
alt-J (∆) Breezeblocks,215056227,Music
The Phoenix - Fall Out Boy - (fan lyric video),25633849,Music
Civil Twilight - Come As You Are cover,633604,Music
Sleeping With Sirens - James Dean & Audrey Hepburn (Acoustic version),56030169,Music
Circa Survive - Sharp Practice (Album Version),127759,Music
Cassadee Pope-Told You So,132384,Music
I SEE STARS - Filth Friends Unite,1089769,Music
Further Seems Forever - Pride War,12759,Music
Rob Grill - Rock Sugar   ( lyrics on video ),452007,Music
Belle & Sebastian  Piazza New York Catcher,1442122,Music
Belle & Sebastian - I Want The World To Stop (HQ) by Nahiem,30141,Music
Marc Almond - The Days Of Pearly Spencer,1281022,Music
Enya - Only Time (Official 4K Music Video),161969701,Music
darcia & hamona,855,Film & Animation
Radio  Free Zerg,346122,Music
Billy Joel - And So It Goes (Official Video),7226054,Music
【東方Vocal】 EastNewSound - intense,44181,Music
Tinashe - Can't Say No (Music Video),1207915,Music
Streets of Rage Soundtrack - Intro,10138,Gaming
Balam Acab - Big Boy,162612,Music
Fitting In Cardboard,1973507,Education
This is our universe can you comprehend it?(HQ),42931,People & Blogs
It All Goes Back In The Box,230007,Education
31 Jokes for NERDS!,3304459,Comedy
Of Monsters & Men - Love Love Love,903787,Music
Harana - Parokya Ni Edgar,3610923,Music
Bon Iver - Skinny Love,42012036,Music
Coldplay - Christmas Lights (Official Video),54026431,Music
Tujh Mein Rab Dikhta Hai   Lyrics   English Translation,58501,Music
Free Hugs Campaign - Official Page (music by Sick Puppies),78518988,Entertainment
anathema (are you there),870677,People & Blogs
Americans are NOT stupid - WITH SUBTITLES,33395922,Comedy
Family Feud "September",2166096,Entertainment
The Ultimate Insult - May God Have Mercy On Your Soul - Billy Madison  (Academic Decathlon),8305858,Comedy
«Rolling Girl ローリンガール »  【 Road 】,28528,Music
Signal fire snow patrol lyrics,419196,Music
OneRepublic - It's a Shame,121563,Music
Creed With Arms Wide Open Music Video,1635465,Film & Animation
Little Big - Everyday I'm drinking,18277,Music
Lioness - They Clip the Wings of Birds (Official Video),9213,Music
Key & Peele - Boxing Press Conference,24702355,Comedy
Ke$ha - Your Love Is My Drug (Official Video),116041926,Music
Flobots - Handlebars (Official Video),57290371,Music
Garbage - Only Happy When It Rains (official music video) with lyrics,11589215,Music
Lower Heaven - Fruitless,1962,Music
Mike Rowe on QVC - Katsak,1681163,Comedy
Best of G.I. Joe PSAs,7603494,Film & Animation
Rammstein VS Cookie Monster,7814279,Music
Drunk History Vol. 5 Featuring Will Ferrell Don Cheadle and Zooey Deschanel.,1247188,Comedy
Los Campesinos! - By Your Hand,29193,Music
The Birthday Party- Big Jesus Trash Can,101103,Music
Orbs - A Man Of Science (album version),7868,People & Blogs
Heat-Haze Days / カゲロウデイズ [PV ENG SUB] Fan Made PV,2348793,Music
Ok Go - Of the Blue Colour of the Sky - 04 - Needing-Getting,889131,Music
Dan Bull - Safe - 6 - Misfit,34715,Music
BlasterJaxx - Faith (Radio Edit),5664776,People & Blogs
Sarah Jaffe: When You Rest,44591,Music
Hammock - Breathturn,1452270,Music
Daydreams and Citations: INFP and ESTJ,12442,Education
Nine Inch Nails - We're In This Together (Official Video),13963243,Music
The Velvet Underground - Heroin (song only),13807796,Music
Nine Inch Nails - La Mer,357050,Music
Deep Purple - Hush,11195445,Music
Deep Purple - Hush,11195445,Music
Dead Angels,62262,Music
Martin L Gore - In a manner of speaking.,148363,Music
Stafrænn Hákon  -  P - Rofi,17495,Music
Beastie Boys- Ricky's Theme ao vivo,32557,Music
"Danny's Song"   Loggins and Messina,11667891,Music
Kesha - Cannibal,6546879,People & Blogs
Jakewolf I Like Blondes,429391,Music
Jack Donaghy (30 Rock): God are you punishing me because my hair is better than yours?,44000,Comedy
Lana Del Rey - Blue Jeans (Official Music Video),285144764,Music
Idina Menzel - Let It Go (from Frozen) (Official Video),176336608,Music
Party Survival Guide for Introverts,1434497,Education
Colbie Caillat - Brighter Than The Sun (Official Video),24152379,Music
Don Jon With Scarlett Johansson and Joseph Gordon-Levitt,1857,Film & Animation
Katatonia - Unfurl,420992,Music
Judas Iscariot - Journey Through Visions Of War,81088,Music
At the Gates - Primal Breath,8136,People & Blogs
John Maus - Believer (Official Video),1245273,Music
Times of Grace  -  Fall From Grace,315005,Music
Herman Cain on Libya,1163922,News & Politics
The Roots - The Fire (Feat. John Legend),2739922,Music
People Ain't No Good,366827,Music
Nirvana-I hate Myself and Want To Die Lyrics,3675235,Music
reservoir dogs (stuck in the middle with you),1956625,Music
Something For Kate - Ashes to Ashes - Live @ The Chapel - David Bowie Cover,43585,Music
Vaccination Scar - In Between Evolution - The Tragically Hip,91345,Music
Art,912756,Music
The Simpsons - Ralph For President,2288166,People & Blogs
Bernadette Conant Performing @ Empresso Coffeehouse,129,Entertainment
Blank & Jones - Desire (Official Video),1756222,Music
請假裝你會捨不得我   蔡琴,55153,Music
Bathory - Ring of Gold (with lyrics) [HQ],23154,Music
Dragonland - In Perfect Harmony,63631,Music
Phantogram - Futuristic Casket,186336,Science & Technology
The Killers - Jenny Was A Friend Of Mine - Album Version + Lyrics,2551203,Music
The Weeknd - The Birds (Part 2),9379795,Music
The Mamas & The Papas - Monday Monday,37325563,Music
Ulver - February MMX,56773,Music
Deliver Me From Mine Enemies pt1 - Diamanda Galás,37128,Music
Strapping Young Lad - All Hail The New Flesh,51766,Music
Einstürzende Neubauten - Nagorny Karabach (Official Video),1557129,Music
Erik Satie - Gnossiennes No.1,1062542,Music
Fields of the Nephilim - Sumerland,205071,Music
Odin Eating Like a Person,2612190,People & Blogs
My Chemical Romance - I'm Not Okay (I Promise) [Official Video - Version 1],5825914,Music
Meet the Pyro,39134567,Gaming
Drunk Guy In Store,1561835,Comedy
Philip GLASS: Opening (Glassworks) [Fender Rhodes sound],73104,Music
SDCC 2010: Cutest kid at the Green Lantern Panel!!!!! aww♥♥,179893,Travel & Events
The Light Before We Land,362179,Music
getting inside ( second try ),485576,Entertainment
Birdy - Shelter [Official Music Video],38461460,Music
Iron & Wine - Each Coming Night,1522866,Music
Midnight Hour - Queen Annie (Live Acoustic),3397,Music
Ed Sheeran - The A Team - Official Acoustic Music Video - Madilyn Bailey & Jake Coco,2595065,Music
Midnight Hour - Aftermath (Live in Studio),3741,Music
Midnight Hour - The Aftermath (Live Acoustic),8545,Music
Garrett Hedlund ~ Timing Is Everything (with lyrics),835217,Music
Introvert iNtuition vs Extrovert iNtuition (Ni vs Ne),112124,Education
Metroid Fusion - Original Soundtrack - 29. Sector 4 (AQA) Underwater Area,4830,Music
Saine - A Little Something,1141,Music
VJ Bolverk - Bad Sector - Mutua Mutazione AMBIENT,7122,Film & Animation
Getting Better / Tesla + Lyrics,283153,Music
Rock n Roll Led Zeppelin Lyrics,1591732,Music
Saine - A Little Something,1141,Music
Buckethead - Look Up There (Look Up There) -full-,345656,Music
Nine Inch Nails - Demon Seed (no. 10/The Slip),142089,Music
VJ Bolverk - Bad Sector - Mutua Mutazione AMBIENT,7122,Film & Animation
AALIYAH MTV STRIPPED PART 1 !!! FULL INTERVIEW,35209,Music
Light My Fire - The Doors In Concert,50745,Music
Nico- These Days,8097355,Music
Split brain behavioral experiments,1668326,People & Blogs
Flight of the Conchords-Robots,1545155,Entertainment
Broken Heart - Spiritualized,200541,Music
The Only Living Boy in New York Acoustic Cover,224,Music
Clancy Brothers - Beer beer beer,736293,Music
The Wallflowers - One Headlight (Official Video),133255422,Music
Smiling Ear to Ear,70,Music
The New Girl | MPGiS S1 | Episode 1,10604529,Film & Animation
PILLOW FIGHT!!!!!,2936416,Gaming
Peter Pan - 02 - Flying,2557959,Music
Wild Wild West - The Escape Club,517961,Music
Rodrigo y Gabriela: NPR Music Tiny Desk Concert,2180199,Music
Wilco: NPR Music Tiny Desk Concert,2186093,Music
Leonard Cohen - Dance Me to the End Of Love,18253685,Music
Laura Marling: NPR Music Tiny Desk Concert,659363,Music
Alice In Chains - Love Hate Love,8802810,Music
Temple of the Dog - Call Me A Dog w/ Lyrics,1390836,People & Blogs
9 Life Lessons - Tim Minchin UWA Address,4160614,Education
River Phoenix interview 1991,408412,Entertainment
Last interview with Heath Ledger.,4209652,Entertainment
Redline Trailer,611135,Film & Animation
Atmosphere - Yesterday (With Lyrics),8626217,Music
Nujabes/Shing02 - Luv (Sic) Parts 1-5,1618065,Music
Cowboy Bebop in "Goodnight Julia" (full version),309332,Film & Animation
Cowboy Bebop- Spokey Dokey (alternate take),39444,Film & Animation
I've got a lovely bunch of coconuts (Merv Griffin),2442205,Music
Paper Tongues   Soul,18333,People & Blogs
Raining in Baltimore,144958,Music
Raising The Fawn,6155,Music
Zac Brown Band - Colder Weather (Official Music Video) | You Get What You Give,67327197,Film & Animation
Dean Brody - Up on the moon,59963,Music
Fast Car - Tracy Chapman (Boyce Avenue feat. Kina Grannis acoustic cover) on Spotify & Apple,72469819,Music
Matchbox Twenty - Long Day (Official Video),7476681,Music
Joe Nichols The Shape Im In,576767,Music
Strawberry Switchblade -- Since Yesterday,2792951,Music
David Gray - Say hello wave goodbye,1494386,Music
The Maccabees - First Love,3230981,Music
waltz #2,608434,Music
The Antlers - Wake,840100,Music
Nobody Knows Me at All - The Weepies,475796,Music
La Dispute - Such Small Hands,637944,Music
Miley Cyrus - We Can't Stop PARODY!! Key of Awesome #74,62279318,Comedy
Lana Del Rey vs Cedric Gervais 'Summertime Sadness' Remix,145189435,Entertainment
Introvert vs. Extrovert Conversation,192447,Film & Animation
Oh Land - "Sun Of A Gun" (LIVE!!!),302410,Music
Lights - Heavy Rope (Acoustic),16858,Music
Chevelle- Piñata (Hats Off to the Bull),434854,Music
Alpines - Cocoon,960903,Music
Natasha Bedingfield - Unwritten (US Version) (Official Video),91536233,Music
Rona Nishliu - Suus (Albania) Eurovision Song Contest Official Preview Video,2148892,Entertainment
Gareth Emery feat. Christina Novelli - Concrete Angel [Official Music Video],49383196,Music
Stay Awake Julia Nunes,487057,Music
In Your Arms - Kina Grannis (Official Music Video) Stop Motion Animation,13948329,Music
Sarah McLachlan - World On Fire (Video),2836639,Music
The Naked And Famous - Hearts Like Ours,7549470,Music
Noah And The Whale - Lifetime,288327,Music
Chvrches - "Recover",565263,Music
500 days of Summer - Sweet Disposition,2273165,Film & Animation
I'm making a birdhouse,3842,Education
The Naked And Famous - Young Blood,29396421,Music
Icona Pop - Nights Like This,1942122,Music
Noah And The Whale - I Have Nothing (Official Video),75316,Music
New Found Glory - "Don't Let Her Pull You Down",1396352,Music
All Time Low - Weightless (Official Music Video),26298036,Music
My Chemical Romance - "Welcome to the Black Parade",59961602,Music
New Found Glory - My Friends Over You (Official Video),29558641,Music
The One That Got Away- Hey Monday,89749,Music
Hey Monday - Candles,5527610,Music
Boys Like Girls - Thunder (Official Video),28755242,Music
New Found Glory- Crazy For You,496170,Music
Avril Lavigne - What The Hell (Official Music Video),340971263,Music
A Rocket To The Moon: Like We Used To [OFFICIAL VIDEO],16744028,Music
A Rocket To The Moon: Like We Used To [OFFICIAL VIDEO],16744028,Music
Alex's INTJ Narcissism Theory,26982,Education
BOY - Little Numbers (Official Video),21296508,Entertainment
Peter Tosh - I Am That I Am - Complete Album - Rare acoustic compilation,576399,Music
Pros and Cons of Taking Steroids,6207749,Comedy
M4 Part I - Faunts,342873,Music
Taxi Ride,120739,Autos & Vehicles
Explosions in the Sky - Your Hand in Mine,4913856,Music
God Is an Astronaut - A Deafening Distance,204584,Music
Eminem - Go To Sleep (UNCENSORED),22449428,Music
Digital Daggers - Still Here,13793322,Music
Sweet Pea - Amos Lee | (Clara C Live Hawaii Cover),101420,Music
Tegan and Sara - I Was A Fool [OFFICIAL LYRIC VIDEO],1274836,Music
Bach - WTC II (Nikolai Demidenko) - Prelude & Fugue No. 12 in F Minor BWV 881,63186,Music
Sirenes. Claude Debussy,1377340,Science & Technology
The Lord of the Rings: The Return of the King Soundtrack - 19 Into the West,272135,Music
Lord of The Rings - May it be,8716985,Music
Day[9]'s Musings - Emotions as Kittens and Ninja Stars,122892,Gaming
Change For A Dollar,2702812,Nonprofits & Activism
Sun Lux - Flickers,289837,People & Blogs
Jesus Christ - Brand New,7483339,Music
Diana Boncheva feat. BanYa - Beethoven Virus Full Version,14115307,Music
Rusko - Woo Boost [Music Video],9882789,Music
MC Frontalot - It Is Pitch Dark [720p HD official video w/ lyrics],127359,Music
MC Lars - iGeneration [Official Music Video],400898,Music
MC Lars - Download This Song [Official Music Video],2055853,Music
f5.3gp,99,Music
Jonathan Richman "That Summer Feeling",405810,People & Blogs
Krystian Zimerman plays Beethoven Sonata No. 8 in C minor Op. 13 (Pathétique) (Complete),1437318,Music
Explosions in the Sky - First Breath After Coma,456654,Music
[Ránki Dezső] Beethoven: Pathetique Sonata Op.13,1405116,Music
Regina Spektor - The Noise,96115,Music
The Origin of the Human Mind: Brain Imaging and Evolution,112043,Education
Pat Monahan - Great Escape,80689,Music
Julianne Hough - That Song In My Head,9929458,Music
Taylor Swift - Mine,301218853,Music
If It Kills Me - Jason Mraz,1909312,Music
Dierks Bentley - Soon As You Can,423831,Music
We The Kings - Skyway Avenue,6891393,Music
Calling All Dawns - Movement of Night,31647,Music
Death of Aase from Peer Gynt,675681,Music
Vennaskond -  Insener Garini hüperboloid +extra,76562,Music
Social Distortion - Story of My Life,28921787,Music
John Mayer - Friends Lovers Or Nothing,2995418,Music
'Atlas Hands' Official Video (HD) - Benjamin Francis Leftwich,6283410,Music
Lady GaGa - You and I Lyrics,4902260,People & Blogs
SWANS - God damn the Sun [1989],199940,Music
The Drones - Jezebel,309542,Music
Mazzy Star - Look On Down From The Bridge,9160708,Music
Mono - Halcyon (Beautiful Days) : Holy Ground,51033,Music
Hanatarash - Cock Victory,34959,Music
You Are The Moon - The Hush Sound (lyrics),2189740,Music
All we see & seem is but a dream within a dream,995447,Nonprofits & Activism
Jason Van Wyk & Audien - Someday,181811,Music
Ben Stewart | Ayahuasca,18965,Education
Michael Talbot - Part 1 Complete- Synchronicity and the Holographic Universe - Thinking Allowed,486927,Science & Technology
All we see & seem is but a dream within a dream,995447,Nonprofits & Activism
what is reality....? (open your eyes),12151,Science & Technology
THE AGONIST - Thank You Pain (OFFICIAL VIDEO),17399920,Music
"Ron Paul" — A BLR Soundbite,4820332,Comedy
Axis of Awesome - 4 Four Chord Song (with song titles),63233507,Comedy
Return Of The She-King - Dead Can Dance,73704,Music
Autechre - 444,623420,Music
MYSTIC FORCE  PSYCHIC HARMONY (ORIGINAL)  DISCO STORIA,70466,Music
Muse- Stockholm Syndrome,4280508,Music
Muse - Hysteria,7302335,Music
Influx - Emotions - Rising High Records Classic,13497,Music
Stripped - RAMMSTEIN,31909,Music
Virtual Symmetry-V.S.,35401,Music
Wolfsheim   Lovesong Club Mix,28378,People & Blogs
Planet E Team - Gooroo - VooDoo Records - 1995,67226,Music
The Wild Angels (1966) - Loaded,538280,Music
Aphex Twin - Heliosphan,27210,Music
Dead By Sunrise Too Late Lyrics in Description,454916,Music
State Radio - Indian Moon,28469,Music
Crooked Still - Half Of What We Know,362195,Music
Brotherman - Hoody With A Heart,15380,Music
Cold Cold Heart at Donk's Theater,126,People & Blogs
I Fall to Pieces at Donk's Theater,326,Music
Cassius - I Love U So (Official Video),3894845,People & Blogs
Mondkopf - Ave Maria (live edit),713194,Music
deep peace choral,102439,Music
deep peace choral,102439,Music
K-1 WORLD MAX 2010 長島☆自演乙☆雄一郎 東方コスプレ入場,403267,Sports
So Solid Crew - 21 seconds,3298547,Music
TABLO (타블로) - 나쁘다 (BAD) ft. JINSIL [Official MV],5899765,Music
Gil Scott-Heron and Jamie xx - I'll Take Care Of U,4776593,Music
BrownEyedGirls(브라운아이드걸스) _ Cleansing Cream(클렌징크림) MV,2939635,Music
This Mortal Coil - another day,77058,Music
massive attack vs burial 'four walls',480324,Music
MARINA AND THE DIAMONDS - Starring Role [Demo],1413241,Entertainment
Super Cool Korean Ice Cream Commercial CF,1098754,Entertainment
TABLO (타블로) - TOMORROW ft. TAEYANG of BIGBANG [Official MV],17374332,Music
MARINA AND THE DIAMONDS - RADIOACTIVE [Official Music Video] | ♡ ELECTRA HEART PART 2/11 ♡,13701666,Music
Massive Attack vs Burial - Paradise Circus,1698292,Music
Oh Well Okay,125302,Music
Tom Waits - Tom Traubert's Blues (Four Sheets to the Wind in Copenhagen),3086627,Music
Velvet Waltz-Built to Spill,8137,Music
Elliott Smith - Stick Man,336390,Music
The Black Heart Rebellion - Into The Land Of Another,33790,Music
Stereophonics - Pick A Part That's New,525733,Music
Au4 - [2013] Forever Dancing Under a Fallen Sky,2718,Music
Passenger | The Wrong Direction (Official Video),28894418,Music
South Pacific - Wonderful Guy (sung by Mitzi Gaynor),65409,Music
Matchbox Twenty - The Difference,415683,Music
Owl City - Fireflies (Official Video),379376655,Music
The Black Eyed Peas - Just Can't Get Enough (Official Music Video),256298509,Music
Arcade Fire - The Suburbs (Official Video),32448318,Music
Porcupine Tree - Arriving Somewhere But Not Here (Live),4793262,Music
Katatonia - Dispossession live "Last Fair Day Gone Night",92106,Music
Katatonia - Teargas live "Last Fair Day Gone Night",89942,Music
Billy Joel - And So It Goes (Official Video),7226057,Music
Joni Mitchell - Both Sides Now 2000 lives,6719877,Music
The Fray - Be Still (Lyrics),4349709,Music
Myslovitz - I'd like to die of love,90407,Film & Animation
Birdy - Skinny Love [Official Music Video],189668380,Music
Final Fantasy V Piano Collection - My Home Sweet Home,46372,Music
MGS Peace Walker - Heavens Divide - HD+Lyrics,1143068,Gaming
Brandon Flowers - Crossfire (Official Music Video),27399275,Music
05 - The Resistance - Josh Garrels - Love & War & The Sea In Between,98660,Music
03 - Farther Along - Josh Garrells -  Love & War & The Sea In Between,233927,Music
Ratatat -Nostrand,1565240,Music
Muse - Undisclosed Desires,96318305,Music
Fleet Foxes - White Winter Hymnal [OFFICIAL VIDEO],21753940,Music
Lhasa de Sela - fool´s  gold.,84043,Music
Evanescence-Imaginary (with lyrics),4405025,Music
Fall Out Boy - I'm Like A Lawyer With The Way I'm Always Trying To Get You Off (Me & You),8218661,Music
Anima christi - Philippine Madrigal Singers [HQ],832212,Music
Gakuen Alice Ending,7085,Film & Animation
Simon & Garfunkel Sound Of Silence Legendado,7010634,Music
Pet Shop Boys -  The Way It Used To Be,1372270,Music
Pet Shop Boys -  Vulnerable,194008,Music
Big Bad Voodoo Daddy - Jumpin' Jack,4370823,Music
Ferry Corsten feat. Betsie Larkin - Made Of Love (Official Video),1059174,Music
Minnie The Moocher - Big Bad Voodoo Daddy,1543305,Music
"Follow Your Bliss "- Psychic Babble,19916,Music
Pet Shop Boys -  Vulnerable,194008,Music
Michael Buble - You Don't Know Me and That's All (Live 2005) HD,17159893,Music
Big Bad Voodoo Daddy - The Cruel Spell Of Love,23813,Music
Frank Sinatra- I've got you under my skin,35001799,Entertainment
Kaskade Don't Wait,6432,Music
wilco how to fight the loneliness,694425,Film & Animation
Beck - Everybody's gotta learn sometimes,2029710,Music
Kaskade - 4am (OFFICIAL HQ VIDEO),2334869,Music
Utopia-Tetsugakusha,77,Music
Senpai 「The OST」- Plastic Dolls (ft. Vessel & Dagger),9796,Music
Senpai - 「Until We Reach The End」,21027,Music
Ozric Tentacles - Sploosh!,141867,Music
The Adults - Nothing To Lose,130993,Music
The Count Censored,20692431,Comedy
Broadcast and The Focus Group - #1 : Witch Cults,323925,Music
The Vines - 1969,133334,Music
Soft machine - Out of Season,66263,Music
Republica - Ready to Go (Official Video),17535462,Music
The great porn experiment | Gary Wilson | TEDxGlasgow,13707421,Education
The great porn experiment | Gary Wilson | TEDxGlasgow,13707421,Education
Twyla Tharp on Choreographing For "The Populace",6844,Entertainment
Conversations with Norma Kamali - Twyla Tharp - Choreographer Author & Dancer,32455,Entertainment
Lana Del Rey at BBC Radio 1's Hackney Weekend Part 4/4,29459,Music
Darth Vader vs Hitler. Epic Rap Battles of History,103845486,Entertainment
Foo Fighters. Walk.,100461685,Music
Little Dragon - Precious,53827,Music
Little Dragon - Shuffle A Dream,44794,Music
Rage against the machine Roll Right,928293,Music
Little Dragon - Come Home (From their album "Machine Dreams"),91031,Music
Austra - Lose It (Official Video),4065274,Music
Little Dragon - fortune,973139,Film & Animation
CARIBOU - Odessa,4715244,Music
Penguin Prison - Golden Train (Radio Edit),185824,Music
of Montreal - Wraith Pinned to the Mist [OFFICIAL MUSIC VIDEO],3267122,Music
M83 'Midnight City' Official video,313906378,Music
Turn Off This Song and Go Outside,232282,Music
Toro Y Moi "New Beat",2693405,Music
The Drums - Money,20297305,Music
Penguin Prison 'The Worse It Gets',41589,Music
Toro Y Moi "Still Sound",4192294,Music
Tuesday Afternoon by The Moody Blues,2213681,Education
Francesco De Gregori - niente da capire - 01 - album omonimo detto "La Pecora" (1974),29905,Music
the chocolate watchband - "don't let the sun catch you crying",6555,People & Blogs
f(x) 에프엑스 'Electric Shock' MV,131159637,Music
Czars   Paint the moon,138771,People & Blogs
Bach - Brandenburg Concertos No.3 - i: Allegro Moderato,5738591,Music
PUT THE RIFLE DOWN - MY INDUSTRIAL PARK,2121,Music
Kid A - Radiohead (perfect audio),836944,Music
The Futureheads - Hounds Of Love,2521602,Music
Terrorvision - Perseverance,237467,Music
Terrorvision - Perseverance,237467,Music
Queen of Pain - Alkaline Trio,204409,Music
Going To Pasalaqua - Green Day,677528,Music
Skrillex - Coast Is Clear with Chance The Rapper and the Social Experiment [AUDIO],5997250,Music
The Reign of Kindo - Hold Out,394296,Music
Black Astronaut "Dead Poets and Prose" Kelly Slater Surf,1615,Music
Black Astronaut "Dead Poets and Prose" Kelly Slater Surf,1615,Music
Andrew Jackson Jihad - "God Made",11076,People & Blogs
Ramshackle Glory - No Shelter OFFICIAL VIDEO!,68915,Music
Andrew Jackson Jihad - We Shall All Die Alone Someday / Forest Fire,58534,Music
Foot Ox - About The Ocean,4940,Music
Foot Ox - Angel Eyes & Basketball,131492,Music
Foot Ox - Angel Eyes & Basketball,131492,Music
Ramshackle Glory - First Song,22840,Music
Ramshackle Glory - 5 - Never Coming Home (Song For The Guilty),329423,Music
Ramshackle Glory - 3 - We Are All Compost in Training [ALBUM VERSION],230319,Music
Eve 2012  Barry McGuire,99992,Music
THE HORRORS ~ Scarlet Fields,122216,Music
Bonobo - Recurring,3423896,Music
Compass (Red Dead On Arrival Version) - Red Dead Redemption Soundtrack,3371557,Music
Small Can Be Big by Ice 9,3199,Music
CCR-Have You Ever Seen The Rain? Lyrics,26290721,Music
Gorillaz-El Manana,5998423,Music
Sun Kil moon Heron Blue,1979185,Music
Zero 7 - In The Waiting Line,11530,Music
The Passing of the Blue Crown ~ Mega Man 3 (OC Remix),151798,Music
The Qemists - Stompbox,1150484,Music
The Qemists -  Perfect High,219522,Music
Spawn of Possession - Bodiless Sleeper,120579,Music
Xavier Rudd Fortune Teller,1513941,Music
The Wreckers - Leave The Pieces (With Lyrics),4027505,Music
Alan Watts - How We Define Ourselves,272997,Education
Flight Facilities - Crave You (Adventure Club Dubstep Remix),97978702,Entertainment
Katy Perry - Wide Awake (Official Video),944446827,Music
Soul Reaver - Opening - Intro,55635,Entertainment
Jessie J - Price Tag ft. B.o.B,724017079,Music
Togun - Price Tag Rock/Pop/Punk Cover,204377,Music
Nick Vujicic No Arms No Legs No Worries! Part 1,3105908,People & Blogs
Memory Loss,3629246,Comedy
John Williams - Cavatina (Live 1979),3292652,Entertainment
MARINA | ♡ "TEEN IDLE" ♡,13028529,Music
Kimya Dawson - So Nice So Smart,1662160,Music
Where the Wild Things Are: Wild Rumpus,87026,Film & Animation
Goo Goo Dolls - Iris [Official Music Video],257416183,Music
Donkey Kong 64 - Jungle Melody,118016,Music
Spyro the Dragon music: Opening Theme,144633,Music
Deadpool: A Typical Tuesday,2245892,Film & Animation
Two Worlds - Phil Collins Lyrics [HQ],2664826,Music
The end of the rainbow - Richard and Linda Thompson,96180,Music
Katie Holmes Interview | Screen Test | The New York Times,373086,Entertainment
A Message To Humanity!,7278128,Education
Nickelback - How You Remind Me,484404209,Music
Lovely Owl,17713232,Pets & Animals
Silversun Pickups - Well Thought Out Twinkles (video),1893877,Music
Moss Introduces Jen To The Internet | The IT Crowd Series 3 Episode 4: The Internet,3516386,Comedy
Adele - Rolling in the Deep (Official Music Video),1754712196,Music
Daredevils - The Human Bird (Jeb Corliss) Part Two,3198444,Entertainment
Sade - War of the Hearts,2463924,Music
Mood II Swing -Do It Your Way,49815,Music
Traject - She Said (Einoma remix),2874,Music
Speedy J - Beam Me Up,8025,Music
Deadbeat - Rise Again,31039,People & Blogs
Paolo Nutini - Pencil Full Of Lead - Official video,10392044,Music
Jason Collett - Reunion (Stars Cover),2820,Music
Ben Folds Five "DO IT ANYWAY" f. Fraggle Rock [Official Video],2128830,Music
Ben Folds Five - One Angry Dwarf and 200 Solemn Faces,1013963,Music
Up On The Roof The Drifters  1962,1238606,Music
Give A Little Love - Noah And The Whale,1365809,Film & Animation
Surfer Blood "Fast Jabroni" - AllSaints Basement Sessions,17774,Music
Agony (reprise),14020,Film & Animation
Save the Album: John Darnielle (Mountain Goats),41545,Music
Rick Astley - Never Gonna Give You Up (Video),815023833,Music
Beck - Hell Yes,2797596,Music
Relient K Getting into you Lyrics,59984,Music
Of Monsters And Men - Little Talks (Official Video),296386243,Music
I Blame Coco - Self Machine (High Quality),1154073,Music
I'll Be by Newsboys,38613,Music
F**k Everything (Jon Lajoie),16519460,Comedy
Sex Pistols Video Collection 03 No Feelings,220291,Education
The Lord Of The Rings/Nightwish,1181909,Entertainment
Away From Me - Evanescence- Origin,2117906,Music
Captain Alberto Bertorelli from Allo' Allo' !.avi,37781,People & Blogs
Star Wars - Imperial march,14391737,Entertainment
SHOWTIME The Tudors- Natalie Dormer - Behind the Scenes,614209,Entertainment
Sonata Arctica - No Dream Can Heal A Broken Heart (lyrics),177130,Music
Nightwish - Come Cover Me (Live),839233,Music
thunder mug,3173,Entertainment
The Irish Rover,3902186,Music
John Frusciante - Song To The Siren,493011,Music
Muse: Exogenesis Symphony Part III - HD -  Redemption  (video oficial),2517705,Music
SUICIDE SILENCE - You Only Live Once (OFFICIAL VIDEO),96327410,Music
Lights Out Asia - Radars Over the Ghosts of Chernobyl,23813,Music
Ólafur Arnalds - 3055 Official Music Video,2737111,Music
Andy McKee - Into the Ocean - www.candyrat.com,11203144,Music
If These Trees Could Talk - What's In The Ground Belongs To You,91479,Music
Adele - I Just Wanna Make Love To You - Jools' Hootenanny 2008 - HIGH DEFINITION,1542917,Music
Christie Moore - The well below the Valley (snippet),25882,Music
Somebody To Love/White Rabbit Jefferson Airplane,5980357,Entertainment
Amy Winehouse - Amy Amy Amy,8295801,Music
Alexx Calise- Cry [With Lyrics],3149543,Music
People,114369,People & Blogs
The Way Of Life - Dead Prez,861097,Sports
Tom Campbell: Who Are We In This Reality? 2/2,22660,Education
Fliptrix - Land Of The Lost (AUDIO),125933,Music
I Want to know what love is - Foreigner,194151458,Music
LAKEEREIN.PENAZ,11870,Entertainment
Aashna - Cham Cham Payal,13365,Entertainment
Fly Like An Eagle Steve Miller Band,2719568,Music
The Pretty Reckless - Nothing left to lose (lyrics),2789993,Music
Oh Laura - Release Me  ( with Lyrics ),244183,Music
Sara Bareilles - Uncharted { Lyrics },327784,Music
Heather Nova - Gloomy Sunday with lyrics,67799,Music
Beyoncé - 1+1 (Video),107279709,Music
Emmelie de Forest - Only Teardrops - official video (Denmark - Eurovision 2013),3526052,Entertainment
Mandy Moore - Only Hope (A Walk To Remember) no goofy intro,1529790,Entertainment
Elisa - One Step Away,365282,Music
Elisa | Eppure sentire (un senso di te) | Original Version | OFFICIAL CLIP,270369,Music
Ashlee Simpson - Outta My Head (Ay Ya Ya),14872372,Music
Kelly Osbourne - One Word,3429802,Music
Only an ocean away,238965,Music
I wish you were here (original) singing sideways lol,337,Music
Billy Paul. Me And Mrs Jones. Original Video,9471090,Music
Stateless - Miles To Go with lyrics,321406,Music
King Diamond- No Presents For Christmas,1792096,Music
Varg Vikernes about Christianity,317288,Education
Louis C.K. Hates Cell Phones,13935128,Comedy
Daughter - Human (Video),99649,Music
Radiohead - Creep,449111599,Music
Nirvana - Heart-Shaped Box,192707555,Music
"The Wolves (Act I & II)" by Bon Iver,639123,Music
Michael Jackson-Human Nature-Lyrics,3708876,Howto & Style
Evanescence - Good Enough,42463350,Music
Fleet Foxes- Montezuma,2578601,Music
Brett Dennen - Sydney I'll come Running (Full Studio Version),1245973,Music
Florence + The Machine - Addicted To Love,8573693,Music
Time by Pink Floyd (Flash Animation),1934906,Film & Animation
Steven Wilson - Salvaging,156501,Music
Metallica: The Unforgiven II (Official Music Video),49334356,Music
The Fratellis - We Need Medicine (Album Song),136960,Music
AIDS Burger,468483,Entertainment
Mitt Romney Style (Gangnam Style Parody),65037370,Comedy
Norah Jones - Something Is Calling You,137131,Music
Norah Jones - Something Is Calling You,137131,Music
3-Way (The Golden Rule) (feat. Justin Timberlake & Lady Gaga),99166785,Comedy
PSY - RIGHT NOW M/V,46953811,People & Blogs
Lady Judas (Lady Gaga + Judas Priest Mashup) by Wax Audio,3835620,Music
Brant Bjork - Somewhere Some Woman,349612,People & Blogs
Unknown Hinson You ain't caliin the law,271499,Music
Creation Seminar 1 - Kent Hovind - Age of the Earth (FULL),727616,Education
Creation Seminar 1 - Kent Hovind - Age of the Earth (FULL),727616,Education
dax riggs waking up insane,221757,Music
How To Sing Like Your Favorite Artists,51350648,Comedy
Alphaville - Jean-Luc Godard,917818,Film & Animation
Belle & Sebastian - The State I Am In (Videoclip),265276,Music
Advance Base - "Summer Music" (OFFICIAL VIDEO),83648,Music
The Walker Brothers - Young Man Cried,55174,Music
Joel Alme - I Remember,785,People & Blogs
Cat's Eyes - I Knew It Was Over (Performed Live at the Vatican),221907,Music
Seapony - "Emma's House" live @ the Waldorf featuring Rose Melberg,3539,Music
Seapony - Where We Go [OFFICIAL VIDEO],225901,Music
Jens Lekman - "Become Someone Else's" (Official Video),179016,Music
Momus - Lucky like St. Sebastian,45492,Music
Sparklehorse - Sad & Beautiful world,772706,Music
Miriam Stockley - Perfect day,111176,Music
beatrix potter intro,463491,Entertainment
Nordic Agapio - My little pony "Miss' ovat yksisarviset" (Where have the unicorns gone),496496,Film & Animation
Cities Of Foam - Picking Up Tin Cans,2627,Music
Bruce Springsteen Real World (CHRISTIC NIGHT 2! Bruce voice was the RAWEST and most EMOTIONAL EVER),59973,Music
Delilah - Go [RAK Session],4556626,Music
RAP NEWS | Big Brother is WWWatching You,698009,Comedy
RAP NEWS | The Economy,536666,News & Politics
MitiS - Born,6620986,Entertainment
Fracx - Serenity,517746,Entertainment
Fracx - In Your Memory,3686383,Entertainment
Enya - We are free now,18723259,Entertainment
Frank Vaulttackie - Rob Likes to Yell,31583,Comedy
Kiss Me Again by Jessica Lea Mayfield,553431,Music
Joshua James "Meet Me In The Middle",163142,Music
Joshua James - Green Grass,62577,Music
Henri 2 Paw de Deux,10889936,Film & Animation
Lifehouse - Mesmerized w/ lyrics,81622,Music
5. Orestes - A Perfect Circle,7505184,Music
The jezabels - Dark storm,1170061,Music
Prickles & Goo: Alan Watts Trey Parker Matt Stone South Park,182061,News & Politics
You're It - Alan Watts,3472394,Entertainment
Mesita - Out For Blood (Official Video),49304,Music
PJ Harvey - Who Will Love Me Now,1036847,Music
Final Fantasy VII - Main Theme [HQ],2411116,Music
Final Fantasy X-Suteki Da Ne,7166054,Entertainment
Bully (Canis Canem Edit) Music- Main Theme,58421,Music
Pierrot - Senka ♂「English Sub」,511316,Music
Slam Fukkireta - Quad City DJs vs. Lamaze-P,1052352,Music
２足立ち,7084377,Pets & Animals
Tucan E K J & I Whelans 1st June 2009,706,Music
Captains Planet and Pollution,378265,Entertainment
Jenn Grant - Getcha Good,130520,Music
The power of vulnerability | Brené Brown,14468353,Science & Technology
Above & Beyond Acoustic - "Sun & Moon" Live from Porchester Hall (Official),5691299,Music
Andy Duguid ft Jaren - Seven (Radio Edit),151072,Music
스윙스 (Swings) 'A Real Lady (Feat. Beenzino Gray & Zion.T)' M/V,2996720,Music
Nerdy Love Song with Added Kitten Bonus!,1631817,Comedy
Tokio Hotel - Don't Jump,5888818,Music
Rilo Kiley - A Better Son/Daughter,1696111,Music
Sweet Dreams Elizabeth Lee,3625,Music
Boyce Avenue - When The Lights Die (Lyric Video)(Original Song) on Spotify & Apple,704175,Music
Boyce Avenue - Find Me (Original Music Video) on Spotify &  Apple,10980365,Music
Old Spice | The Man Your Man Could Smell Like,58053026,People & Blogs
You are the Moon (The Hush Sound) Lyrics,22906,Music
Grand Finale - Forever Alone feat. Alex Theesfield (Official Lyric Video),690329,Music
Kevin MacLeod ~ At Rest,4241242,Music
Kingdom Hearts - Dearly Beloved 2011 (Sheet Music),335589,Music
Korn - Fear Is A Place To Live (Official Release),58778,Music
Down - Stone the Crow,9877247,Music
Stephen Colbert on The O'Reilly Factor,3907739,Comedy
Party Down - Little Buddy,29632,Entertainment
Blue Foundation - Bonfires,1397938,Music
Radiolab and NPR Present Words,1260646,Film & Animation
Kate Rusby - Bitter Boy,152021,Music
Concierto de Aranjuez,49820,Music
Alessandro Marcello Concerto in D minor (Presti-Lagoya),15956,Music
Raro.Eduardo Isaac interpreta la Suite Argentinade Eduardo Falú..wmv,15479,Music
The Plague and the Moonflower -- 1. Prologue,2628,Music
Castelnuovo-Tedesco Mario mvt1(begin) 2nd violin concerto,14680,Music
Aaron Copland: Symphony for Organ and Orchestra (1924),109658,Music
Flor Peeters (1903-1986) : Concerto pour orgue et orchestre (1944) 1/2 **MUST HEAR**,19887,Music
Franz Ferdinand - Stand on the horizon (Lyrics),97680,Music
Pink Floyd - Wish You Were Here,210812464,Music
Mad Season - River of Deceit,5725842,Music
The Smiths - This Charming Man,8597605,Music
Tool - Ænema (Lyrics and Meaning),11585125,Music
Ricky Gervais Laughs,215276,Comedy
Guess I'm Doing Fine,284953,Music
Johnny Cash - Folsom Prison Blues (Live),7648512,Music
Beck - everybody's gotta learn sometime,1853563,Gaming
Soundgarden - 4th of july,190143,Music
NICE GUYS,26723720,Music
Eels - Fresh Blood,1525143,Music
Fatlip - What's Up Fatlip? (High Quality),223955,Music
Deftones - Drive (Cars Cover),2872942,Music
Deftones - Feiticeira,1796664,Music
Deerhunter - Green Jacket,17356,Music
The Velvet Underground & Nico - Sunday Morning,280284,Music
Pink Floyd - Another Brick in the Wall - All Parts HQ Audio,2887566,People & Blogs
Hunting high and low  A-Ha  Lyrics,152329,Music
Edward Sharpe & The Magnetic Zeros - Home with Lyrics,12393886,Music
Clouseau - Leve België (Official Video),150473,Music
gene thomas - voor haar w/lyrics,2987317,Music
Piange il Telefono,6249935,People & Blogs
Emily and The Woods - Never Play,285846,Music
Flyleaf - Again Acoustic,874331,Music
Dogs Play Bluegrass,1345579,Comedy
wolf howl,12005281,Pets & Animals
VGM Hall Of Fame: Age of Empires III - Felonious Junk,556,Gaming
-Yakety Sax- Music,12046432,Music
Mirror's Edge [Music] - Kate (Puzzle),289367,Music
Mirror's Edge [Music] - The Shard (Puzzle),465502,Music
Legend of Mana OST (HD) - CD2 - Track 25 - Ruined Sparkling City,84838,Music
Cute and funny Kittens learn physics,1245287,Pets & Animals
Classic Sesame Street - Fat Cat Sat Hat,2961100,Entertainment
Mother Soundtrack: Pollyanna - I Believe In You (1080p),6297,Music
Mother Soundtrack: Pollyanna - I Believe In You (1080p),6297,Music
Strong Bad Email #119 - Animal,256358,Comedy
Synesthesia | Future Shorts,584300,Film & Animation
Miike Snow - Silvia (Robotberget Remix) Animation,1250164,Film & Animation
If money were no object.,66957,Education
UFO [ BETWEEN THE WALLS ] AUDIO-TRACK,21543,Music
Let My Love Open the Door Nightmare Before Christmas STYLE!!,19955,Film & Animation
Data Raps (Dan Bull Star Trek remix),918992,Music
Thornley - Beautiful,255890,Music
Jefferson Airplane - Somebody to love,27579577,Music
THE GRAVIATORS - Druid's Ritual,12426,Music
The Secret Garden Piano Theme Music,705559,Music
Aaron Lewis - Black  (Acoustic),1858457,Music
Kate & Leopold - Until...,62264,Entertainment
Nyan Cat [original],183838664,Comedy
Metronomy - The Bay (lyrics),1534158,Music
Urmas Alender - Kui mind enam ei ole,2430386,Music
Lena - Satellite (Germany),65234990,Entertainment
Ry Cuming - Always Remember Me,2853181,Music
J.R. Richards - Ghost of sorrow,148777,Music
J R Richards of Dishwalla - Until I Wake Up (Acoustic),158915,Music
HIM - When Love And Death Embrace - Live @ Overdrive,418404,Music
HIM - When Love And Death Embrace - Live @ Overdrive,418404,Music
J R Richards of Dishwalla - Until I Wake Up (Acoustic),158915,Music
Angels or Devils Dishwalla Acoustic,22722,Music
Arvo Part - "Spiegel im Spiegel',2944318,Music
Florence + The Machine - Shake It Out (AOL Sessions),310543,Music
Rogue Valley -The Wolves and the Ravens,236737,Music
The Tallest Man on Earth - Like The Wheel (Live on KEXP),118081,Music
The Shins "Sleeping Lessons" (OFFICIAL VIDEO),1692503,Music
Sweeney Todd - Green Finch and Linnet Bird - Full Song,1315892,Film & Animation
One-Two-Watch: Meet Lana Del Rey - Exclusive Interview,1616468,Music
Florence + The Machine - Never Let Me Go,65923193,Music
Lykke Li - Tonight - Live acoustic take,2450627,Music
Katie Costello - Cassette Tape,128649,Music
yael naim - lonely,1384270,Music
Joshua Radin 'I'd Rather Be With You' - new video,5736912,Music
Akira Ishikawa & Count Buffalo -  Pigmy  (1972),68420,Music
Sinéad O Connor - Sacrifice,1932376,Music
Smashing Pumpkins - Landslide,42532,Music
Vennaskond - Humonoid,13060,Music
Vennaskond - Mälestus Tuhmub,97282,Music
Godspeed You Black Emperor - Static,245675,Music
Motorhead-One More Fucking Time,72813,People & Blogs
Soundgarden - Blow Up The Outside World (Official Music Video),11221254,Music
Terry Reid - Brave Awakening [HQ],695420,Music
Richard Wagner - "Tristan und Isolde" Prelude,6465051,Music
Dream Theater - Illumination Theory (Audio),1046816,Music
Eternal Life - Jeff Buckley,654612,Music
Passenger - Bloodstains (Feat. Katie Noonan),304273,Music
The Secret Life of Walter Mitty Official Trailer #1 (2013) - Ben Stiller Movie HD,5051264,Entertainment
Van Morrison - Astral Weeks,4220184,Music
Kaki King - Can Anyone Who Has Heard This Music Really Be...,332412,Music
The Mamas & the Papas - California Dreamin',30766086,Music
Andrew Jackson Jihad - Personal Space Invader,99869,Music
Kiss From A Rose,1941672,Comedy
Stick Figure - Hawaii Song,6133429,Music
Talking Heads - This Must Be The Place (Naive Melody),3398144,Music
Little Dragon - Constant Surprises,2848225,Music
Brett Dennen - Ain't No Reason (Official Single Video),5038529,Music
Mother Mother - Love And Truth (with lyrics),157866,Music
Otis Redding - A Change Is Gonna Come,6605125,Music
Iron & Wine - Each Coming Night,1522868,Music
Otis Redding - That's How Strong My Love Is,4544290,Music
The Cure - A Letter to Elise (lyrics),229044,Music
Nikita & Alex | King and Lionheart (for Aga),3861,People & Blogs
4. Glee Cast - Bohemian Rhapsody,1723072,Music
Alice of Human Sacrifice with English Sub - 人柱アリス Re:A version - sm4492586,8993680,Music
Michael Jackson - Earth Song (Official Video),278865150,Music
Michael Jackson - Black Or White (Official Video - Shortened Version),351226825,Music
Restorations - New Old,20471,Music
Jane's Addiciton - Summertime Rolls,526298,Music
Michael Jackson - Heal The World (Official Video),174218551,Music
Pee Wee Herman Bike Incident,141187,Comedy
Pete Wylie [ The Day That Margaret Thatcher Dies! ],413299,Music
Reel Big Fish - Everyone Else is An Asshole,962257,Music
Single Ladies Gone Wrong,13102896,Comedy
Funny Insane Republican On Tape! (Phil Davison Goes Ballistic),255057,News & Politics
Meatloaf and Avid,120068,Comedy
Cat Power Interview ACL (2006),171032,Entertainment
Smells Like Bootylicious,393395,Music
Radiohead - Let Down,2262076,Music
The Jesus And Mary Chain - Head On (Official Music Video),4049434,Music
Cat Power - Maybe Not Video,19645,Music
Titus Andronicus - "No Future Part Three: Escape From No Future" (Official Video),289823,Music
Manic street preachers - So Dead (subtitulada al español),1544,Music
Titus Andronicus - Arms Against Atrophy,103578,Music
The Wedding Present - Make Me Smile (Come Up And See Me) (Steve Harley Cover),25768,Music
Dropkick Murphys - Worker's Song (with lyrics),7948772,Music
Therapy? - Screamager,1907911,Music
Cat Power-Maybe Not,2077729,Music
Titus Andronicus - "No Future Part Three: Escape From No Future" (Official Video),289823,Music
Beck - Where It's At (Official Video),16176670,Music
Brother to Brother | Check It Out! With Dr. Steve Brule | Adult Swim,1626477,Entertainment
Todd Rundgren - Hello Its Me,6788745,Music
Shot Dunn,43800,Comedy
Vocal Power Voice Lessons by Jim Gillette,523893,Music
Jon Becker sings the elusive D6 and E-flat6,227752,Music
Bill Murray Teaches Japanese,114531,Comedy
Vocal Power Voice Lessons by Jim Gillette,523893,Music
Shot Dunn,43800,Comedy
Patti Labelle Al Green Mavis Staples Little Richard - Apollo,565788,Music
Portlandia - The Mayor is Missing - featuring KPAM's Pat Boyle,88274,People & Blogs
Double Negative - Technically Disfigured.wmv,2705,People & Blogs
Jonathan Richman on french TV 1982,71955,Music
Low "In The Drugs",133299,People & Blogs
Cheap Trick - Taxman Mr. Thief,106212,Music
Liz Durrett - Stop The Projector,27912,Music
Sun City Girls - Space Prophet Dogon,10790,Music
Attack In Black - I'm Going To Forget,46546,Music
City of Music: Brute Heart perform "Eclipse",6223,Music
Jawbreaker - Accident Prone,304474,Music
Carry Me  Ohio - Sun Kil Moon,2016784,Music
Chet Baker / My Ideal,248334,Music
Shame - Smashing Pumpkins,140356,Music
Sting - Desert Rose original song,4771385,Music
Sufjan Stevens - Get real get right,177223,Music
Dan Michaelson - Breaking Falls (Official Audio) Lyrics ᴴᴰ,95698,Music
Interpol Obstacle 1 Lyrics,505906,Music
Ring of Fire Johnny Cash,41825642,Music
Radiohead -  Subterranean Homesick Alien,966492,Music
Jimmy Eat World - The Middle (Official Music Video),71359141,Music
The Shoes - TIME TO DANCE (official video),2540107,Music
Tame Impala - Solitude is Bliss,6643522,Music
SNOW Legal with lyrics,30758,Music
Night Wish-Sleeping Sun,224981,Music
The Smashing Pumpkins MUZZLE,27023,Music
I Adore You,150077,Music
Bjork    All Neon Like   Homogenic,310352,Music
Mikhael Paskalev - I Spy (Official Video),2821122,Autos & Vehicles
Flight Facilities - Clair De Lune feat. Christine Hoberg,17068091,Music
Under the Milky Way Tonite,242963,Music
Death Cab For Cutie - Transatlanticism,328999,Music
Kings Of Convenience - Boat Behind,6663779,Music
Tame Impala-Why Won't They Talk To Me,22134,Music
Yo Te Quiero - wisin y yandel,74280842,Music
Kelly Rowland - I'm Still In Love With My Ex [LYRICS!!!],1578745,Music
Musiq - Halfcrazy (Official Video),46131124,Music
Conference of the Birds - *Shels,67016,Music
Skylar Grey - Invisible,18756239,Music
P!nk - Try (Official Music Video),449785045,Music
Phantom of the Opera - Lindsey Stirling,62446064,Music
Florence + The Machine - No Light No Light,40408626,Music
Her Morning Elegance / Oren Lavie,34788424,Music
The Big Bang Theory - The Friendship Algorithm,4820426,Comedy
The big bang theory - sheldon's girlfriend / la novia de sheldon,1292112,Comedy
Ellie Goulding 'Human",1355385,Entertainment
Without a Two Weeks Notice,7157,Music
an awful lot of running - chameleon circuit,70258,Music
Clean Bandit - Rather Be ft. Jess Glynne [Official Video],613305270,Music
Synthesia - Decisive Battle (Final Fantasy VI),175602,Music
City and Colour - "Northern Wind" (Live at WFUV),400179,Music
Radical Face 'Welcome Home',39060006,Music
Kiss From A Rose,1941672,Comedy
Portal: A Day in the Life of a Turret,1998017,Film & Animation
juzzie smith one man band,1915608,Music
Scissor Sisters - I Don't Feel Like Dancin',26235004,Music
Blu & Exile - Love Line(s)Dedicated To Last Fe'vrier,492565,Entertainment
Blu & Exile - "So(ul)Amazing",1638687,Music
Blu - My Sunshine (feat. Nia Andrews) [Official Video],687268,Music
A poem for FTL,448993,Gaming
02 The Tallest Man on Earth | The Gardener,1056269,People & Blogs
Destroyer - Suicide Demo for Kara Walker,341651,Music
Justin Bieber Gets HIT by Water Bottle!! (ORIGINAL) CHECK THE DATE!,9709842,Comedy
Veronica Rapela - Hasta Siempre,16737,Music
Set Fire to the Third Bar - Snow Patrol Lyrics!,3515561,Music
INFP Video Log: Noxus,808,People & Blogs
Drunk guy yelling at cops (funny),8106,Comedy
Whatcha talkin bout Willis,12004955,Comedy
Smokestack Lightning Howlin Wolf,6827285,Entertainment
Miami Zombie Attack Prank!,33123270,Comedy
Mr. Yuk Commercial,868881,Film & Animation
Secret Garden - Gates Of Dawn,15177,Music
Extreme Tree Huggers,466433,Comedy
Seattle Rain -  Louis Landon - solo piano,2894,Music
Homeschooling Documentary: A Day in the Life of Cheyenne,5992,People & Blogs
Why Do White People Have Black Spots?,230248,Film & Animation
Matthew Morrison - Summer Rain (Lyric Video),391493,People & Blogs
ATB - Love will find you (with Heather Nova),786025,Music
Come Wander With Me - Agua de Annique,316822,Music
Something Stupid - Frank Sinatra,27393754,Music
Hannah Fury - The winner takes it all,22491,Music
Gregory And The Hawk- I'm Your Puppet,700300,Music
Boats and Birds -- Gregory and the Hawk,1065389,Entertainment
Margot & The Nuclear So and So's - "Quiet As A Mouse",437147,Music
MGMT- Kids,42769569,Music
Dave Matthews Band-The Best of What's Around w/ lyrics,1389182,Music
Alaska by Sky Sailing *with lyrics*,29917,Music
Woodkid - Iron (Official Video),86274730,Music
Sweatshop Union - Thing About It,630635,Music
Xenosaga Episode 1 (Full Movie),283425,Film & Animation
A Capella Science - Bohemian Gravity!,3949135,Music
Why Your Family Hates You  (8 Steps to Coping with ScapeGoating/Mobbing/Narcissism/Projection)),684029,People & Blogs
Caravan of love -  Housemartins,642267,Music
Michael Jackson - Billie Jean (Official Video),879611152,Music
CARIBOU - Odessa,4715245,Music
volcano! - Africa Just Wants to Have Fun,193359,Music
waltz #2,608435,Music
Funeral Monologue from Synecdoche New York.,395052,Film & Animation
Life In A Glass House,302657,Music
I Might Be Wrong,230222,Music
Radiohead - How To Disappear Completely,2160364,Music
Single Frame - Post Daydream Forecast Endeavor,975,Music
Single Frame - People Are Germs (Monster Mash-Up Remix by Nick Zinner),13381,Music
Jessie J - Nobody's Perfect (Netsky Remix),29944219,Music
Above & Beyond pres. OceanLab "On A Good Day" Ashleigh Tritton's winning video,1206441,Music
Parker & Hanson - Afterthought (Heatbeat Remix),180113,Music
Neko Case - THIS TORNADO LOVES YOU,198658,Music
RSA ANIMATE: Crises of Capitalism,3148015,News & Politics
Cary Brothers - Belong,2595331,Music
KENNY LOGGINS-TOO EARLY FOR TE SUN (DEMASIADO TEMPRANO PARA EL SOL),113258,Music
Vertical Horizon - Finding Me (Guy/Robin "Robin Hood"),13087,Entertainment
Falling Through Time by 2002,67374,Music
Aria 2-Horizon,11961,Music
AMETHYSTIUM Odyssey.wmv,1326,Music
Oasis - Don't Go Away,4474604,Music
Adam Lambert - Whataya Want from Me,102590169,Music
earth wind and fire : after the love has gone,4616228,Music
Soul Eater Amv W.U.N,4059067,Film & Animation
Fireworks - Detroit (Video),163214,Music
Fireworks-Geography Vonnegut and Me,9618,Music
CHUNK ! NO CAPTAIN CHUNK ! - Sink Or Swim (S.O.S),122733,Music
Mike Dawes & Amy Turk - The Violet and the Bee,33468,Music
Django Reinhardt - Minor Swing - Official,1595114,Music
The National- Exile Vilify,5289553,Music
Chris Thile and Michael Daves: NPR Music Tiny Desk Concert,1072561,Music
radiohead - talk show host,4007781,Music
Bach - Concerto for Two Violins in D Minor BWV1043 - Mov 1/3,339399,Music
John Trudell_Earth the Living Entity,46608,News & Politics
Casimir Pulaski Day (Sufjan Stevens Cover),312577,Music
tUnE-yArDs - Gangsta (Official Video),1789501,Music
Nick Drake- Riverman,3560944,Music
Asaf Avidan & The Mojos - Your Anchor,1153503,Music
Fall At Your Feet. - Crowded House,2541930,Music
Lose Yourself | Eminem (Joel Ansett Cover),397897,Music
D'angelo - Feel Like Makin' Love,4396632,Music
Infected Mushroom - Never Mind [HQ Audio],1465299,Music
The Business of Things,1140,Entertainment
Jake Smith - Get Up (Live),2810,Music
David Bowie & Grace Jones - Dream to the Rhythm,322994,Music
Sade - No Ordinary Love - Official - 1992,110357739,Music
Shara Nelson I Fell ( so you could catch me ) 2 versions,2726,Music
05. Short Hair - Mulan OST,9145471,Film & Animation
Casper's Lullaby -  One Last Wish - Piano - Stereo.avi,493291,People & Blogs
Black Books,34260,Sports
Jeff Buckley - Mojo Pin,1735607,Music
Jeff Buckley - So Real,5316332,Music
James Blake - The Wilhelm Scream (Official Video),5413929,Music
tiger gets angry,84971,Pets & Animals
News Media And Truth,27078,Education
Liberals vs Conservatives,281391,Education
Global Warming,78911,Education
The War In Iraq,30609,Education
Moss Icon - Guatemala,41604,Music
Amebix-Beyond the Sun,50365,Music
Descendents - Bikeage,1773092,Music
Descendents - Bikeage,1773092,Music
Rudimentary Peni - Cosmetic Plague,19103,Music
Chaos UK - No Security,492668,Music
The Mob - No Doves Fly Here,137533,Music
Matt and Kim - "Yea Yeah" (OFFICIAL MUSIC VIDEO),3738243,Music
Lost Under Heaven - Lost Under Heaven,13486,Music
Portishead - It's a Fire,312831,Music
Scout Niblett - My Man,74136,People & Blogs
ENTRANCE "Grim Reaper Blues" Music Video,396199,Music
untitled,124,Music
Alice Coltrane - The Sun,149859,Music
Angel Olsen - Acrobat (Official Music Video),197801,Music
11 - John Frusciante - Song To Sing When I'm Lonely (Shadows Collide With People),951994,Music
My Bloody Valentine - Only Shallow (Official Music Video),2697590,Music
Swag Me Out - Odd Future Wolf Gang Kill Them All,2993116,Music
Tori Amos - Smells like teen spirit (Most seen Tori Amos' video on You Tube),5886962,Music
Tyler The Creator - Yonkers,128979713,Music
James - Laid (Version 2),6482567,Music
The Hooters - All You Zombies (Official Video),11923830,Music
Eric Burdon & The Animals Sky Pilot,1675867,News & Politics
Lee Michaels - Do You Know What I Mean Video,334437,Music
"Can We Still Be Friends" - Todd Rundgren Daryl Hall,5443587,Music
PRIME CIRCLE - Breathing (OFFICIAL MUSIC VIDEO),974597,Music
How To Be Alone,8442812,Film & Animation
Kanye West - POWER [FULL ORIGINAL HQ SONG],7591944,Music
Myst 4: Revelation Soundtrack - 21 Curtains (Performed by Peter Gabriel),54701,Music
La Roux - In for the Kill (Skream Remix) with lyrics,495841,People & Blogs
The Tallest Man on Earth - "The Dreamer" (Live at WFUV),505409,Music
KHalf Noise - Múm,189041,Music
Wooden Shjips - Flight,354344,Music
Germany Germany - Disconnect (official video),10987,Music
Sage Francis - Inherited Scars,743861,Music
Thom Yorke Interview,193980,Comedy
Wooden Shjips - Flight,354344,Music
People,114369,People & Blogs
Ventrilo Harassment - Blue Oyster Cult,855593,Comedy
Alone - Alice in chains & pearl jam,2373508,Music
A Day To Remember - The Plot to Bomb the Panhandle,9740022,Music
Dean Martin - Mambo Italiano,16727238,Music
311 - All Mixed Up,7745955,Music
Ultimate Dog Tease,203105753,Entertainment
Evanescence - My Immortal (Official Music Video),712572721,Music
BEETHOVEN.ODE TO JOY,14415607,Music
Mark Kozelek - You Ain't Got a Hold on Me,35854,Music
The Apples in stereo - Dance Floor,244037,Music
Warpaint - Undertow,3841300,Music
Make Love Not Porn - Cindy Gallop,51067,News & Politics
Fluttershy - My Little Pony - Friendship is Magic,379947,Film & Animation
MEET KATIE,5618693,Film & Animation
The Turntable Turnabout (Mystery Skulls - Money),32193141,Film & Animation
Piledriver | LPTV #74 | Linkin Park,420288,Music
Krewella - One Minute,7231357,Music
Chewbacca for President! Let the Wookie Win!,170086,People & Blogs
The Patron Saint of Youtube,278752,People & Blogs
John Green on Romance,155191,Comedy
Noisestorm - That Feeling (Electro) (Free Download),284676,Music
Demi Holborn I'd Like To Teach The World To Sing,124303,Music
The Smiths - There is a light that never goes out,17136641,Music
Arctic Monkeys - Cornerstone (live session - KEXP),909349,Music
Falconer - Vårvindar Friska,117660,Music
Falconer - Vi Sålde Våra Hemman,110783,Music
Enter the Haggis - No More Stones,32245,Music
To The Quick by Enter the Haggis,94875,Music
Omnia - Cornwall,91596,Music
Omnia - Xtatica,130442,Music
Omnia - The Wylde Hunt (with intro),1016395,Music
Omnia - Fairytale (Lyrics),271628,Music
Kuroshitsuji OST 1 ~ 02. Si deus me relinquit ♥,2296955,Music
FlyFF: Flaris Town Theme,69805,Music
Wolfmother - Phoenix,174552,Music
TRIGUN-Stories to Tell,205049,Music
MattRach - Exotic Rain (Hang Drum by Manu Delago),935473,Music
Stephen shmoozes about Anderson Cooper's dapperness,199611,Entertainment
BOB MARLEY - WILL BE FOREVER LOVING JAH,227123,Music
GI Joe - Pork Chop Sandwiches,6294228,Comedy
Crow - Ricky says "Caw",448349,Pets & Animals
Phantogram - Mouthful Of Diamonds,9530892,Music
Modest Mouse - Third Planet,3273884,Music
Fogell - I told her what time it was,137335,Comedy
WORLD ORDER　"MACHINE CIVILIZATION",14296216,Entertainment
The Dreadnoughts - Avalon,364614,Music
Twenty One Pilots Interview - Tyler (part 1),429937,Music
Twenty One Pilots Interview - Tyler (part 2),165758,Music
I felt a great disturbance in the Force...,456082,Entertainment
Murray Bookchin - (2/11) - Waterloo 1985,1162,Education
Blowing Up Parliament.wmv,17480,Education
Zombie Kid Likes Turtles,66734405,Entertainment
Arctic Monkeys - Brianstorm (Official Video),55021968,Music
Dj Boonie - Baby Boy,4756727,Music
The Silver Seas - What's the  Drawback,24940,Music
Lights Out - Rick Astley,1932497,Music
Blue,18,Film & Animation
Toy Story - Mrs. Nesbitt,3499973,Comedy
What not to do In Town,5045044,Comedy
How To Procrastinate LIKE A PRO,4554517,Comedy
The Meaning of Life,3522194,Comedy
Salad Fingers 1: Spoons,38117499,Film & Animation
Salad Fingers 2: Friends,22345450,Film & Animation
Stones Montreal 1965,106613,Music
Rolling Stones - Wild Horses,4361497,Music
Rolling Stones - Wild Horses,4361497,Music
Stop Procrastinating,3779247,Entertainment
Charliebot,3499190,Entertainment
My Crib,2167932,People & Blogs
B.o.B - Airplanes (feat. Hayley Williams of Paramore) [Official Video],562180574,Music
Helicopter - The feeling,107384,Music
OK Go - End Love - Official Video,15995523,Music
Nero - Reaching Out,5999759,Music
Did i ever tell you the definition of "Insanity"??,610652,Gaming
Evanescence-Imaginary (with lyrics),4405027,Music
Weezer - The Good Life,375577,Music
Being an INFP,596,People & Blogs
Corinne Bailey Rae - I'd Do It All Again (official video),1069508,Music
John Rzeznik - I'm Still Here (HQ) [Official],196327,Music
Broder Daniel - Army of Dreamers,14260,Music
Broder Daniel - No Time For Us (Akustisk),207941,Music
Broder Daniel - Shoreline,606071,Music
Kid CuDi Up Up And Away,9911216,Music
So Above So Below - Remembrance Of Things Past,41286,Music
School of Seven Bells - "Half Asleep",1190962,Music
velvet underground - venus in furs,9181894,Music
Pink Floyd - Welcome To The Machine (music video),99215,Music
The Cure - A Strange Day,10483882,Entertainment
Limahl - The Neverending Story,8438133,Music
Magic Dance (Labyrinth) David Bowie Jareth,1177507,Entertainment
Weezer - Island In The Sun (Official Music Video),24154581,Music
Shameful Metaphors by Chevelle,180246,Music
Runner Dustin O'Halloran,192836,Music
City in the Sky music (Extended),5893,Music
EWOKS Intro 1985-1987,77744,Entertainment
Pepper Ann Intro,533334,Entertainment
FREAKAZOID intro,1925536,Film & Animation
Taz-mania intro,1145449,Comedy
V.R. Troopers intro,938106,Entertainment
Mmm. More Spam!,63621,Entertainment
How To Sing Like Your Favorite Artists,51350673,Comedy
Gorillaz - DARE (Official Video),188204434,Music
Florence + The Machine - No Light No Light,1169618,Music
Swimming In Victoria Falls Devils Pool,2291463,Travel & Events
hedgehog in the fog,865053,Film & Animation
Pink Floyd - Fearless,3633956,Music
Jason Becker - Higher,251733,Music
Jason Becker - End of the Beginning,790854,Music
"Sanctus" from AMASS,5345,Music
MLK - U2,1187,Music
Zedd - Clarity ft. Foxes (Official Music Video),281967122,Music
SUCRÉ - When We Were Young,275894,Music
Killer - Mew,75548,People & Blogs
Mew - Wherever,142603,Music
Mew - Special (Lyrics),48788,Music
So Your Cat Wants A Massage?,4655630,Comedy
Strangers again,20437338,Entertainment
Lykke Li - Little Bit,13565005,Music
Magenta Skycode: The Simple Pleasures,67046,Entertainment
Stacey Kent - So Nice,4705623,Music
wilco - one wing,243985,Music
Joy Division Love will tear us apart - BBC Peel Session version,5788743,Music
Baby Laugh,391099,Comedy
Philip Glass - Morning Passages,1215942,Film & Animation
Morrissey - That's How People Grow Up,1666578,Music
Husky Rescue  - Sound of Love,578054,Music
Alanis Morissette being an INFJ (previously thought INFP),20360,Music
Kat DeLuna - Dancing Tonight ft. Fo Onassis,15303851,Music
Red Hot Chili Peppers - The Adventures Of Rain Dance Maggie [Audio],11757504,Music
Skindred - Cut Dem,328368,Music
John Frusciante - Ah Yom (The Empyrean),272916,Music
John Frusciante - Unreachable  (The Empyrean) New Song!,2103862,Music
Bedouin Soundclash - Brutal Hearts (feat. Coeur De Pirate),3008909,Music
Dead Giveaway!,34650123,Nonprofits & Activism
Prank Call GONE WRONG...But Gets Hilarious,14249453,Comedy
Moving Pictures - What About Me (1982),1898842,Music
Nadia Ali Starkillers & Alex Kenji - Pressure (Alesso Edit) (Official Music Video) [HD],11376436,Music
Explosions in the Sky - Remember Me as a Time of Day,2233240,Music
Depeche Mode B-sides - Dangerous,516624,Music
Amy Winehouse - You Know I'm No Good,268661445,Music
Disfunktion - Galette (Avicii - Hello Miami),16122530,Music
Myslovitz | Z twarzą Marilyn Monroe,5983540,Music
"Pretty"--Kidneythieves,210295,Music
Jason Derulo - Whatcha Say (Video),285781397,Music
Matthew Good - Last Parade,563247,Music
The Trooper - Charge of the Light Brigade,368719,Music
GINGERS DO HAVE SOULS!!,46482656,People & Blogs
Chicken Police?,7440285,Pets & Animals
[2009] JayFunky Finger Tutting for Monsieur Clay-Doh,2101438,Entertainment
Shadowbane - 2 man team terrorizes the SB map,3692,Gaming
"Weird" Al Yankovic - Amish Paradise (Official Parody of "Gangsta's Paradise"),90243882,Music
You're Worthy of My Praise - Jeremy Camp,984750,Music
Hallelujah,53656,Music
Symphony of Science - 'We Are All Connected' (ft. Sagan Feynman deGrasse Tyson & Bill Nye),8183914,Music
Frenzal Rhomb-You can't move into my house,132035,Music
You can do it montage.,2326771,Comedy
Seether - Broken ft. Amy Lee,251627176,Music
HIM - Killing Loneliness [OFFICIAL VIDEO],16233845,Music
Rage against the machine - Maria,1085141,Music
Kings Of Leon - Use Somebody (Official Video),254234959,Music
look right through me.wmv,20987,Music
Deftones-Change,48199829,Music
RATATAT - MANDY,157945,Music
Why? The Vowels Pt 2,960960,Music
Patty Griffin - Heavenly Day,23208,Music
Anohana - Secret Base ~Kimi ga Kureta Mono~ 10 Years After Version Lyrics,2360218,Film & Animation
Rusty Hearts OST - Heartbroken,66595,Gaming
bush rice hu kofi,865700,Entertainment
Historical 東方 Touhou Unplugged/Classic 40,55277,Music
The Head and the Heart - Lost in My Mind [OFFICIAL VIDEO],9353436,Music
Brainwashed by the Westboro Baptist Church (Part 1/2),3244277,News & Politics
Brainwashed by the Westboro Baptist Church (Part 2/2),1134650,Entertainment
Kurt Cobain Discusses His Moodiness Drug Use & More Pt1 of2,1082879,Music
Naked City - Victims Of Torture,125801,Music
Into the West,1489954,Music
Love Song - Third Day (New),828874,Music
Hans Zimmer - A Way of Life,17294118,Music
Owl City - In Christ Alone - WITH LYRICS!,2862415,Entertainment
Last Day of My Life Lyrics,224235,Music
nat king cole,2434821,Music
Highway 20 Ride | Zac Brown Band,23354608,Music
Amos Lee - Arms Of A Woman (Official Video),7395277,Music
The Bruce Lee Story Soundtrack - Bruce & Linda - Piano Cover,80219,Music
Van Morrison - Philosophers Stone,818524,Entertainment
Red House Painters - Have You Forgotten,199705,Music
Obadiah Parker - Hey Ya Cover,8511115,Music
Memoryhouse - Lately (Deuxième),1243,Music
Peter Gabriel   Paula Cole   don't give up live   123Video   Truveo Video Search2,83281,People & Blogs
the lightning seeds-pure,240262,Music
Shelleyan Orphan - Anatomy of Love (The Tube 1987),37935,Music
The 8 Commandments of A Ninja,12520,People & Blogs
Ninja Commandments (1987) Richard Harrison playing Ninja,25894,Entertainment
Switchfoot - Dare You To Move,4954868,Music
The Sundays - Love,425856,Music
Ulrich Schnauss - Blumenthal,9005,Music
Rhythm Corps - Common Ground,249512,Music
Ron Sexsmith- Gold In Them Hills,1893,Music
Wyclef Jean Canibus - Gone Till November,9008518,Music
Fallulah - Give Us A Little Love - Official Video,5257364,Music
Celeste Buckingham - RUN RUN RUN (Official VideoClip),23466700,Music
Rascal Flatts - What Hurts The Most (Official Video),152466546,Music
The Cardigans - Please Sister,149482,Music
Never Give Up On Me (Lyrics),910707,Music
Evanescence - Hello,55805,Music
Lifehouse - First Time (Official Video),9038625,Music
Eddie Vedder - You've Got To Hide Your Love Away (I AM SAM),2429542,Music
The Cinematic Orchestra Arrival of the Birds & Transformation,26935001,Music
JJ Heller - What Love Really Means - Love Me (Official Music Video),7554645,Entertainment
Snatch Soundtrack (Golden Brown),581929,Music
David Bowden || "Start Something that Matters" || Spoken Word,173204,Nonprofits & Activism
Pintail Longboards Built by Original Skateboards,20282279,Sports
Ratatat - Breaking Away,4314840,Pets & Animals
Gym Class Heroes: Stereo Hearts ft. Adam Levine [OFFICIAL VIDEO],482074108,Music
New Order - Regret,420120,Music
Stan Bush - The Touch,3735542,Music
Ólafur Arnalds - Ljósið (Official Music Video),3481185,Music
I hate Sweety,286265,Film & Animation
Florence + The Machine - Shake It Out,101718176,Music
Doctor Who "The Most Beautiful Man I've Ever Met",23343,Entertainment
"The Owl" by I Love You But I've Chosen Darkness,577390,Music
A.A. Bondy "Lover's Waltz",36573,Music
Black Star - Astronomy (8th light),87697,Music
Bright Eyes - Bowl of Oranges [Official Music Video],1571180,Music
Alex Turner - Glass In The Park - Submarine OST,1307193,Pets & Animals
Talladega Nights With All Due Respect,586996,Comedy
THE BROTHERS BLOOM - Trailer,236834,Film & Animation
Festival of Colors - World's BIGGEST color party,9805385,Entertainment
Nocturno - Chopin,16409713,Music
Le dernier garçon iv,311564,Entertainment
Backstreet Boys - I Want It That Way (Official Music Video),854375594,Music
Invisible Hands,34431,Music
Ashkenazy plays Chopin Nocturne in C sharp Minor (No.20),2334204,Music
Arthur Rubinstein - Chopin Nocturne Op. 55 No. 2 in E flat,222594,Music
Ma Mère l'Oye - XI. Le jardin Féerique,39570,Music
Philip Wesley - Dark night of the soul,2242051,Music
Drop Dead Gorgeous,165861,Entertainment
Metric - Black Sheep,4220359,Music
Hot Chip - 'I Feel Better',3357017,Music
Stand in a Line - Shinichi Osawa Remix by Rubies,7561,Music
Whitney Houston - My Love Is Your Love (Official Video),65548511,Music
Radiohead - How To Disappear Completely,2160364,Music
Radiohead - Karma Police with lyrics,6833241,Music
maury - pickle phobia,674279,Comedy
Porcelain Black - This Is What Rock N Roll Looks Like (Explicit) [Official Video],21007513,Music
Radiohead - All I Need,312424,Music
Air - Run,649177,Music
Broken Bells-October,1917698,Music
Babyshambles - Fuck Forever,1035941,Music
Bulb - Heliovice - No Vocals (Rare Version),26896,Music
7. Any Colour You Like (Dark Side of the Moon),899772,Music
Empyrean,92427,Music
TRAFFIC Dear Mr.Fantasy,9285874,Music
Solid Gold - "Who You Gonna Run To?" (Official Music Video),136495,Music
Mastodon - Black Tongue [Official Music Video],2374088,Music
For What It's Worth - Buffalo Springfield,6919991,Music
9. Climbing up the Walls,1125144,Music
Radiohead -  Subterranean Homesick Alien,966492,Music
Wintersleep - Avalanche,118891,Music
Between the buried and me - colour blind,199025,Music
Aeon Spoke - Grace,56622,Music
Nightmares on Wax - Now Is The Time,345174,Music
AA Bondy - I can see the pines are dancing,316363,Music
The Parable of Good or Bad,198381,Entertainment
Oasis - Stop Crying Your Heart Out (Official Video),25096536,Music
Nine Inch Nails - Deep,3962251,Music
Matchbox Twenty - Unwell (Official Video),58749119,Music
Newcomer,50144,Film & Animation
Fire Emblem Theme Opera Full Version,707179,Entertainment
JohNick - Summer Flight,34564,Music
SpaceX Tests the New Merlin 1D Rocket Engine | NASA COTS Program Falcon Dragon HD,258676,Science & Technology
Carly Rae Jepsen - I Really Like You,261006225,Music
Balance and Composure - Pull Of The Ground,21066,Music
Hans Zimmer - Time,1749,Film & Animation
Hans Zimmer - Time,1749,Film & Animation
Hans Zimmer - Time,1749,Film & Animation
Flyleaf - Something I can Never have,877,Film & Animation
Ellie Goulding - Lights - Musicvideo,138,Film & Animation
Tifa and Cloud - You were never all alone,134829,Film & Animation
Tifa and Cloud - You were never all alone,134829,Film & Animation
O-Town All or Nothing [lyrics],31246445,Music
3 Inches of Blood - Destroy the Orcs with lyrics,596676,Music
Dessa "Warsaw" (Official Lyric Video) - Created by Adam J. Dunn,169282,Music
Helios - Coast Off,1052018,Music
Five Deez - Latitude (Nujabes Remix),152489,Music
Au Revoir Simone - Tell Me (Clock Opera Remix),201542,Music
WHY I HATE HOLLISTER (Rant),36674,Comedy
Dragonball Z - Offspring Feelings,279867,Film & Animation
titanic in 5 seconds,11906706,Comedy
FIRST DUBSTEP - BLUES FUSION IN YOUTUBE,33975,Music
Hawthorne Heights: Blue Burns Orange,631726,Music
Hootie & The Blowfish - Let Her Cry (Official Music Video),80553489,Music
Between The Minds,403659,Music
La plage - Yann Tiersen,9523897,Music
Dig a tunnel - Lion king one and a half,638709,Film & Animation
CRYSTAL CASTLES / NOT IN LOVE /  GALAXY THEATER / 10 26 11,233,Music
Dig a tunnel - Lion king one and a half,638709,Film & Animation
Bossanova - Blue Bossanova,354323,Music
Jack Sparrow (feat. Michael Bolton),215313223,Comedy
Asobi Seksu- Walk On The Moon,196874,Music
Eddie Izzard- Death Star Canteen,27616828,Comedy
Master of Muppets,2675649,Music
Richard Wagner - Tannhäuser - Pilgrim's Chorus,460563,Music
Adele performing Someone Like You | BRIT Awards 2011,177927991,Music
Amy Poehler - Touretts Syndrome - only funny subtitle,35047,Comedy
Lesley Gore - You Don't Own Me (HD),18417002,Music
Dear Hunter - Blood of the Rose,116816,Music
Symphonic Fantasies - Secret of Mana medley part 1/2,409198,Gaming
Symphonic Fantasies - Secret of Mana medley part 2/2,204700,Gaming
Audioslave - Be Yourself (Album Version Closed Captioned),179412528,Music
The Giraffe,800168,Pets & Animals
Online Virtual Chat Gameplay and Commentary,1078985,Gaming
Wait For Me- Rise Against (Lyrics) HQ,25117,Music
Stephen Walking - Lavender Town (Pokemon Dubstep Remix),1865736,Music
Sonny Sharrock  - Who does she hope to be?,101568,Music
Night vision - Daft punk,116026,Music
Hammock - The House Where We Grew up,113041,People & Blogs
Hammock - Mono No Aware,862179,Music
Gregory Alan Isakov - The Stable Song - CARDINAL SESSIONS,2173222,Entertainment
Seafret - Oceans,86619120,Music
Small Black - No Stranger,877357,Music
Radical Face - The Mute (Official Video),1960155,Music
SOKO :: I Thought I Was An Alien (Official Video),1544602,Music
Mos Def feat. Pharoahe Monch & Nate Dogg - Oh No,4992242,Music
Something Corporate - The Astronaut,43947,Music
Opera Australia's Peter Grimes - The Embroidery Aria,18886,Entertainment
It Sucks To Be Me,2228424,Music
"Arrogance And Confidence" Tales Of Mere Existence,435014,Comedy
Arnolds Pizza Shop,2186686,Comedy
John Cage - 4'33" by David Tudor,1238474,Music
Time by Pink Floyd (Flash Animation),1934907,Film & Animation
Beardyman - Live in the Underbelly: The Full show,6781926,Comedy
Shpongle - Divine Moments Of Truth,6709248,Music
Shpongle - Divine Moments Of Truth,6709248,Music
I Fight Dragons - Money,449700,Music
SUPAHOT- BAD BOY POWER 105.1 SHOWCASE @ SULLIVAN HALL,141,Music
David Bowie- 13 Moonage Daydream,39947,Music
The Holy Modal Rounders- Euphoria,76269,Music
Jefferson Airplane - White Rabbit - (Woodstock 1969),71006,Music
Buddy Guy Dallas House of Blues Damn Right I've Got the Blues,642,Music
four seasons in one day - crowded house,271254,Music
Kate Bush - Cloudbusting - Official Music Video,12173785,Music
Alan Watts On Your Personality,2282,Music
Courage - Superchick (with Lyrics),1340008,Music
Alexander Borodin - Quartet No. 2,35041,Autos & Vehicles
The Joy of Books,4412855,Film & Animation
Use art to turn the world inside out | JR,673172,Nonprofits & Activism
Christmas Star,488354,Entertainment
Return to OZ Soundtrack Track 11: Theme from Return to OZ,49394,Music
Dennis Parker - Like An Eagle,241055,Music
St. Vincent - Cruel (Official Video),5456711,Music
Warpaint - Krimson,784196,Music
Radiohead - Videotape (Scotch Mist),2314067,Music
Thom Yorke - Skip Divided (Modeselektor Remix),194850,Music
MEINIR GWILYM - SIGLO DY SAIL,36508,Music
Hot scene from The Fountain,556087,Entertainment
Eli's Dirty Jokes - Episode 10 - Hoshimota,2064849,Entertainment
Trailer Bride - All Thine,12266,Music
The Sadies "Flash",161113,Music
the sadies - 1000 cities falling,33461,Music
Townes van Zandt - 08 Nothin' (Private Concert),158319,Music
Jodie Holland: Palmyra live from BLURT TV studios,85054,Music
Fall Out Boy - The Mighty Fall (feat. Big Sean),1417710,Music
Stevie Ray Vaughan and Double Trouble- Voodoo Child (HQ),4674758,Music
Eric Clapton - Layla,135300230,Music
Brand New - Sowing Season,797264,Music
The Smashing Pumpkins - Siamese Dream - Cherub Rock,3713341,Music
Smashing Pumpkins - Zero with Lyrics,1099977,Music
Stevie Ray Vaughan - Couldn't Stand the Weather,199691,Music
Stevie Ray Vaughan - Crossfire,671331,Music
Eric Clapton - Layla,135300230,Music
Screaming for Vengeance-Judas Priest,12702,Music
Bob Seger- Turn the Page,24244034,Music
Stevie Ray Vaughan - Crossfire,671331,Music
Stevie Ray Vaughan - Cold Shot,4884117,Music
Taylor Swift - The Story Of Us,123214901,Music
Taylor Swift - The Story Of Us,123214901,Music
Annie Hall "Is this a sandwich?",56280,Film & Animation
Dumbo Gets Mad - You Make You Feel,32238,Music
Kaizers Orchestra  - Tusen Dråper Regn (with lyrics),151117,Music
Wye Oak - I Hope You Die,581614,Music
Department of Eagles- In Ear Park,386996,Music
belong common era,23132,Music
Monty Python Holy Grail The tale of Sir Robin,498031,Comedy
Klaz* | Kachtil,279,Music
I LIKE TRAINS - Sea Of Regrets (OFFICIAL VIDEO),129844,Music
The Misfortunates,20049,Film & Animation
Deerhoof - Super Duper Rescue Heads !,88761,Music
The dark is rising (Mercury rev),422950,Music
lila says,125788,Film & Animation
William Basinski - Melancholia - (Untitled) #2,74272,Music
Belle and Sebastian - Wrapped Up In Books,1094766,Music
Klaz* | Kachtil,279,Music
eels - beautiful freak,832622,Music
Revision,109,Comedy
trolololol,4928373,Comedy
Jean & Dinah + 3 bouns Songs | Mighty Sparrow ( Granada / Trinidad & Tabago ),13403,Music
Planted - orginal song,64,Music
Lion - original song,42,Music
Together ( original song),113,Music
carbon  original song,65,Music
How to Make a Peanut Butter Jelly Sandwich in a Blender | iJustine,2381658,People & Blogs
Horse Feathers In Our Blood,89334,Music
Parov Stelar - Catgroove (TSC - Forsythe),51247639,Entertainment
Matt Corby: Letters,262961,Music
Deftones - Elite -,445797,Music
Deftones - Knife party,2294665,Music
Chelsea Wolfe - Demons (at Room 205),55873,Music
Priscilla Ahn - Dream (Official Video),10306144,Music
Simian Mobile Disco - Cruel Intentions,207861,Music
Cry-Baby soundtrack: The Flirt,222057,Music
Darling Violetta - A Smaller God,551287,Music
Vangelis - La petite fille de la mer,776655,Music
Untouched The Veronicas,298451,Music
Bright Eyes - At The Bottom Of Everything,3179276,Music
The History of Human Thinking (in 6 minutes 4 seconds),29320,Entertainment
The Perishers - Never Bloom Again,50466,Music
Crystal Castles - Pap Smear (TSC - Guile),607278,Entertainment
Wolfgang Amadeus Mozart - Requiem Mass .,33510,Music
Jan Garbarek - Molde canticle (1991),607813,Music
James Arthur's audition - Tulisa's Young - The X Factor UK 2012,96254456,Entertainment
Hammock - Cold Front,430181,Music
Deadmau5 - Closer (1080p) || HD,155518,Music
Postcards from far away - Coldplay [NEW ALBUM PROSPEKT'S MARCH 2008],722912,Music
Woodkid - Run Boy Run (Official HD Video),83527363,Music
Intriguing Possibilities (HD) - From the Soundtrack to "The Social Network",1698061,Music
Forbidden Friendship - John Powell,2948,Music
Cult of Luna - Ghost Trail (Live at Scala London),12382,Music
This Will Destroy You - They Move On Tracks Of Never-ending Light,256241,Music
Cult of Luna - Circle,34429,Music
Working Class Hero - John Lennon,12114113,Music
George Orwell - A Final Warning,724931,News & Politics
Thyrfing - Over The Hills And Far Away,435919,Music
NINJA SCROLL Trailer,873547,Film & Animation
In Extremo - Herr Mannelig,3810014,Music
Stig Dogg feat.DJPP - Stigidilaatio,1552750,Music
SMC - LÄHIÖROTAT SKUJAA (OFFICIAL VIDEO),8064553,Music
Girl's Day(걸스데이) 'Female President(여자대통령)' Official MV,29097298,Music
ALEXANDER RYBAK - FAIRYTALE,8049412,Music
IU (아이유) _ Good Day (좋은 날) _ MV,47018349,Music
Sage Francis - "The Best Of Times",2539890,Music
Capital Cities - "Chartreuse",1993805,Music
Phil Kaye performs "Repetition",688726,Entertainment
Ben Folds/Nick Hornby - From Above (Video),493756,Music
They Might Be Giants-Ana Ng,2039769,Music
Ooh Child Original- The Five Stairsteps,5986117,Music
Major Tom-The contact (Peter Schilling's cover),37077,Music
Joel Plaskett Emergency - Fashionable People,1131222,Music
Ben Folds/Nick Hornby - From Above (Video),493756,Music
Weezer "The World Has Turned" Live at Hard Rock 1995,346748,Music
Andreas Rönnberg - Tears,48393,Travel & Events
Protest The Hero - Limb From Limb (Album Version) With Lyrics!,153544,Music
Protest The Hero - Limb From Limb (Album Version) With Lyrics!,153544,Music
Band of Horses - Heartbreak 101,74252,Music
Bring Me The Horizon - "Sleepwalking",45113664,Music
Bring Me The Horizon - "And The Snakes Start To Sing" (Full Album Stream),6625901,Music
Cage the elephant - all apologies (nirvana cover),170986,Music
WTF COLLECTIVE (Jon Lajoie),17473203,Comedy
Netsky - 500 Days Of Summer,401672,Music
millencolin - no cigar,6278785,Music
blink-182 - When I Was Young,335857,Music
Bring Me The Horizon - "Antivist" (Full Album Stream),2305120,Music
ASMR Short Session of Scratching Sounds - Wooden Blocks - 5 Minute,100466,Entertainment
Linkin Park - Iridescent (Lyrics),4225727,Music
Jeff Buckley - I know It's over,266045,Music
Welsh Folk Tune Myfanwy,127853,Music
Everything by Lifehouse,42555457,Music
Alanis Morissette - That I Would Be Good with lyrics,2842114,Music
Jamie Cullum Gran Torino lyrics,578972,Music
Book of Love-Peter Gabriel,7187580,Music
Hamburg Song - Keane,1779295,Music
Air - Alone in Kyoto,187373,Music
Kodaline - All I Want (Part 1),168540112,Music
Kodaline - All I Want (Part 2),55956713,Music
Ani Difranco - When Im Gone,326164,Music
"Dear God" by Sarah McLachlan,7941,Education
Venetian Snares - Szamár Madár,2692512,Music
Robin Guthrie & Harold Budd - Mysterious Skin (Music from the film) - Full Album,597205,Music
Aqualung - Strange and Beautiful (I'll Put a Spell On You),452129,Music
down the rabbit hole - adam lambert,4603,Music
down the rabbit hole - adam lambert,4603,Music
cranes - slide,49165,Music
Jeff Buckley - Grace (Official Video),11111424,Music
Ivy - Edge of the Ocean,1056687,Music
Ivy - Edge of the Ocean,1056687,Music
Adam Lambert Can't Let You Go with lyrics,1047514,Music
Unkle - Broken - War Stories,140780,Music
Keane - Maps,42474,Music
Snow Business - Simon's Cat | SHORTS #7,23386998,Film & Animation
Conjure One - Extraordinary Way,711441,Music
Animal Collective - What would I want? Sky,465914,Music
Regina Spektor - Pavlov's Daughter,1136830,Music
Regina Spektor - Wasteside (11:11),140686,Music
Regina Spektor - You (10-17-2004),101362,Music
Regina Spektor - Somedays Live,246783,Music
Herb Alpert & the Tijuana Brass Spanish Flea Video 1965,755733,Music
Pretty much everywhere it's gonna be hot.,11430184,Comedy
Apoptygma Berzerk - Non-Stop Violence (album version),768760,Music
Casino Versus Japan - Warm Windows,18223,Music
Freescha - Kid Brother,54319,Music
Aphex Twin - Xtal (HD),312207,Music
Orbital - Halcyon On and On,15640891,Music
Eric Roberson - Picture Perfect feat. Phonte (OFFICIAL VIDEO),1313797,Music
Enlightened: Season 1 - Trailer (HBO),363861,Entertainment
Fightstar - We Left Tracks Of Fire,14513,Music
Fightstar Cross Out The Stars,66615,Music
Stardust - Take That - rule the world,2152490,Music
Sigur Ros Gobbledigook,402442,Music
(If You're Wondering If I Want You To) I Want You To - WEEZER Lyrics,1049139,Music
Fightstar - Sex On Fire (Kings of Leon Cover),157255,Music
Hard to find Jack's Mannequin - Dark Blue in studio,175959,Music
Scrubs Molly Sings to Food,128866,Comedy
Community - Abed's best part of day,174298,Film & Animation
Iggy and The Stooges-Raw power-I need somebody,149639,People & Blogs
The Human Abstract "Patterns" video,466815,Music
Echoes Of Eternity - Garden Of The Gods,145197,Music
ARKONA - Liki Bessmertnykh Bogov (Official),6993329,People & Blogs
Add it Up - Violent Femmes [lyrics],294453,Music
Weakest Link (US) - Anne Robinson meets her match,3326655,Entertainment
Sexy Sax Man Careless Whisper Prank feat. Sergio Flores (directors cut),42073254,Comedy
gang fight! knocked out!,24999779,People & Blogs
Everest College Commercial - Hood Variant,5892776,Comedy
GoPro: Whale Fantasia,5122061,Sports
Mountain Sound - Of Monsters & Men,6040350,Music
Of Monsters and Men - Slow and Steady,2248739,Music
From Finner Lyrics ~ Of Monsters and Men,391560,Music
Of Monsters And Men - Little Talks (Official Video),296387003,Music
Of Monsters and Men - King And Lionheart (Official Video),51423724,Music
Kids React to Controversial Cheerios Commercial,9405313,Entertainment
Sad Cat Diary,30233204,Entertainment
The Proclaimers - I'm Gonna Be (500 Miles) (Official Music Video),73146795,Music
Pre-Game Coin Toss Makes Jaguars Realize Randomness Of Life,352967,Entertainment
BACKIN UP SONG!!,12761519,Film & Animation
Fiona Apple - Never Is a Promise (Official Video),4037584,Music
Akon - Lonely (Official Video),636158541,Music
Sarah McLachlan - Angel [Official Music Video],43665365,Music
