An Unexpected Briefing #AirNZSafetyVideo,13311454,Film & Animation
Pop Culture Class (Dedicated to Jackson),43,Comedy
Unity - YOU MUST SEE THIS!,30614,Film & Animation
Radioactive-Imagine Dragons (Lyrics),128337443,Music
Lost Woods Dubstep Remix - Ephixa (Download at www.ephixa.com Zelda Step),37849511,Gaming
Green Day: "Boulevard Of Broken Dreams" - [Official Video],470544848,Music
Imagine Dragons - "Ready Aim Fire" Hereos Fall Soundtrack,8343849,Music
Sweet Dreams - Steve Angello Remix,5857543,Music
George Carlin on Global Warming,3255788,News & Politics
Alice In Chains - Love Hate Love,8802858,Music
Girls Are Assholes: At Lunch,1103212,Entertainment
Girls Are Assholes: At Lunch,1103212,Entertainment
Our Parties are not like your Parties,17049,Entertainment
NO MORE HEROES 2: Philistine [Theme of Margaret Moonlight] (Fukuda Mix) (with Infinite Loop),315882,Music
TES V Skyrim Soundtrack - Far Horizons,2075880,Music
CAN'T HUG EVERY CAT - Songify This  (a song about loving cats),41046663,Film & Animation
Not fair - Lily Allen lyrics,16758035,Music
Random LOLs,4550,Entertainment
Avicii - Penguin (Original mix),3959375,Music
Armin van Buuren feat. Christian Burns - This Light Between Us (Official Music Video),10787779,Entertainment
Above & Beyond feat. Richard Bedford "Sun & Moon" (OFFICIAL MUSIC VIDEO),20522495,Music
Katy Perry - E.T. (Futuristic Lover)  (Tiësto Radio Edit),292849,Music
selective attention test,24814404,Education
Armin van Buuren feat. Sharon den Adel - In And Out Of Love (Official Music Video),236234510,Entertainment
Tiësto - Love Comes Again ft. BT (Official Music Video),31582676,Music
Nickelback "When We Stand Together" Lyric Video,2878225,Music
Solomon Vandy - Composed by James Newton Howard,433945,Music
Rob dougan clubbed to death videoclip,8260470,Music
Wham! - Wake Me Up Before You Go-Go (Official Video),339448306,Music
Jussi Björling - Beethoven: Adelaide,50383,Music
Young the Giant: Cough Syrup [OFFICIAL VIDEO],36271237,Music
Los Campesinos! - Life Is A Long Time,50020,Music
Punch Brothers - This is the Song,375870,Music
Gayuma cover- Donnalyn Bartolome,816278,Entertainment
Donnalyn bartolome *magsintang baliw*,20210,People & Blogs
GTA IV Carmageddon gone Yakety,2290624,Comedy
Foo Fighters - Everlong (Official Music Video),186489316,Music
Death Metal Chicken,329270,Pets & Animals
Googol and Googolplex - Numberphile,3539726,Science & Technology
One Piece: Perona Whining!,68927,Entertainment
Sweet Brown - Ain't Nobody Got Time for That (Autotune Remix),67582846,Comedy
Electronik supersonic,52581,Music
Massive Attack - Inertia Creeps,1754824,Music
Peter Gabriel ~ My Body is a Cage (Oxford London Temple Version),994050,Music
I Just Had Sex (feat. Akon),321730900,Comedy
Clint Eastwood - Gorillaz,6818771,Music
perfect circle-imagine,1326120,Music
A Perfect Circle - Passive,12617033,Music
Archive- "Fuck You." [Lyrics.],4497044,Music
Candy Mountain Song,772710,Film & Animation
Suzanne Vega - The Queen and The Soldier,157662,Music
Backin Up Song - Full Version (on spotify apple and your toaster),11779799,Film & Animation
Silence (Dj Tiesto Remix) - Delerium Feat. Sarah Mclachlan,929886,Music
I'll never be hungry again - Gone with the wind scene,247663,Film & Animation
ミルクラッパー Shibori  "酪農" Full Ver.,232669,Entertainment
Peter Shaffer's Amadeus in 30 seconds,1567717,Film & Animation
Robin Williams Plays Spore,1763304,Entertainment
Marat/Sade: Life & Death,18345,Film & Animation
Batman Can't Stop Thinking About Sex,44878277,Comedy
Zack Hemsey - "Mind Heist",4191996,Music
The good the bad and the ugly - Theme,42103658,Entertainment
The Big Bang Theory - Dr Beverly Hofstadter,1567441,Comedy
Werner Herzog reads Adam Mansbach & Ricardo Cortes book "Go the F**k to Sleep",236053,Film & Animation
Bon Jovi - It's My Life (Official Music Video),910646443,Music
Spoilsbury Toast Boy -1,3409182,Film & Animation
Blazing Saddles...  You know morons.,713885,Comedy
Bright Eyes - At The Bottom Of Everything,3179276,Music
Pato Pooh - Follow Me ft. Adam Tensta (Official Video),1743143,Music
Penelope's Childhood,8755,Comedy
To Kill a Mockingbird (3/10) Movie CLIP - The Children Save Atticus (1962) HD,855810,Film & Animation
Please Captain not in front of the Klingons,286571,Comedy
The IT Crowd - I Like Your Glasses,262090,Entertainment
A Beautiful Mind and Stars,5809,People & Blogs
Daniel Powter - Bad Day (Official Music Video) | Warner Vault,176652825,Music
Pokémon Gangsta Rap,3131022,Comedy
Sandra Fluke Opening Statement (C-SPAN),256745,News & Politics
Scar- You have no idea,34200,Entertainment
PJ Harvey - Man-Size,2761743,Music
Heart - Never (Official Music Video),29800915,Music
Sublime - Mary,437924,Music
Tommy Seebach Apache HQ (Original),990871,Music
Pink Floyd-Comfortably Numb (Lyrics),2452895,Music
Boards of Canada - Reach for the Dead (from Tomorrow's Harvest),4093123,Music
Canyonero,973969,Comedy
DOLCE VITA RYAN PARIS (High Quality),19021001,Music
Kanye West - All Falls Down ft. Syleena Johnson,49293316,Music
Gunter - teeny weeny string bikini,3843603,Music
Elvis Presley - Teddy Bear - 1957,7837017,Music
Extraordinary Machine,761329,Music
Fiona Apple - Never Is a Promise (Official Video),4037586,Music
Fiona Apple - O' Sailor (Official Video),2274205,Music
Fiona Apple - Not About Love (Official Video),5182466,Music
The Wombats - Tokyo (Vampires & Wolves),8045984,Music
Vampire Weekend - 'Holiday' (official video),7557566,Music
New Radicals - You Get What You Give (Official Video),100406198,Music
Dubstep Santa 2 - 'FILTHY',1735636,Comedy
Towers - Bon Iver,2652683,Music
THE FEYNMAN SERIES - Beauty,1434309,Science & Technology
Mal's Song - HD Widescreen,772754,Entertainment
Mal's Song - HD Widescreen,772754,Entertainment
Extended Serenity Theme,285212,Music
Maaya Sakamoto feat. Steve Conte - THE GARDEN OF EVERYTHING [HQ],1231142,Music
Sisqo - Thong Song (Mexicans With Guns Remix),11961,Music
Gaslamp Killer - Zalim,595065,Music
The Gaslamp Killer - Shattering Inner Journeys,558748,Music
The Gaslamp Killer live @ Fabric (Brainfeeder),24295,Music
Hecq - Pulverized HD,36253,Music
Chelsea Wolfe,123433,Music
Late Bloomers- The Giver,10157,Music
Free the Robots Jazzhole,660101,Music
world's end girlfriend - Les Enfants du Paradis (MUSIC VIDEO) from"SEVEN IDIOTS",665041,Music
Two Fingers Feat. Sway - Straw Men,30193,Music
Starkey ft P-Money - Numb,93804,Music
Zero 7 - Everything Up (Zizou) [Joker & Ginz Remix],19943,Music
Leila Arab - Mettle,47944,Music
Talvekoidik - silent reflections,4630,Music
Andreya Triana & Ritornell - The Light (Dorian Concept Remix),29504,Music
Jesu - Silver,449679,Music
Little Dragon - Twice (16 Bit Remix),104857,Music
Baths - Lovely Bloodflow,689780,Music
The Windmills of Your Mind - Noel Harrison,6439752,Music
OPGave - "Writing the Silver",39532,Music
Sunday Munich - Dent,55122,Music
Tim Hecker - Dungeoneering,177132,Music
El Otro Yo - Autodestruccion,233807,People & Blogs
Mass of the Fermenting Dregs - She is inside he is outside,66950,Music
Netsky - Memory Lane,23200798,Music
B-Complex - its a funny world,1299826,Music
Reso - Slap Chop,10538,People & Blogs
Exxasens - Spiders on the Moon,4692,Music
ef - longing for colors - official video,158149,Music
Under Byen & DR Sinfonietta "Af Samme Stof som Stof",39660,Music
The Supremes-You Keep Me Hangin' On,5792717,Music
Ferret Chainsaw Commercial - Uncut,348885,Comedy
Jo Blankenburg - Vendetta (Position Music - Dark Epic Action),544094,Music
TylerThe Creator - Inglorious,2304621,Music
Nicole Scherzinger - Right There ft. 50 Cent,178675406,Music
Jeremih - Down On Me ft. 50 Cent (Official Music Video),309034777,Music
Depeche Mode - Enjoy The Silence (Official Video),38781008,Music
Incubus - Drive,132744924,Music
MONO - Life In Mono,1124708,Music
Ellie Goulding - Starry Eyed (Official Music Video),26792992,Music
Ellie Goulding Black & Gold,2559329,Music
MGMT - Kids (Video with Fire Intro),134213839,Music
MGMT - Electric Feel (Official Video),143700144,Music
Mohombi - Dirty Situation ft. Akon,32392446,Music
MGMT - We Don't Care,1356491,Music
Super Марио Brothers DX or Some Such Nonsense,306907,Music
Kate Bush - Running Up That Hill - Official Music Video,42223443,Music
Aussie Party- Australia,4442208,Entertainment
Columbus Day Is Severely Fucked Up,39163,Comedy
The greatest Henry Rollins interview,1002282,People & Blogs
The sopranos intro,3973482,Entertainment
Smallville theme song,394042,Entertainment
'Blood Moon' Timelapse video: Total lunar eclipse turns moon red,1636197,News & Politics
RIDE OF THE VALKYRIES by Chris Goulstone on electric guitar,72282,Music
Mars showcase,751044,Science & Technology
Kerli - Walking On Air,17713539,Music
Kosheen - Overkill (Is It Over Now),79262,Music
Eric Whitacre - Eric Whitacre's Virtual Choir 2.0 'Sleep',2775527,Music
Grant Green - We've Only Just Begun,102008,Music
D'Cruze - Lonely (1994) [SUBBASE 43],74066,Music
John Roberts - Shoes,14305,Entertainment
Ravel: Miroirs III. Une Barque sur L'Ocean (André Laplante),3335793,Music
With Arms Wide Open - Literal Video Version,1021764,Comedy
The Fruit Guys - "Comfortably" [LYRICS],128197,Music
Loreena McKennitt- Beneath a Phrygian Sky,1961191,Entertainment
Gheorghe Zamfir-The Lonely Shepherd (Live)-Romanian Artist "The King of Pan flute",21742,Music
Dante's Prayer,737341,Music
The Forbidden Kingdom - Two Tigers - Two Masters,90380,Music
The Last Samurai OST #10 - The Way Of The Sword,809117,Music
Hans Zimmer - A Way of Life,17294123,Music
Caddyshack Cinderella Man,1382871,Comedy
Scrubs How Is Todd the Best?,131026,Comedy
Counterstrike -  Maniac (Nanotek remix),69201,Music
Final Fantasy VI: Edgar and Sabin's Coin Toss,49247,Entertainment
counterstrike - bodybag,46665,Music
Sword of the Witcher - Vader [HD] [Lyrics],22412,Music
The Crystal Method - Bound Too Long,218199,Music
Castlevania the concert  - Theme of Simon Belmont,199678,Music
My Guitar Play - Chrono Trigger on Guitar,199849,Music
Don Quixote by Cherry Poppin Daddies LYRICS,41077,Music
Magnetic Man - The Bug (lyrics on screen),385338,Music
Ice Cream - Oney Cartoons,8616139,Entertainment
A science presentation by James Holmes in 2006,251755,Entertainment
The Italian Man Who went to Malta.,32200756,Comedy
Zomby - Natalia's Song,147757,Music
Eluvium - Reciting the Airships,65118,Music
Gemmy - Aquatic Ruin,5800,Music
Joker - Taste The Rainbow,60559,Music
The Fall by At Dawn We Rage (Official Music Video),14564,Entertainment
Omnitica - Yo! Ho! and a bottle of Bass,51215,Music
Ellie Goulding - Hanging On (Sound Remedy Remix),4893183,Entertainment
Little Dragon - Twice,9921701,Film & Animation
Pretty Lights vs. Led Zeppelin HD Colorado Recap - Red Rocks & The Fillmore,1268644,Music
♬ Seba - Painted Skies (Talon Dub Remix),4900,Music
Quantic Presenta Flowering Inferno - Westboun D Train,4497,Music
Like a G6 - Bare [DUBSTEP],13374,Music
Little Dragon - Twice (16 Bit Remix),30373,Music
Pole Folder ft. Sandra Ferretti - Protected (Fretwell remix),9903,Music
deadmau5 - Raise Your Weapon,70979847,Music
Nero - Innocence (Official Video),18723881,Music
Depeche Mode - In Sympathy,435650,Music
Black Light Burns - New Hunger,77197,Music
Combichrist - A new form of silence,74133,Music
Combichrist - Can't change the beat,176537,Music
Brandon Boyd - Runaway Train,212498,Music
ISTJ vs ISTP,46682,Education
Real Samurai Sword Technique - Cutting BB Gun pellet by Isao Machii - Japanese Katana Kenjutsu,11090299,Science & Technology
Left 4 Dead 2 -  Jonathan Coulton - Re Your Brains,161389,Music
Dark Souls II - PS3/X360/PC - Forging a Hero (Behind the Scenes),145591,Gaming
Giant Stinson Beach Bubbles (Canon 550D),5382105,Film & Animation
Hungry Bengal Kitten says "NO!",1726973,Pets & Animals
An Engineer's Guide to Cats,7226437,Comedy
Eels - Fresh Blood,1525146,Music
The Interview,3435144,Comedy
Chinsagu No Hana - Ryuichi Sakamoto,149302,Music
You're Correct Horse,5836450,Education
Bob Newhart-Stop It,5578189,Entertainment
Tribute to Carl Sagan - Vangelis - Heaven & Hell Part I No 3 (First Opening Mix),2345,Education
♫ Pink Floyd - High Hopes [Lyrics],62709484,Music
Louis-Jean Cormier - Tout le monde en même temps (Vidéoclip officiel),1475411,Music
I Hate Everyone - Get Set Go,26276,Music
Fast Foot & Minero feat. Messinian - We Mean War (Jan Waterman Remix),8253,Music
Xilent - Fallen feat Susiah (HD),10668,Music
Celldweller - Unshakeable (Full),2861,Music
Machinae Supremacy Through The Looking Glass lyrics,117554,Music
Seven Lions - Isis (VIP Mix),527695,Entertainment
Charlie Darker - Deadroll (Original Mix),4303,Music
Celldweller - Eon,1331117,Music
Alex Mind Ft. BBK - Glowsticks (Dr. Who Remix),2661,Music
Charlie Darker - Drill,43965,Music
DragonForce - Cry Thunder (Official Video),8033645,Music
Eraser vs. Yojalka - Home deep Home (lord of the liverdance 2006),1517,Music
Huopatossu Mononen - Sadantuhannenmiljardin Vuoden Päänsisäinen Yksinäisyys,1440,Music
Knife Party - Rage Valley (Original Mix),2191514,Music
Machinae Supremacy - winterstorm,180558,Music
I Believe You(Psychedelic House Mix by accur4cy)- Celldweller,8003,Music
Mega Man ZX Gigamix OST - T08: Bullet Drive (Legion HQ),30549,Music
Debbie Harry - Comic Books,9110,Music
RAUBTIER - HJÄRTEBLOD // MED SÅNGTEXT,27536,Music
RAUBTIER - KAMPHUND // MED SÅNGTEXT,5453,Music
"Babylon" by Don Mclean,663152,Music
Pearl Jam - Betterman (with lyrics),9491257,Music
Marilyn Manson I Don't Like The Drugs (But The Drugs Like Me ) Lyrics!!,2114226,Music
Joe Rogan Chokes Out Crazy Guy,6569380,Entertainment
millionaire matchmaker - cara and jimmy d,18263,Comedy
Call It What You Want - Foster The People,6292433,Music
The Temper Trap - Fader,10168986,Music
TRON Legacy R3CONF1GUR3D - 02 - Fall (M83 Vs Big Black Delta Remix) [Daft Punk],556464,Entertainment
Silversun Pickups- Lazy Eye,819952,Music
Iron & Wine- Such Great Heights (With Lyrics),555416,Music
Moriarty - Jimmy,9052380,Music
The power of introverts | Susan Cain,11211237,People & Blogs
Half a million secrets | Frank Warren,638364,People & Blogs
Man With Nice Eyes Blown,573773,Comedy
Today Now! Host Undergoes Horrifically Painful Surgery Live On Air,159772,Comedy
Project Glass: One day...,22413753,Science & Technology
Sand Flea Jumping Robot,13124130,Science & Technology
Andrew Stanton: The clues to a great story,2014209,People & Blogs
Celebrities Read Mean Tweets #1,58683188,Comedy
Breaking Bad RPG,1082723,Comedy
World's Youngest Person Born,1560727,Comedy
Judge Rules White Girl Will Be Tried As Black Adult,3714888,Comedy
ATTENTION: Facebook Users,16345743,Entertainment
Movie: The Movie - Blooper Reel,191708,Comedy
Making the Movie: The Making of Movie: The Movie,881110,Comedy
The Darkness - I Believe In A Thing Called Love,23956390,Music
Boy Loses Leg In Totally Awesome Shark Attack,972973,Comedy
Facebook Parenting: For the troubled teen.,42362952,People & Blogs
WoodyAllenJesus by Tim Minchin (on Jonathan Ross),1436930,Comedy
Cat vs Dog. Dog afraid of cat,743381,Comedy
Empire Of The Sun Soundtrack - Suo Gan,1134568,Music
THE FILMS OF WES ANDERSON,156372,Film & Animation
The Blood Brothers - "Ambulance vs. Ambulance" ARTISTdirect Records,332599,Music
Cave In - Crossbearer (Live 1998),25008,Music
Dozer- From fire fell,84787,Music
Dumas - J'erre,41226,Music
The Dillinger Escape Plan - "Farewell Mona Lisa" Season of Mist / Party Smasher Inc,816903,Music
In the House In a Heartbeat - John Murphy,24643862,Music
Failure- Undone,128523,Music
Garden of Light - ISIS,82601,Film & Animation
Scion A/V Presents: Kylesa "Tired Climb",62978,Music
A Perfect Circle - Passive,12617040,Music
Quicksand - Dine Alone,397609,Music
Course Of Empire "The Information",38182,Film & Animation
The DILLINGER ESCAPE PLAN - "Setting Fire To Sleeping Giants" (Official Music Video),715820,Music
The Cure - Killing an arab,6256144,Music
Sparta - "Air" (music video),203007,Music
It's Not About The Nail,20762941,Comedy
The Sisters of Mercy - More,6760133,Music
Richard Dawkins: The Importance of Doing Useless Things | Big Think,637781,Science & Technology
Dead Or Alive - Something in My House,4441662,Music
Sia - I'm In Here (from We Are Born),5821397,Music
Sia - Breathe Me,17455242,Music
Beauty From Pain,47335,Film & Animation
SAIL - AWOLNATION (Unofficial Video),364499920,Film & Animation
Switchfoot - Afterlife (Lyric Video),2870258,Music
Push Button to Add Drama (Advertisement TNT),1003446,Entertainment
Funny Prank Call - Chinese Restaurant,1824884,Entertainment
Frederic Chopin - Nocturne In E Flat Major Op.9 No.2,5670730,Music
Mozart - Requiem,97068326,Music
REC 2 Teaser Trailer  (english),830680,Film & Animation
Paramore: Monster [OFFICIAL VIDEO],73865211,Music
Modest Mouse-Bukowski,3790768,Music
A Perfect Circle - Passive,12617040,Music
Seabird - Falling For You Lyrics,66214,Music
City and Colour - As Much As I Ever Could,624800,Music
Yo-Yo Ma Stuart Duncan Edgar Meyer Chris Thile - Helping Hand (Live Performance),482834,Music
Louis Armstrong - A Kiss to Build a Dream On,5575939,Music
Bill Burr - Animals People Population Control & Women,654095,Comedy
Zombie Kid Likes Turtles,66734495,Entertainment
Female Trouble Theatrical Trailer,122890,Entertainment
The most funny hilarious Jon Dore Interview,39086,Comedy
Arthur Schopenhauer on Women and Romance,55481,Education
Pearls Before Swine (clip),4440,Film & Animation
You betrayed the LAW!! (original),1325781,Comedy
Team America: World Police (6/10) Movie CLIP - I'm So Ronery (2004) HD,7380445,Film & Animation
Bjork Stalker - Ricardo Lopez,1543089,People & Blogs
werner herzog 'stroszek' hospital scene,21164,Film & Animation
DiGERATi - AutoRun IIIkg,43668,People & Blogs
Big Macintosh - Eeyup,405270,Film & Animation
Men In Black 3 Griffin,14613,Entertainment
M.I.B. 3 Griffin about miracle (greek subs),1027877,Film & Animation
Blueprint - So Alive (Official Video),259600,Music
Portal - 'Still Alive',39119502,Gaming
Doodling in Math Class: Snakes + Graphs,2599573,Education
The Maria Bamford Show - 09 - Bread,208729,Comedy
T.I. - Hello ft. CeeLo Green [Official Audio],826017,Music
Gregory Porter - Painted on Canvas - TVJazz.tv,88980,Music
Hypnogaja - #04 Worship Me (I'm On TV) [from the new album Truth Decay],28233,Music
Hypnogaja - #12 Rusty Moon (from the new album Truth Decay),22971,Music
Lights - The Listening,372001,Music
TRAX 트랙스 '오! 나의 여신님 (Oh! My Goddess)' MV,1859130,Music
Bitter - Teddy Geiger (The Rocker Soundtrack),470342,Music
Morality 1: Good without gods,319424,Education
The Kiss,1578557,Comedy
On The House,1067471,Comedy
Inferior Function - MBTI,8688,Education
The Gathering - Frail,49054,Music
Jorge Bolet plays Liszt 'La Leggierezza' from Trois Etudes de Concert S.144,97179,Music
HEYYEYAAEYAAAEYAEYAA,175622241,Comedy
Wagner - 'Parsifal' - Act I Prelude (Georg Solti),2044789,Music
Introvert Feeling vs Extrovert Feeling (Fi vs Fe),15666,Education
Penn & Teller Explain Numbers,1962017,Comedy
alt-J (∆) Breezeblocks,215056678,Music
How To Grow A TickleMe Plant,1835580,Howto & Style
Cat Taking a Huge Dump On The Toilet (with splash sound!),362279,Pets & Animals
Mount Huashan,1582205,Travel & Events
Eyes - Rogue Wave,1735947,Music
Regina Spektor - "Eet" [Official Music Video],9198771,Music
Mumford & Sons - The Cave,17578871,Music
The reality of obtaining a degree,345,Education
Nyan Cat - Smooth Jazz Cover,9062984,Comedy
The Knights Who Say "Ni!" - Monty Python and the Holy Grail,2070445,Comedy
A world first! Success at complete quantum teleportation #DigInfo,370418,Science & Technology
Sex With Ducks: the Music Video by Garfunkel and Oates,6252069,Music
Bagger 288!,3779404,Comedy
Tim Minchin - Storm (Live),140595,Comedy
Alanis Morissette - Thank U (Official Video),60031069,Music
Three Amigos-What Is A Plethora?,1249028,Comedy
*The Sisters Of Mercy* HD - Dolby Digital 5.1 *Walk Away* (Official Video),15081,Music
How To Wrap A Cat For Christmas,12951150,Pets & Animals
Monkey the Cat Does Pushups,15172,Pets & Animals
Cute Cats playing Patty Cake! THE ORIGINAL!,2685509,Pets & Animals
Voting Machines Elect One Of Their Own As President,734800,Entertainment
Are We Giving Robots Too Much Power?,1092379,Entertainment
Mass Effect Soundtrack - Sovereign's Theme,325525,Entertainment
The Naked And Famous - Hearts Like Ours,7549494,Music
Keep Moving Forward!,380191,Howto & Style
04 - Gerudo Valley - Legend of Zelda 25th Anniversary Orchestra,447006,Music
[Feature] The Recording of The Legend of Zelda 25th Anniversary Special Orchestra CD,6280110,Gaming
The Fray - How To Save A Life + Lyrics,13041808,Music
Huge Spider,2030812,Pets & Animals
Lady Gaga - Alejandro (official track) [The Fame Monster],10526425,Music
FKA twigs - Two Weeks,30819915,Music
Mitosis,15978,Comedy
David Mitchell: Laughter Explosion,661752,Entertainment
The PCR Song,2031489,Music
Bio-Rad PCR Song,32099,People & Blogs
Bio Rad GTCA Video subtitles,4326,People & Blogs
Gooble Gobble,1520926,Entertainment
The Big Bang Theory Flash mob! (Full version compilation),8350617,Entertainment
The Big Bang Theory - 3x08 - Sheldon and Penny at the hospital,159928,Film & Animation
Facebook Parenting: For the troubled teen.,42362952,People & Blogs
Tails Can't Die,9577594,Comedy
Disturbed - Stricken [Official Music Video],66854388,Music
The Cure - Love will tear us apart (Joy Division),4165711,Music
Joshua Radin - Girlfriend in a coma,243071,Music
"Down With The Sickness" (dawn of the dead version),2327530,Music
Lily Allen - Straight To Hell (Official Audio),1360527,Music
Cloudkicker - You could laugh forever but never end up happy. [Subsume Track 4],9329,Music
Ry Cooder Terry Evans - Down In Mississippi,1534281,Music
Breakdown of Sanity - Exordium + Crumble,174018,Music
On Impulse - Animals as Leaders,170011,Music
Placebo - Special Needs (Official Video),20992394,Music
Baby Monster - "The Fear of Charlie Sunrise",84302,Music
One Last Tear - Vello Leaf,13374,Music
M83 'Midnight City' Official video,313908727,Music
Goo Goo Dolls - Iris [Official Music Video],257418737,Music
Oasis - Wonderwall  (Official Video),296047765,Music
Volumes - No Sleep (FULL ALBUM),714202,Music
Edward Sharpe & The Magnetic Zeros - Home (Official Video),101473448,Music
Spectacular Time Lapse Dam "Removal" Video | National Geographic,19596019,Entertainment
Nujabes/Shing02 - Luv (Sic) Parts 1-5,1618065,Music
The Cure For Your B*tch Face,189469,Howto & Style
Penn and Teller compare video games to football,327865,Gaming
Byousoku 5 cm - 5 cm per second ending,89074,Film & Animation
Bastion Soundtrack - Setting Sail Coming Home (End Theme),2966867,Gaming
Dr Horrible's Sing-Along Blog - Horrible Credits,392666,Entertainment
Metal Gear Solid Ground Zeroes Trailer,2319987,Gaming
Alizbar - Gleam in an Angel's Eye-Drop,150262,Education
HATEBREED - Destroy Everything,3211163,Music
This Will Destroy You - Threads,1535020,Music
Hatebreed "In Ashes They Shall Reap",1726118,Music
Incubus - Love Hurts,1833802,Music
Draconian - Bloodflower (professional videoclip),518816,Music
Lovedrug - WILD BLOOD,69301,Music
Wolfsheim - Now I Fall,320347,People & Blogs
Henri 2 Paw de Deux,10889944,Film & Animation
Korn - A.D.I.D.A.S. (AC3 Stereo),32517622,Music
Vildhjarta - Shadow [HQ/HD],281941,Music
In Mourning - The Black Lodge,33058,Music
Ne Obliviscaris -- Forget Not (Portal Of I),829049,Music
The Matches - Salty Eyes,450336,Music
Golden Retriever Puppy Attacks Camera,499974,Pets & Animals
25 Accidental Inventions That Changed The World,6196269,Science & Technology
The Big Bang Theory - The Friendship Algorithm,4820439,Comedy
The Big Bang Theory - The Friendship Algorithm,4820439,Comedy
How Sherlock Holmes: Game of Shadows Should Have Ended,6531932,Entertainment
Cello Wars (Star Wars Parody) Lightsaber Duel - The Piano Guys,46995017,Music
How Scary is Alien Isolation?,4656455,Gaming
Thirty Seconds to Mars - Stranger In a Strange Land (Official Lyric Video),2966035,Music
Propagandhi - Haille Sellasse Up Your Ass,678932,Music
suede - attitude,222435,Music
Chet Atkins - Mr. Sandman (TV 1954),9107307,Music
Franz Ferdinand - Can't Stop Feeling (Official Video),5423811,Music
Metal Gear Solid 4 OST  - Love Theme (Full),3151782,Music
The Bob And Tom Show - The Woman Song,1897482,Music
KMFDM - Juke Joint Jezebel (Mortal Kombat version),114745,Music
Eric Clapton - Layla,135300424,Music
The Spider and the Fly.... Rolling Stones,1011217,Music
Social Distortion - Reach for the sky,1588463,Music
ALPHA X - Nocturnal Trip,132804,Music
山崎まさよし / One more timeOne more chance,45277862,Music
Aphex Twin - Window Licker,2986689,Music
Twin Peaks tv series - Last scene,794599,Film & Animation
Symphony of Science - 'We Are All Connected' (ft. Sagan Feynman deGrasse Tyson & Bill Nye),8183917,Music
Avenue Q - Everyone's a Little Bit Racist (Lyrics in description!),84726,Music
Thoughts on Growing up,771047,Education
Good men don't need rules,150076,Entertainment
I know you - Henry Rollins/NIN mix,99774,Music
Change Your Frequency Change Your Reality,5861974,Nonprofits & Activism
Pray for You - Jaron and The Long Road to Love :: Official Video,16133045,Music
Craziest beard i've ever seen!,1736304,People & Blogs
What the hell is that shit.avi,27670,Film & Animation
Les Friction - World On Fire,3525193,Music
Les Friction - Torture,892390,Music
BOYS CAN HAVE A VAG!!,677873,Education
Darth Vader NO!,10043455,Comedy
Death note - Faggot,2637,Entertainment
High Priestess Regan - Airetania,41429,Music
Tobias Bernstrup : Enemies Of The Earth,80599,Music
Lou Reed - Walk On The Wild Side (Lyrics in Description) #LouReed #WalkOnTheWildSide #TakeAWalk,38774779,Music
King Missile - Detachable Penis,903581,Music
MC Chris - WiiD,1680010,Music
Talking Heads - Psycho Killer,122718912,Music
Florence + The Machine - Only If For A Night (Ceremonials),4141327,Music
Does It Offend You Yeah - Dawn of the Dead,333106,Music
Woodkid - Run Boy Run (Official HD Video),83527478,Music
I Will Possess Your Heart (Album Version video),14786695,Music
Queen - Another One Bites the Dust (Official Video),448307914,Music
We Are Nowhere And It's Now,1068945,Music
Daft Punk - Harder Better Faster (Official Video),96377485,Music
Neutral Milk Hotel - You've Passed,66528,Music
Neutral Milk Hotel "Where You'll Find Me Now",259948,Music
Johnny Cash - God's Gonna Cut You Down (Official Video),101978815,Music
The Ting Tings - That's Not My Name,66938387,Music
Yeasayer - "Madder Red" (Official Video),215532,Music
The Shins - The Rifle's Spiral (Video),6754677,Music
The Killers - Spaceman,38720018,Music
Doctor Who - Cast & Crew Special - Tennant's Wrap Party,1516484,Entertainment
Daft Punk - Harder Better Faster (Official Video),96377485,Music
MARINA AND THE DIAMONDS - Oh No! [Official Music Video],40758814,Entertainment
The National - "Sea Of Love",7754238,Music
The National - "Conversation 16" (Official Video),2609954,Music
Tokyo Police Club-Listen To The Math,372,Music
Pandora hearts OST 25 - Turn DOWNLOAD MP3,105724,People & Blogs
Sneaker Pimps 6 Underground,2837570,Music
The Burning Red - Machine Head,395520,Music
Blue October-Into The Ocean(with lyrics),5145204,Music
Owl City - Fireflies (Lyrics),106558359,Music
Bill & Ted's Excellent Adventure - The Future Council,558113,Entertainment
MESHUGGAH - Bleed (OFFICIAL MUSIC VIDEO),26979021,Music
Hildegard of Bingen Spiritus Sanctus,673410,Music
Hatebreed "In Ashes They Shall Reap",5874890,Music
Powerman 5000 Drop the Bombshell,543496,Music
Emperor - The Loss and Curse of Reverence,7579,Music
Devin Townsend - Hyperdrive [HQ],593039,Music
Sybreed - A Radiant Daybreak,70790,Music
All I Want Is You - Barry Louis Polisar - Juno Soundtrack,6798208,Music
Best Youth - Hang Out (Official Video),587840,Music
Garden State to Frou Frou Let Go,1870946,Music
Haftor Medbøe Group - As Time Spins Backwards,2022,Music
TOBACCO - Hairy Candy,49805,Music
Asobi Seksu - Thursday (The Twelves Remix),249563,Music
How To Destroy Angels - The Space in Between OFFICIAL VIDEO,460546,Music
Adventure Time - Buff Baby Dance,2073360,Entertainment
seinfeld menage,275117,Comedy
Miss USA - Should Gravity be Taught in Schools?,328162,Science & Technology
Crusader Kings II - Launch Trailer,953721,Gaming
The LEGO® Movie - Official Main Trailer [HD],33635005,Entertainment
Ashton Kutcher Speech - Teen Choice Awards (HQ),3703431,People & Blogs
Somethin' Stupid...,3378998,Comedy
Strong Bad Email #76: Sibbie,108481,Comedy
Atmosphere- GodLovesUgly,6576275,Music
Steven Wilson - Ancestral,860657,People & Blogs
The Stellar Sunset of Evolution Parts 1 2 and 3 - Wretched - NEW 2012,229962,Music
MF Doom - Vervain,182266,Music
Thelonious Monk - Jazz Portrait 3/6 - Coming on the Hudson,10994,Music
Messiaen Cantéyodjayâ (Part 1),4475,Music
Atoms For Peace - Magic Beanz (new song 2013) with Lyrics,89693,Music
John Frusciante - DC EP (2004),143761,Music
Shpongle Live @ London - Nothing is something worth doing (official dvd).avi,636043,Music
Öröm - Csöndben,710366,Music
Indica - Children Of Frost (Lyrics Video),60099,Music
One-Eyed Fish - Anime MV ♫ AMV,549628,Film & Animation
MACKLEMORE X RYAN LEWIS - OTHERSIDE REMIX FEAT. FENCES [MUSIC VIDEO],53084281,Music
MACKLEMORE & RYAN LEWIS - SAME LOVE feat. MARY LAMBERT (OFFICIAL VIDEO),257559197,Music
Macklemore x Ryan Lewis - WINGS (Official Music Video),2014340,Music
VNV Nation - Illusion - Lyrics,362477,Music
Relaxing Arabian Music - Silent Sentinel,222953,Music
Celtic Fantasy Music - Welcome Home,325662,Music
Dark Electronic Music - Dark Grounds,375551,Music
Celtic Music - Land of the Free,1320158,Music
[AMV] Haunter103 - A Feel-Good AMV (Schadenfreude),6630,Film & Animation
Indica Precious Dark,46564,Music
Ain't No Rest For The Wicked by Cage The Elephant |Lyrics|,57509977,Music
Slipknot - My Plague [OFFICIAL VIDEO],15799233,Music
Seether - Broken,12918106,Music
Dropkick Murphys - Kiss Me I'm Shitfaced,2646746,Music
BRING ME THE HORIZON - Diamonds Aren't Forever (UNCENSORED VERSION),12583685,Music
Bassnectar - Timestretch (West Coast Lo Fi Remix) (Official),711601,Music
I Am NOT A WHORE by LMFAO (Lyrics),11696124,Music
The surprising science of happiness | Dan Gilbert,3612033,Science & Technology
Corgi on a Carousel,1866102,Pets & Animals
21 Questions with The Script,96948,Entertainment
William Shatner - Space Oddity,137546,Music
Regular Show - Shake Weight,211676,Film & Animation
The power of vulnerability | Brené Brown | TEDxHouston,2350466,Education
Jeff Tweedy performing the songs of the Black Eyed Peas 3/3,4187,Music
Jeff Tweedy performing the songs of the Black Eyed Peas 2/3,8762,Music
Jeff Tweedy performing the songs of the Black Eyed Peas 1/3,9825,Music
I Am Smiling,149199,Comedy
Bonobo - Silver,495313,Music
Romy and Michele: Time After Time,714202,Film & Animation
Avril Lavigne - Keep Holding On,21222570,Music
9. Evolution Emotion and Reason: Love (Guest Lecture by,317262,Education
The Kilimanjaro Darkjazz Ensemble Twisted Horizons,50611,Music
Over The Top (trailer),654850,Film & Animation
Electric Guest - Amber,380181,Music
Electric Guest - Troubleman,37784,Music
Joe Rogan Cannabis/Hemp Rant,2311,Education
Foster The People / Pumped Up Kicks,11710986,Music
Mozart Violin Concerto No. 2 in D Major K. 211 - 1st Movement - Allegro moderato,17717,Music
J.S. Bach - BWV 1080 - Contrapunctus 10 (alla decima),8570,Education
Kalmah - Time Takes Us All,83257,Music
I'm A Climate Scientist - Extended Version (NSFW),89130,Comedy
Vintage Bach Well-Tempered Clavier Book I Prelude 1 in C,93242,Film & Animation
KATATONIA - Omerta,420937,Music
Havok - Prepare For Attack (HD/1080i),426792,Music
IRON MAIDEN - RAINMAKER (With Subtitles),8501087,Music
Ultravox - Vienna (Official Music Video),9104193,Music
WE ALL KNOW THAT FEEL,33857,Entertainment
Regina Spektor - One More Time With Feeling (Official),1469595,Music
Sad Nyan Cat,1787028,Entertainment
PUSCIFER "Conditions of My Parole" Directors Cut,3672025,Music
Mogwai - Hound Of Winter,195228,Music
Dead Poetic - Sinless City (HQ),11206,Music
Oasis - Wonderwall  (Official Video),296047765,Music
Rainbow  - Temple of The King,295292,Music
Pendulum - Crush (Official Video),14378956,Music
Ivory Tower - Silence,6796,Music
Yuki Kajiura - Fairyland,1063919,Music
Yuki Kajiura - I talk to the rain,1404902,Music
Zbigniew Preisner - L'Aurore (Dawn),388941,Music
Zbigniew Preisner - Lacrimosa,2270645,Music
Dope - You Spin Me Round,946698,Music
Deadmau5 - Ghosts N Stuff (Nero Remix),24014943,Music
The Body Count,443387,Entertainment
Dance of the Manwhore WITH SUBTITLES,675084,Music
AaRON-SEEDS OF GOLD,678472,Music
The Lame Souls (Unplugged & Waves),28721,Music
A Perfect Circle - 3 Libras,5056797,Music
A Perfect Circle - Passive,12617045,Music
Aaron - Birds in the Storm,200317,Music
Machinae Supremacy - Skin 720p w/ Lyrics,51793,Music
Hybrid - Blind Side (Music Video),141128,Music
Up [2009] - Carl & Ellie - What About Now,79738,Entertainment
Stationary is Bad - Rubber Band,163387,Comedy
Endless Mine (Reprise),74555,Music
Frog's Theme (Chrono Trigger) on violin and piano (duet with ViolinTay),183761,Music
Miya Sama,159237,Film & Animation
Funniest bit of 'life of brian',3080965,Comedy
Beautiful Sadness - Butters,48803,Film & Animation
Signalrunners feat Julie Thompson - These Shoulders [Club Mix],18150,Music
Soundgarden - Rusty Cage [Studio Version],2364975,Music
Nicki Minaj - Stupid Hoe (Explicit),119910237,Music
Conan what is best in life?,1830204,Film & Animation
Vegeta's Theme Song,354246,Music
프라이머리(Primary) - '? (물음표) (Feat. 최자 Of 다이나믹듀오 Zion.T)' M/V,5521047,Music
