James Blake BBC Sound of 2011,151121,Entertainment
Kate Bush - The Sensual World,1948861,Music
Dido- take my hand,6740,Film & Animation
Hook on Fonik,10750815,Comedy
isfp & love or whatever.,1636,People & Blogs
Dead Tom's Dead!,155360,Comedy
isfp.,2096,People & Blogs
Tracedawn - In Your Name (Official Music Video),272509,Music
Atreyu - Shameful,677941,Music
Wanting 曲婉婷 - 我的歌声里 (You Exist In My Song) [Trad. Chinese] [Official Music Video],166259279,Music
Crazy dance - Celtic fan. Ragazzo fa il matto allo stadio.,170470,Entertainment
KRAV MAGA EXPERT ROY ELGHANAYAN • Live  Demo to Israeli Special Forces,5224025,Sports
Buffy vs Edward: Twilight Remixed -- [original version],3964926,Entertainment
Dexter in 60 Seconds,661298,Comedy
Doctor Who - "The Ballad of Russell and Julie" Wrap Party Special,2692879,Film & Animation
Regina Spektor - Two Birds,7846748,Music
Regina Spektor - Rejazz,933355,Music
Doctor Who Series 3 Soundtrack: This is Gallifrey Our Childhood Our Home,192844,Comedy
Joe Pug - Hymn #101,257509,Music
Justin Bieber - Baby (Official Music Video) ft. Ludacris,2362131992,Music
AWOLNATION - Sail,28116735,Music
Escape The Fate - Situations,63096853,Music
Speak Easy- 311,290170,Music
proleteR - April Showers,688945,Music
The Strokes - Under Cover of Darkness (Official Music Video),66995384,Music
Fiona Apple - Why Try To Change Me Now,3706452,Music
Vampire Weekend - 'Giving Up The Gun' (Official Music Video),15605303,Music
Goo Goo Dolls - Black Balloon,1331410,Music
The PINES- Cry Cry Crow (Official Music Video),241109,Music
KiD CuDi - Man On The Moon [HIGH QUALITY],1066040,Music
Transformers: Dark of the Moon Super Bowl TV Spot Trailer - Official (HD),4570681,Film & Animation
Emancipator - Anthem (2006),4467445,Music
Emancipator - Anthem (2006),4467445,Music
Cowboy Bebop OST blue Words That We Couldn't Say,16694,Music
Tori Amos - Wild World (Cat Stevens cover) - HQ audio,282101,Music
The Strokes - Heart In A Cage (Official Music Video),13829302,Music
The Strokes - The Modern Age,1437054,Music
River City Extension - Something Salty Something Sweet,79013,Music
Maroon 5 - Misery (Official Music Video),330002160,Music
Maroon 5 - She Will Be Loved (Official Music Video),578913584,Music
Maroon 5 - Wake Up Call (Official Music Video),66561947,Music
The Black Keys - Sister,853676,Music
Indila - Dernière Danse (Clip Officiel),688502732,Music
Riddler & Harley - "Blame It On My A.D.D Baby!",30253,Nonprofits & Activism
[Star Wars] We Were Born to Die |Anakin/Padme|,9712,Nonprofits & Activism
The Amazing Spiderman |  RADIOACTIVE.,28943,Film & Animation
Is Tropical - The Greeks (Official Video),6362739,Music
BB BRUNES - Aficionado [Clip Officiel],3646585,Music
Florence + The Machine - No Light No Light,40408757,Music
Cristofori's Dream by David Lanz (25 Year Anniversary Edition),37144,Music
Zayna - Près de toi,50368,Music
Arthas destiny - Loreena McKennitt.wmv di BiancaMariaCaminiti,18514,Music
Dessine-moi. Corinne Hermès.,78028,Music
Garou - Quand je manque de toi !!!,2900260,Music
Jena LEE - J'aimerais Tellement (Official Music Video),29889774,Music
Raphael - Caravane,2030598,Music
Lady GaGa - Monster,15742156,People & Blogs
Lady Gaga - Highway Unicorn (Road To Love) (Official Audio),5475746,Music
.Hack SIGN Soundtrack - Key of the Twilight,240111,Gaming
Andy you're a star The Killers,1493154,Music
The Fugees-Killing Me Softly,1095499,Music
The Fugees - Ready Or Not,12777820,Music
deadmau5 - Some Chords,1987287,Music
Rihanna - Skin,13259475,Music
Evanescence-Lost In Paradise,28465,Music
P!nk - Don't Let Me Get Me (Official Video),98223230,Music
The Police - Roxanne,102827984,Music
MGMT - Time To Pretend (Official Video),93113034,Music
Justice - ON'N'ON (Official Video),3833448,Music
Florence + The Machine - Shake It Out,101718652,Music
Cradle Of Filth - Nymphetamine Fix [OFFICIAL VIDEO],63917524,Music
Portishead - Roads,54046495,Music
The Weepies - Nobody Knows Me At All [Official Music Video],1473520,Music
I Am A Master Hunter - Laura Marling live at Crossing Border 2011 [FULL],203875,Music
P!ATD-TheDifferenceBetweenMartyrdomAndSuicideIsPressCoverage,375779,Music
Sunglasses At Night - Corey Hart Lyrics,3686309,Music
Mirah - Body Below (lyrics on screen),12618,Music
Classified - All About You,1843989,Film & Animation
Françoise Hardy - Le Temps de l'Amour,6138919,Music
Kavindu "Kavi" Ade performing IT,360994,People & Blogs
Chet Baker - But Not For Me,3655664,Music
Grateful Dead - Brokedown Palace (Studio Version),1920996,Music
Pink Floyd - Pigs (Three Different Ones),369794,Music
This Will Destroy You - They Move On Tracks Of Never-ending Light,256241,Music
Pink Floyd - Careful With That Axe Eugene,5190226,Music
Mogwai - Take me somewhere nice,5706868,Music
Falling Down - Joe Purdy,159753,People & Blogs
Dinah Washington - "This Bitter Earth",139009,Music
eric clapton - River of Tears HQ Sound,310865,Music
Lullaby-Sia,393919,Music
Kwoon - I lived on the Moon / w Lyrics (Official videoclip),1706419,Music
Chet Baker - But Not For Me,3655664,Music
CAN'T HUG EVERY CAT - Songify This  (a song about loving cats),41046706,Film & Animation
Flight of the Conchords Ep 3 Hiphopopotamus vs. Rhymenoceros,18508501,Entertainment
Washed Out - Amor Fati [OFFICIAL VIDEO],1623374,Music
Doug Stanhope : Having interesting thoughts? Don't worry...,330648,Comedy
Gensomaden Saiyuki OP,1103023,Entertainment
Alicia Keys - Fallin' (Official Video),214922595,Music
Anything For You - Evanescence - with lyrics,473722,Music
Evanescence - Good Enough,42463587,Music
Within Temptation - Stand My Ground,16625529,Music
Boom Boom Satellites - Let It Lift,47159,Music
Ghost in the Shell - lithium flower,1066795,Entertainment
EZ3kiel - Versus,208096,Music
Gorillaz Slow Country,736014,Music
Ghostland Observatory - Silver City (CD VERSION),632802,Music
Zedd- Clarity (feat. Foxes) [Zedd Union Mix],643977,Music
Lemaitre - Cut to Black (Official),1649678,Entertainment
Borderlands 2 Music - Wildlife Exploitation Preserve,68897,Gaming
Russian Circles - Xavii,153639,Music
Sigur Ros - Untitled #8,120243,Music
Tycho-Adrift,145770,Music
Explosions in the Sky - Have You Passed Through This Night,60388,Music
Grizzly Bear - Sleeping Ute,1591122,Music
mewithoutYou - In a Market Dimly Lit,144643,Music
Bon Iver - Perth,1083644,Music
Mew - The Zookeper's Boy,188465,Music
Submersible,3654,People & Blogs
Don Caballero - Ones All Over The Place,42927,Music
Battles - Futura | A Take Away Show,410230,Music
Battles - Futura | A Take Away Show,410230,Music
Grandaddy - Jed the Humaniod,55029,Music
Mouse on the keys - Spectres de Mouse,124246,Music
Sun Ra - Saturn,72381,Music
01      Bloc Party - Like Eating Glass          HQ,80549,Music
Sigur Rós - Andvari,83636,Music
Year of No Light - Perséphone,805061,Music
Emeli Sande Read All About It Part 3 Lyrics,39797254,Music
T-ARA(티아라) _ Roly-Poly in Copacabana MV,58779015,Music
Santana - While My Guitar Gently Weeps,6459395,Music
Rebecca Black "Friday" (Brock's Dub),46479194,Music
Pink Floyd - Eclipse,1663047,Music
Samsara - Office Man,379972,Film & Animation
Blood Red Summer - Vitamin String Quartet Tribute to Coheed & Cambria,11140,Music
Ween - Mutilated Lips,1505824,Music
GUILE'S THEME,15974384,Music
Mortal Kombat Theme,5430834,Gaming
Fleet Foxes -  Helplessness Blues,3877131,Music
Listener - You Were A House On Fire,481640,Music
Black Handed Kites - Up,13962,Music
Bon Iver - Blood Bank,5018140,Music
Listener - Falling in love with glaciers,621661,Music
Listener Wooden Heart,1906363,Music
Lighthouse Family - High,84904,Music
Fuzzy Fuzzy Cute Cute - Parry Gripp,9972892,Pets & Animals
Bon Iver - Holocene (Official Music Video),93097131,Music
Converge - You Fail Me [LYRICS + ARTWORK],23073,Music
Bon Iver - Flume,10898884,Music
Frozen Grand Central,37154019,Comedy
Carl Sagan - Pale Blue Dot,4850240,Science & Technology
When In Rome - The Promise (Official Music Video),75483350,Music
Fiona Apple - "Across The Universe",7558152,Music
Phillip Phillips - Home (Piano/Cello Cover) - The Piano Guys,14617323,Music
Johnny Cash - Hurt,5274502,Music
JULIAN SMITH - Eat Randy,9786979,Music
Moonlight Sonata [Remix],6000174,Music
Social Distortion - Far Behind,787239,Music
Fleet Foxes - Helplessness Blues Music Video,501573,Music
Katawa Shoujo OST - Wiosna (Main Title),263497,Music
Trolls 2: Oh my God! (only the yell),775488,Entertainment
LOWKEY - TERRORIST? (OFFICIAL MUSIC VIDEO),5396843,Music
War - Edwin Starr (Original Vinyl),6105839,Music
Coldplay - Lovers In Japan (Official Video),23693059,Music
The Cave - Mumford & Sons - LYRICS,14306471,Music
Fun.: We Are Young ft. Janelle Monáe [OFFICIAL VIDEO],837285871,Music
Mouth of Sauron Sings The Ding Dong Song,4859029,Comedy
Jacqueline du Pré "Cello Concerto  " Dvorak  (2. Mov.) live,91022,Music
Take Care Of Yourself - Teddy Thompson,122603,Music
Samuel Barber - Adagio for Strings,19893274,Music
Break Blade OST - Fate,141721,Music
Boards of Canada - Everything You Do is a Balloon,8727338,Music
Depeche mode - Precious,4266548,Music
Apparitions - Matthew Good Band,626679,Music
More - Parabelle,43595,Music
Parabelle - A Drop in the Ocean,223488,Music
04. Blue - A Perfect Circle,6270336,Music
boards of canada - roygbiv,3143168,Music
Boards of Canada - Everything You Do is a Balloon,8727338,Music
Pearl Jam - Alive,34943001,Music
(Don't Fear) The Reaper - Blue Öyster Cult (1976),1563943,Music
Filter - Take A Picture (Official Music Video),15234077,Music
Moonlight Sonata,73376612,Music
Wish You Were Here Pink Floyd Lyrics,4948400,Music
Afrojack Ft. Eva Simons - Take Over Control (Adam F Remix),3047890,Music
tom and jerry - scream compilation 1,2641797,Entertainment
"Sick Of This" Tales Of Mere Existence,419853,Comedy
The Ghostbusters Escape from the City,322108,Gaming
LittleBigPlanet 2 BETA - Windows: LBP Edition,558987,Gaming
Rez Videogame Music - Level 2 MIST- Protocol Rain,16002,Education
Felicia VS Taokaka (Darkstalkers VS Blazblue) | DEATH BATTLE!,6251330,Entertainment
David guetta feat. Lil' Wayne and Madonna- Revolver (David Guetta Radio edit),16335407,Music
King of Anything - Sara Bareilles (with lyrics),28802,Music
Alice in Wonderland on drugs,28014,Music
Alice in Wonderland on drugs,28014,Music
Stars - Your Ex-Lover Is Dead,2349710,Music
Regina Spektor - "Laughing With" [Official Music Video],6512138,Music
Vitas - The Star,18383237,Music
Cecilia Bartoli-Lascia ch'io pianga,906684,Music
Pachelbel's Canon,6436998,Music
"Procrastination" Tales Of Mere Existence,4166687,Entertainment
Jack's Mannequin - The Mixed Tape (Video),499977,Music
I Am NOT A WHORE by LMFAO (Lyrics),11696124,Music
Lily Allen | Smile (Official Video),100080947,Music
Rihanna - Take A Bow (Official Music Video),518731390,Music
Shogun - Skyfire (Alex MORPH   Remix)   [Full Track],616577,Entertainment
Argo Trailer (Movie Trailer HD),8632154,Film & Animation
Starfucker - Girls just want to have fun,3349992,Music
Happy Little Pill - (OFFICIAL AUDIO) - Troye Sivan,10016663,People & Blogs
Larry David on the horror of social intercourse,516913,Comedy
Blackstreet ft. Dr. Dre Queen Pen - No Diggity (Official Video),229148204,Music
Breathe - Télépopmusik,14567401,Music
The Walking Dead Video "Choices" Game Trailer PS3,20465,Gaming
Metronomy - A Thing For Me (Music Video),6404728,Music
Sister Sledge - He's The Greatest Dancer,109223,Music
Anna Kendrick - Cups (Pitch Perfect’s “When I’m Gone”) [Official Video],562187986,Music
Montell Jordan - This Is How We Do It (Official Video),124667728,Music
Little Bird by The Weepies,218720,Music
Legally Blonde the musical-Gay or European,1530624,Entertainment
Little Bird,18148,Film & Animation
Little Bird by The Weepies,218720,Music
Different,305342,Music
Good Riddance (Time of Your Life) - Green Day with Lyrics,2224303,Music
Becoming a Geisha- Memoirs of a Geisha Soundtrack,3619546,Music
Imogen Heap - Aha!  (Lyrics),1658175,Music
Unwritten - Natasha Bedingfield - Lyrics,41422170,Music
Broken Social Scene- TBTF,20590,Music
The Middle East - Blood,8202260,Music
The Middle East - Blood,8202260,Music
Beirut - My Wife Lost In The Wild,768413,Music
ISFPs Need Alone Time,1592,People & Blogs
Redemption by August Burns Red,1055043,Music
Fun.: We Are Young ft. Janelle Monáe (ACOUSTIC),89274112,Music
Local Natives - Who Knows Who Cares | A Take Away Show,1989264,Music
Sigur Rós - Hoppípolla,7063181,Music
Nada Surf "Beautiful Beat",1087366,Music
Birdemic - Trailer,786885,Trailers
Guru Josh Project - Infinity (Klass Vocal Mix) (Ultra Music),143746947,Music
Ayria- Lovely Day,227325,Music
Hallucinogen - Dark Magus,167639,Music
Edvard Grieg In the Hall of the Mountain King from "Peer Gynt",20290141,Music
OFFICIAL Somewhere over the Rainbow - Israel "IZ" Kamakawiwoʻole,990521932,Music
Sara Evans - A Little Bit Stronger,87098042,Music
How not to make bread,761057,Entertainment
Lil Wayne - How To Love Lyrics,90479768,Music
