Marvel's Avengers Assemble (2012) - Official trailer | HD,43856402,Film & Animation
Rupp Chomping in the Morning,100,Pets & Animals
The Mask of Zorro - Dance scene,689780,Film & Animation
What's on your mind?,16353740,People & Blogs
Nouvelle Vague - I Wanna Be Sedated,129079,Music
Sum 41 - Walking Disaster (Official Music Video),32601682,Music
Kyokushin - kancho Shokei "Akiyoshi" Matsui,372277,Sports
Aly & AJ - Chemicals React,12575790,Music
M83 'Midnight City' Official video,313910563,Music
Coldplay - Clocks (Official Video),321639041,Music
Cool Beas rubs the wrong knee,454530,Sports
Goo Goo Dolls - Iris [Official Music Video],257422526,Music
Goo Goo Dolls - Better Days [Official Music Video],10650384,Music
[DnB] - Feint & Boyinaband feat. Veela - Time Bomb [Monstercat Release],6697165,Entertainment
Quick description of the van,69333,Sports
Adams ride,1640,Autos & Vehicles
[HD] Dubstep: Vexare - Rattlesnakes,1463517,Music
The Rains of Castamere with Turkish and English lyrics [HD],1290047,Music
Official Opening Credits: Game of Thrones (HBO),39083131,Entertainment
Florence & the Machine - Seven Devils - lyrics,4899025,Music
joey doesn't share food,711373,Entertainment
Canibus- Buckingham Palace w/ Lyrics,216196,Music
Last Minutes with ODEN,6165374,Music
Mother Mother - Happy,1093133,Music
FEMM - Fxxk Boyz Get Money (Music Video),2118970,Music
First Aid Kit - Sailor Song [Green Man Sessions],105852,Music
A Perfect Circle - 3 Libras,16274577,Music
Dancing Boobs,433410,Entertainment
Learn to Speak Body: Tape 5,3053441,Comedy
Trogdor the burninator!!!!!!!!!,220201,Music
Placebo - Meds (High Quality),16210704,Music
John Mayer - Daughters (Official Music Video),30574267,Music
Portishead - The Rip (Official Video),10414681,Music
Skinny Puppy - Use Less,221544,Music
Fiona Apple - Paper Bag (Official Video),9093439,Music
Elliott Smith "Miss Misery",7008639,Entertainment
Cults - High Road,1746722,Music
The Killers - Shot At The Night,98539851,Music
Men Without Hats - Safety Dance (Official Music Video),46702994,Music
Worst car accidents compilation,6676182,Autos & Vehicles
Kill Frenzy! - Citizen/GTA:SA bit,4600,Gaming
Christian Bale Freaks Out on Set w/ SUBTITLES OF CREW in background,5543701,Comedy
Christian Bale Sings the Powerpuff Girls Theme,1424116,News & Politics
Lamb Of God - Insurrection (Full Version),14539,Music
Sig P226:  "Warrior Excellence" Pt 1 by Nutnfancy,555809,Science & Technology
Fight Club Men,30411,Film & Animation
Bruce Lee vs Clint Eastwood. Epic Rap Battles of History,68783824,Entertainment
Zomboy - Organ Donor [HQ],544646,Music
Nice Guys,84584554,Entertainment
Bromance (Official Music Video),46006163,Entertainment
Tyler Clark ft. Veela - Gazer  [ Free Download ],20328,Entertainment
THEY WONT STOP DANCING!!!,60,Comedy
Deadmau5 - Ghosts N Stuff (High Quality) [Original Instrumental],2802508,Music
Master Chief vs Leonidas. Epic Rap Battles of History,105447281,Music
Malukah - Age of Aggression - Skyrim Cover,7388082,Gaming
Malukah - ‪The Dragonborn Comes - Skyrim Bard Song and Main Theme Female Cover‬,24207041,Gaming
Freeway ft. JAY-Z Beanie Sigel - What We Do (Official Video),15247409,Music
Bastille - Flaws (Official Music Video),24750711,Music
The danger of a single story | Chimamanda Ngozi Adichie,7627164,People & Blogs
Mind.In.a.Box-sanctuary from the ablum Revelations-2012 (HD),26964,Music
Fahrende Bierkiste in Kaufbeuren  - beer scooter -,1190564,People & Blogs
Peta Wilson foot massage,140413,Film & Animation
CeeLo Green - FUCK YOU (Official Video),112994951,Music
2002 Honda S2000 POV with "3D" Binaural Audio,115532,Autos & Vehicles
antilag,426873,Autos & Vehicles
LOUD Anti-Lag & Backfires SOUND!! 206 WRC Delta HF Integrale Clio R3 LP600 GT3 & More,391402,Autos & Vehicles
Forbidden Society & Receptor - We Don't Give a Fcuk,24847,Music
Blue Stahli - Ready For Battle,87414,Music
"MEDIEVAL LAND FUN-TIME WORLD" EXTENDED TRAILER — A Bad Lip Reading of Game of Thrones,28270616,Comedy
Nujabes - Imaginary Folklore,4943750,Music
Infinite- Shot lyrics [Eng. | Rom. | Han.],93332,Music
AVTechNO! LIMITER feat.Megurine Luka,37215,Music
Kansas Carry on my Wayward son,25369462,Music
Tribute to Snowplow Man,12671,Autos & Vehicles
The Irish Rovers - The Pub With No Beer,687716,Music
Eiffel 65 - I'm Blue,13234914,Music
I'm On A Boat (ft. T-Pain) - Album Version,103127622,Comedy
Styx - Renegade,23648679,Music
Anti-Venom - USS (Ubiquitous Synergy Seeker),665450,Music
Michael Jackson is Dead,9792628,Comedy
Arctic Monkeys - Suck It And See (Live on KEXP),5011920,Music
Owl City - Fireflies (Official Video),379382152,Music
Bruce Lee vs Clint Eastwood. Epic Rap Battles of History,68783824,Entertainment
andrew bird nomenclature,19143,Music
Killing Us Softly 4: Advertising's Image of Women [Trailer] - Available on DVD,2690541,Education
Oh the Places You'll Go at Burning Man!,3709827,Film & Animation
MVI 4628,1888231,Comedy
That Mitchell and Webb Look - Diana Assassination,471834,Comedy
PHAROAHE MONCH  "DESIRE" (official video),642579,Music
Iggy Pop & The Stooges - Gimme Danger,2956539,Music
Pearl Jam - Alive (Official Video),73062109,Music
Jeff Buckley - Hallelujah (Official Video),169783793,Music
Metallica - Whiskey in the jar,40287899,Music
Led Zeppelin - Kashmir (Live Video),9801726,Music
Nirvana - Aneurysm (Live at Reading 1992),17630884,Music
Kaki King - "Pull Me Out Alive" Music Video,1285674,Music
The Kooks - She Moves In Her Own Way,32628625,Music
Guns N' Roses - Paradise City,579122324,Music
Jem 24 Lyrics,3372771,Music
R.E.M. - Drive (Official Music Video),10605563,Music
Enter Sandman - Metallica,2051637,Music
Green Day - Brain Stew/Jaded [Official Music Video],22983076,Music
The Kooks - Ooh La,19546175,Music
Keane - Everybody's Changing (Alternate Version),189596173,Music
Florence + The Machine - You've Got the Love,78362457,Music
The Doors - People Are Strange,31532502,Music
Nirvana - You Know You're Right,1655220,Music
Audio Bullys-We Don't Care,234410,Music
Jet Set Radio Future Music: Medley #08,15706,Music
Logic - We Get High,622038,Entertainment
Ulver - Not saved,428015,Music
Logic - We Get High,11466927,Music
Can I combine Epic Sax Guy with The Delta?,77,Entertainment
Atari Teenage Riot - Destroy  2000 years of culture,383996,Music
Sumone Mysteries Of A Sacred Universe,2025,Music
Marshall Jefferson - Move Your Body,1346897,Music
DJ Screw - Chapter 052 - Only Rollin Red - Can We/I Can't Stand The Rain,698,Music
Sweetheart of Kairi - Leaving You Behind (Sina. Midnight Sun Remix) [HD],1428,Music
Can I combine Epic Sax Guy with The Delta?,77,Entertainment
Guttermouth - I'm Destroying the World,20342,Music
Close to Insanity (The Substance) - Aesop Rock,13589,Music
Cash Out - Cashing Out,52234749,Music
Irepress - Fletchie,10082,Music
Irepress - Fletchie,10082,Music
ASAP Rocky - Houston Old Head (Chopped & Screwed by Slim K),268447,Music
Senses - Rodneys Choice,1196,Music
Ulver - Not saved,428015,Music
Jhene Aiko - Higher W/ Lyrics,4055161,Music
Limp Bizkit - Nookie (Official Video),92812316,Music
Flo Rida - Right Round (feat. Ke$ha) [US Version] (Official Video),159562882,Music
Madvillain - All Caps,14862087,Music
MF DOOM - Doomsday [HD],4018873,Music
Roosevelt Franklin- Insomnia 411 (Ft. Slug & Jean Grae),140280,Music
Carey Price Trolls Reporters,178378,Sports
Snak The Ripper - Forgotten (Official Music Video),11623142,Music
Kids Cover 46 and 2 by Tool / O'Keefe Music Foundation,23528234,Music
Tool - Ænema (Lyrics and Meaning),11585129,Music
Fall Out Boy - I Don't Care (Official Music Video),80463292,Music
Hip Hop Drummers,12316681,Music
house - everybody lies - s01e21.mp4,80955,Film & Animation
Pantera - Cemetery Gates (Full Version),2034823,Music
3OH!3 - I Can Do Anything (High Quality + Downlaod),927280,Music
Life in technicolor ii - Coldplay [NEW ALBUM PROSPEKT'S MARCH 2008],2969255,Music
Slagsmålsklubben - Tjeckien Slovakien Och Tillbaks Igen,174691,Music
Yukari's Theme - Necrofantasia,2511480,Music
mbti stuff,169,People & Blogs
Itchy Pussy - Curb Your Enthusiasm,1273312,Comedy
GuildWars 2 Teaser Trailer,2278040,Gaming
Add it up - Violent Femmes,5241473,Music
SO BAD .- NINA HAGEN,51564,Music
It's Not About The Nail,20763059,Comedy
Kenny Powers - K-Swiss CEO video (Uncensored),5775402,Comedy
Fauré / Jacqueline du Pré 1962:  Elegie in C minor Op. 24 - Gerald Moore piano,553734,Music
Jacqueline du Pré  - Kol nidrei  Op. 47 - Max Bruch + ..Y Sevilla,777607,Music
Edward Elgar - Cello Concerto in E minor Op.85,410804,Music
Hebrides Overture (Fingal's Cave') Op. 26,108265,Music
Gustav Holst - The Planets - Jupiter the Bringer of Jollity,6926639,Music
Woodkid - Iron (Official Video),86275367,Music
6. Where I End and You Begin (The Sky Is Falling In),532706,Music
4. Backdrifts (Honeymoon is Over),208975,Music
Red hot chili peppers - Wet sand,3400021,Music
Last Kiss - Pearl Jam,16681240,Music
Jack Johnson & Paula Fuga - Better Together - 2010 FMQB Triple A Conference,69083,Music
Whose Line UK 10x05 - Three of a Kind,21988,Comedy
TEMPEST FREERUNNING ACADEMY - GYM VIDEO,7854478,Sports
Wingsuit Basejumping - The Need 4 Speed: The Art of Flight,4911429,Sports
M.I.A. - "Bad Girls" (Official Video),129277699,Music
Placebo - Requiem for a dream,1485514,Music
Placebo - Requiem for a dream,1485514,Music
Oasis - Champagne Supernova (Official Video),29630508,Music
WHOURKR - Polygroin (663 Snare Drums),7255,Music
a christmas story.,84324,People & Blogs
the truth about vanity car mirrors,152292,Comedy
TEH: Myers-Briggs Test,38154,People & Blogs
Black Flag-T.v. Party,155286,People & Blogs
les histoires d'a rita mitsouko,99194,Music
Sisters Of Mercy - Temple of Love (Original Version),1786672,Music
Sisters Of Mercy - Under The Gun - A Slight Case Of Overbombing 1993,548707,Music
Queens Of The Stone Age - Go With The Flow (Official Music Video),61703379,Music
The Chemical Brothers - Container Park,283933,Music
A Study in Perspective,11501,Music
A Great Big Pile of Leaves - Pizzanomics,44397,Music
Falling With Style - Reckless (Official Video),76520,Music
Lineout - "There Is a Time" Meandyou Records - Official Music Video,5158,Music
Vela Ceras - New Orleans,1898,Music
STRAY FROM THE PATH - Badge & A Bullet (Official Music Video),1023493,Music
"Reflection" from Balance and Composure's The Things We Think We're Missing,267721,Music
RUNAWAY BROTHER - BLUEBERRIES,13179,Music
Turnover - Most of the Time (Official Music Video),1132094,Music
The Kooks - If Only,778815,Music
Attack Attack! - AC-130,1235014,Music
Neck Deep - Kick It,222793,Music
Lower Than Atlantis - "Far Q" Distort Ent,81016,Music
Falling With Style - "Different Eyes" A BlankTV Premiere!,36308,Music
Panic! At The Disco: I Write Sins Not Tragedies [OFFICIAL VIDEO],326570863,Music
Chunk! No captain Chunk! - In Friends We Trust,5498213,Music
Balance and Composure "Quake" (Official Music Video),601588,Music
For The Win - Break the Ice,85357,Music
fastest reaction time of a human being!,1873922,Entertainment
