ScHoolboy Q - Man Of The Year,80609507
The Magic Conch Shell has spoken!!,1004560
Christopher Norman - Integrate,683053
HERE WE GO - DJ BL3ND & MODULATION,1202573
Bishop Allen - "Dimmer" (Official Video),143794
Tourette's Guy and the Lion King,795117
Tourette's Guy, Best Of,34026823
Morrowind Theme Song,2632721
@katiecouric: Drake,416163
DP/30: The Descendants, actor Shailene Woodley,103245
Agent Smith and Cypher,719995
My Favorite Things - Sound of Music,4237738
Chopin Nocturne Op.9 No.2 (Arthur Rubinstein),18769356
President Obama: "I'm Really Proud of All of You.",9482286
Radiohead - Creep,444153686
fun. - Be Calm [AUDIO],4316867
Motion City Soundtrack - Everything Is Alright,3598352
Trainspotting - Final Part (Original),584985
Sunday Girl - Self Control,370257
Whitney Houston - I Will Always Love You (Official 4K Video),1013269191
George Michael - One More Try,109047145
Shania Twain - You’re Still The One (Official Music Video),161071903
Toni Braxton - Un-Break My Heart (Official Music Video),522326765
RED - Hymn For The Missing (Lyrics video),1216517
Motivational Video - Keep moving forward [HD],161396
Pop Evil - Monster You Made (Official Video),3372122
Reel Big Fish: Cheer Up!,331441
Decyfer Down Fading Lyrics,1573061
Skillet - Live Free Or Let Me Die (Lyrics),1699168
Seether- Rise Above this (Official Video),667311
Blue Stahli Vs Korn-Coming Undone [Remix],3387699
Rev Theory-Far From Over,407287
Dido - Everything To Lose (Armin van Buuren Remix),3676135
Say Lou Lou - Julian (The Chainsmokers Remix),5344103
AZEDIA - Requiem For The New World,557046
Rebecca Black Interview: 'Friday' Singer Discusses the Dark Side of Fame,2182223
Moonlight Sonata,73366328
Darth Vader and the Imperial March on Bagpipes and Unicycle - The Unipiper,2092654
ENFP vs INFP,100898
Vienna Teng   Aims   01 Level Up,55575
Aloe Blacc - Green Lights,1429985
Defining a "Rusty Venture" | The Venture Bros. | Adult Swim,451720
ORIGINAL VIDEO - Bitchy Resting Face,7975123
Christmas vacation- Tylenol and flipout,570983
Julieta Venegas - Sueño de Sombras,69171
Rihanna - We Found Love ft. Calvin Harris,938077960
Bob Marley - One Love,193554950
Buena Vista Social Club-Chan Chan,21213725
Major Lazer - Mary Jane,2728142
The Spider Who Couldn't Hide,16147130
MACKLEMORE & RYAN LEWIS - SAME LOVE feat. MARY LAMBERT (OFFICIAL VIDEO),256766264
Pearl Jam - Jeremy (uncensored version),122485109
Soundgarden- Mailman,115308
Cosmo Jarvis - Gay Pirates,2422084
Christopher Tin - Baba Yetu (Official Video) feat. Soweto Gospel Choir,20505019
Regina Spektor talks about belief and religion,66244
Train - 50 Ways To Say Goodbye (Lyric Video),19512490
Never Leave Your Heart Alone,87084
Susie Suh - All I Want,501021
Susie Suh - Light On My Shoulder,264816
Maria Mena - Habits (feat. Mads Langer) (lyrics in the description),1978920
The xx- Heart Skipped a Beat [with lyrics],1934470
The Incredible 14-year-old Who Bought a House,12106840
Be Honest - Jason Mraz,666287
Validation,10076483
B.o.B - Wide Open ft. Ester Dean [Official Audio],511349
[S] Girl With One Eye (Homestuck),1474679
the Fratellis - Chelsea Dagger,7204967
Arctic Monkeys - Fluorescent Adolescent Lyrics,8796015
Under Siege 2: Dark Territory - Train Crash (Full Scene HD),497022
Rodeo Ruby Love - A Small House In The City,4717
The Temper Trap - Sweet Disposition (Official Video),6250893
Edward Sharpe and the Magnetic Zeros - Simplest Love,282761
This Year - The Mountain Goats (Doctor Who),10482
Deadmau5 - Ghosts n Stuff,44490910
Sophie tries to get Parker to be more "social".,18435
A very powerful ad,3009896
Natural Ketchup,363745
Annette Hanshaw - My Blackbirds Are Bluebirds Now 1928,4162
You can't hold a raptor in a closet. They're too smart.,3510507
Circletine (ORIGINAL),3156388
Guile Theme goes with everything (Mighty Morphin' Power Rangers),226448
BATHROOM SPIDER ATTACK! (7.2.13 - Day 1524),274619
Phil Collins - A Groovy Kind Of Love (Official Music Video),20484776
The Cardigans - My Favourite Game,29001637
Within Temptation - Radioactive (Imagine Dragons Cover),4981333
Questions about my type- ENFJ,64
Questions about my type- ENFJ,64
RIVERSIDE - Celebrity Touch (OFFICIAL VIDEO),1000131
HARLEM SHAKE (FOREVER ALONE VERSION),388127
