Jermaine Dupri - Welcome To Atlanta ft. Ludacris,11311573,Music
One of the BEST Motivational Videos I've ever seen!,8035345,People & Blogs
KONGOS - I'm Only Joking,14589858,Music
Latarian Milton Hoodrat Remix,1452139,Comedy
Slipknot - Duality [OFFICIAL VIDEO],276847367,Music
Korn - A.D.I.D.A.S. (AC3 Stereo),32494587,Music
What Would Jesus NOT Do?,1109224,Nonprofits & Activism
The Dresden Dolls 'Girl Anachronism' music video,4146008,Music
Nick Drake- Riverman,3555515,Music
Techno-Tubbies Remix,210361,Comedy
Leonard Cohen: The Stranger Song,8235184,Music
Bill Evans "Peace Piece",3775254,Music
notwist - consequence,858603,Music
Ted: Thunder Buddies Song (ORIGINAL),5590960,Film & Animation
Ultravox - One Small Day,173271,Music
Gotye - Smoke And Mirrors - official audio,3972506,Music
Unicorn Kid - Chrome Lion,39309,Music
zember - Slop drone metal (edit),7646,Music
Miss Blonde Your Papa Is Failing--of Montreal,14827,Music
Natalie Cole - Ev'ry Time We Say Goodbye,545173,Music
We Ran Out of CD Space Music Video (finished),88387,Film & Animation
So You Want to Go to Law School,1889342,Film & Animation
Dayman,6380893,Entertainment
The great porn experiment | Gary Wilson | TEDxGlasgow,13689472,Education
Better off Ted 1x01 trailer #2,218095,Film & Animation
Fever Ray 'Keep The Streets Empty For Me',24877942,Music
TEDxRiverCity - Robert Stickgold - Sleep Memory and Dreams: Fitting the Pieces Together,137390,Science & Technology
Les « Power Chords » (99/121) The Offspring : Come out and play (1/2),4173,Music
Late Bloomer - Short Film - Sundance Film Festival,3387032,Entertainment
Johnny Ableton - Vivaldi's House [free download] (progressive house),606,Music
Don't Hug me I'm Scared,62746570,Film & Animation
Sublime - Caress Me Down,18321284,Music
FantomenK - A Tiny Spaceship's Final Mission,556318,Music
Starfucker // Julius (tour practice video),16420,Music
EELS - In My Dreams - from HOMBRE LOBO,738570,Music
Eels Beginners Luck (Hombre Lobo 2009),260636,Music
Russell Howard on super powers,5066,Comedy
Thom Yorke Has To Pee,289807,Comedy
Thom Yorke auditions for a part in Black Swan (Radiohead- Lotus Flower Dance),94504,Entertainment
[LQ] "Friends" - Flight of the Conchords,2113049,Entertainment
George Clinton & Parliament Funkadelic - Flashlight (Best Version & HQ),142679,Music
Monty Python and the Holy Grail,1035597,Comedy
Ekatarina Velika - Par godina za nas (1989),8932593,Music
Alice In Chains - Heroin,183831,Music
Soundgarden - Been Away Too Long (Official Video),3481475,Music
Soundgarden - Been Away Too Long (Official Video),3481475,Music
DLM prolecni dan,431101,Music
Idoli - Maljciki,5588826,Music
Soundgarden - Jesus Christ Pose [Studio Version],927657,Music
Walter Trout - Satisfied (Live Studio),134320,Music
Riblja Corba - Zvezda Potkrovlja i Suterena - mp3 kvalitet,158509,Music
Men Without Hats - Safety Dance (Official Music Video),46667240,Music
Bach "Little" Fugue in G Minor BWV 578 "free mp3",369542,Music
Richard Dawkins Interviews Creationist Wendy Wright (Part 1/7),1533867,Education
pink floyd jugband blues,288850,Music
Mr. Bungle- Pink Cigarette Music Video,4856956,Film & Animation
The European Union (anthem),1319684,Music
Grandma's Boy -- JP Raw Footage,634571,Comedy
Richard Wagner - The ride of the Valkyries from "Die Walküre",9225588,Music
Sherry Frankie Valli and the Four Seasons,100365,Music
Jonathan Haidt: The moral roots of liberals and conservatives,554063,News & Politics
Embrace \\ songbysong\emotivehardcore.com,2592,Music
American Psycho - Intro to Patrick Bateman,1387710,Comedy
Doug Stanhope - You're Taking the Wrong Drugs,180747,Comedy
Scrubs 'I Felt It Move!',134739,Comedy
Best comeback ever,2334586,Comedy
Scrubs- Cancer Joke,59626,Entertainment
Bob Marley - Stir it up,81647674,Music
95 South - Heiny Heiny,64272,Music
Mathematics as an Art,1168,Science & Technology
Spose - I'm Awesome,16315606,Music
My Morning Jacket - Wordless Chorus,1384946,Music
A Song About Love,3312031,Music
Foo Fighters - All My Life (Official Music Video),81414171,Music
The Killers - Mr. Brightside (Official Music Video),403806542,Music
AWOLNATION - Sail,28116204,Music
Paramore: Ignorance [OFFICIAL VIDEO],123970468,Music
Skrillex - Reptile,52848907,Music
Paramore: Monster [OFFICIAL VIDEO],73807762,Music
Des CONSEILS de vie pour rester MOTIVÉ toute la journée !,103874,Entertainment
Psyche-Type & Love: Why shared perception?,5262,Education
Psyche-Type & Love: Why shared perception?,5262,Education
Creepy Guy At Work Dane Cook Halo,42652,Comedy
Savage Garden - Affirmation (I believe) Lyrics,2045803,Music
3 Types Of Players,1293538,Comedy
Not your buddy guy!,2031244,Comedy
Singlish chat from 98.7FM Animation http://www.lemongraphic.sg,582432,Comedy
Mace Windu uncensored (by TenaciousA),1286330,Education
Beck - Loser,131976915,Music
Linkin Park - By Myself (lyrics In description),3305493,Music
Discovering Gwen Stefani 1991,1238360,Entertainment
All quotes from Portal 2's "Space" sphere,2074708,Gaming
Semisonic - Chemistry (Explicit Version),638841,Music
Dave Matthews Band - Funny The Way It Is (Lyrics),1723730,Music
THE SUNSCREEN SONG (Class of '99) | Baz Luhrmann - Everybody's Free To Wear Sunscreen (English CC),10385723,Music
Atmosphere - Say Hey There (Official Video),1693427,Music
Idiocracy Short Clip UN,212651,Entertainment
Brother Ali - Take Me Home (Official Video),4087477,Music
Girls Don't Poop - PooPourri.com,43602006,Howto & Style
Sum 41 - Fatlip (Official Music Video),107610714,Music
Northlane - Quantum Flux [Official Music Video],8593834,Music
Type Interactions: ISFJ & ENTP Part I,4193,Science & Technology
Tim Minchin - The Good Book,173452,Music
The Boondocks The Easy Way or the Hard Way,3469573,Comedy
The Weeknd - High For This,70979484,Music
System Of A Down - Psycho (Live @ BDO 02),11229895,Music
ALWAYS I WANT TO BE WITH YOU,4525072,Comedy
TAN BIONICA - Arruinarse,15439942,Music
Shadows - Lindsey Stirling (Original Song),150314448,Music
Spontaneous Me - Lindsey Stirling (original song),37137250,Music
We Found Love - Lindsey Stirling (VenTribe),60823106,Music
Electric Daisy Violin- Lindsey Stirling (Original Song),59790715,Music
30 Rock's Jack Donaghy's Guide to Manipulation,488423,Entertainment
J. Geils Band - Centerfold (Official Music Video),25829774,Music
Dvorak - New World Symphony - Part One: 4th Movement Dublin Philharmonic Conductor Derek Gleeson,3816867,Music
Andrew W.K. - It's Time To Party - Official Music Video,933992,Music
Les Champs-Élysées - Walk off the Earth,3016794,Music
GHOST IN THE STALLS / STORY,14228955,Comedy
Dick Figures - Traffic Jams (Ep #4),8954721,Entertainment
The Chemical Brothers - The Salmon Dance (Official Music Video),23979557,Music
smoke,61,People & Blogs
Imogen Heap - Hide And Seek (Official Video),29186530,Music
Explosions In The Sky (EITS) - Your Hand In Mine (With Strings),28162,Music
Take Five - The Dave Brubeck Quartet (1959),2497059,Music
Steve Reich "Music for 18 Musicians" - FULL PERFORMANCE with eighth blackbird,1483453,Music
Radiohead - Paranoid Android,3057923,Music
of Montreal - When You Come Around (Everything Disappears),1846,Education
Weekend - Neon Trees,75225,Entertainment
Super Driver AMV -  Suzumiya Haruhi Season 2 Full OP Song + Video,6038019,Music
Silverstein - Call It Karma (acoustic),2882652,Music
Brand New - Jesus,1014856,Music
World's Smallest Magnetic Byte - Sixty Symbols,183147,Science & Technology
Steeleye Span - Drink Down The Moon,147992,Music
Violent Femmes -- Kiss Off,934596,Music
MGMT - Electric Feel (Official Video),143568510,Music
THE #1 ILLUMINATI SECRET REVEALED .... SHOCKING must see ★★★★★,18937,News & Politics
Holy Grail - Killer Bunny,6999222,Comedy
nope.avi,13196313,Entertainment
ScienceCasts: Why the World Didn't End Yesterday,4008524,Science & Technology
Pinkie Pie - Welcome Song,362350,Entertainment
NO GOD! PLEASE NO!!! NOOOOOOOOOO,29346266,Comedy
[dunkelbunt] ft Raf MC & Fanfare Ciocarlia - The Chocolate Butterfly,246994,Entertainment
Antibalas - Che Che Cole (Makossa),147314,Music
system of a down-vicinity of obscenity,5343821,Music
Conversations with History:  John Mearsheimer,71263,Education
Banned University of Lincoln Advert,2647946,Comedy
I LIKE TRAINS (asdfmovie song),56157263,Music
"Russian Unicorn" — a bad lip reading of Michael Bublé,10721141,Music
The Heavy - How You Like Me Now? (Official Video),29114075,Music
The Black Keys - Tighten Up [Official Music Video],81803719,Music
Gorillaz-All Alone,6864960,Music
Jerry Seinfeld - Stand Up Routine,558096,Comedy
AMY SCHUMER-Fancy Connecticut Friends,344676,Comedy
We've got a badass over here!,149281,Music
Please Don't Bury Me John Prine,1921209,Music
Jace Everett - Bad Things (Official Video),8121629,Music
Pantera - This Love (Official Music Video),24320075,Music
Pat Metheny on Kenny G,392929,Music
György Ligeti: Lux Aeterna,1631021,Music
Michael Hutchence - Interview VH-1 to 1 1994,306899,Music
Hybrid - Choke,382003,Music
The Venture Bros.: Ssssssssssssscience,83956,Comedy
Grieves - Bloody Poetry (Acoustic Cover) *Redo*,478,People & Blogs
Staind - It's Been Awhile (Official Video),140300985,Music
Queen - We Will Rock You (Official Video),443941515,Music
Eddie Obeng: Smart failure for a fast-changing world,141563,Education
Guns N' Roses - Sweet Child O' Mine (Official Music Video),1161361065,Music
Pink Floyd "Shine On You Crazy Diamond" Syd Barrett Tribute,25231061,Music
Metallica - Whiskey in the jar,40273843,Music
Sting - Desert Rose (Official Music Video),200894345,Music
Imagine Dragons - It's Time,476997538,Music
SMASHING FRUIT!,38929,Comedy
going to the store,31882334,Comedy
SBS인기가요 태티서 [Twinkle](673회),1925063,Entertainment
Brain Surgeon - That Mitchell & Webb Look  Series 3 - BBC Two,3882826,Entertainment
My Drunk Pumpkin,1699354,Comedy
Kai Straw - Flower Child,4764,Music
Gifts from Enola - Thawed Horizon  (Lyrics included),1240,Music
Igorrr - Tendon,854939,Music
Dev - Fireball,8467178,Music
Gotye - Get Acquainted (Faux Pas),5974,Film & Animation
Excision & Datsik - A Millie(Dubstep Remix)    *[Weevo Dubstep]*,1598138,Music
Lights - Everybody Breaks A Glass [Official Lyric Video],1112804,Music
Wolfsheim - Find You're Here & Find You're Gone,3771820,Music
Florence + The Machine - Dog Days Are Over (2010 Version),144168465,Music
PSY - GANGNAM STYLE(강남스타일) M/V,3876153389,Music
The Winstons - Amen Brother,3882359,Music
Miguel - Hero  (Lyrics),135342,Music
MAXI PRIEST - Close To You (WITH LYRICS),4145696,Music
Miguel - All I Want Is You (Feat. J. Cole) [NeW 2o10],2641869,Music
Eydie Gormé y Los Panchos Sabor a mi,4561134,People & Blogs
The Kills - U.R.A Fever (Official Video),6382694,Music
Desert Rose - Eric Johnson,406994,Music
Owl City - Fireflies (Official Video),378778717,Music
Superchick - Rock What You Got,362536,Music
Television Personalities - Geoffrey Ingram,75080,Music
Bob Dylan - Most Likely You Go Your Way (And I'll Go Mine) (Mark Ronson Remix (video)),2861744,Music
OUROBOROS | SANCTUARY  (Official Music Video + Lyrics),431646,Music
Brains! - Voltaire,3294035,Music
Switchfoot - Meant to Live (Live Video Version),5823968,Music
Inglorious Basterds ENTIRE Italian Scene,143754,Film & Animation
Agent smith laugh,224132,Film & Animation
Geto Boys - Damn It Feels Good To Be A Gangsta,7678066,Music
Barenaked Ladies - One Week (Official Music Video) | Warner Vault,27362628,Music
The Most Annoying Sound In The World,6053072,Comedy
MGMT - Electric Feel Lyrics,22683536,Music
Ken kicks a puppy,184115,Film & Animation
Sean Hayes "Drop Down",5383,Music
Mindflex-Move an Object With The Power Of Your Mind?,5963,Entertainment
Mungo Jerry - In The Summertime ORIGINAL 1970,109889800,Music
Show Me Your Genitals,77319217,Comedy
brian regan UPS,4759633,Comedy
Silversun Pickups - The Royal We,49068,Music
Silversun Pickups - "Kissing Families",2254223,Music
The Doors - People are Strange,7805912,Music
J. Cole - Runaway (Prod. by J. Cole Elite & Ron Gilmore) with Lyrics!,1634050,Entertainment
Mono - Yearning,589470,Music
Mono - Halo,963113,Music
Doug Stanhope on nationalism,1831876,Comedy
RDJ on O 4,218388,People & Blogs
Kanye West - Big Ego w/ lyrics,327494,Music
Mufasa's Ghost,716098,Film & Animation
Input - Walking In Circles,64483,Music
Girls' Generation 소녀시대 'Gee' MV,262596061,Music
J.S.Bach (Arr.Rachmaninov) - Partita BWV1006,24509,Music
Sviatoslav Richter plays Rachmaninoff Concerto No. 2 (6/6),87833,Music
Ashkenazy plays Rachmaninov Prelude Op.23 No.4 in D major,381517,Music
Cage The Elephant - Shake Me Down,37251851,Music
Photo Compilation - Incubus ; Aqueous Transmission,759265,Film & Animation
Russell Brand On Newsnight [Full Interview],402996,Entertainment
Space Lion - The Seatbelts (Cowboy Bebop OST 1),22059,Music
Pokémon Apokélypse: Live Action Trailer HD,12906118,Film & Animation
Durex Get it On Viral,3703435,Film & Animation
Homeboy Sandman VIDEO PREMIERE!!! Lightning Bolt. Lightning Rod.,124684,Music
Little Armenia-Glendale,42013,Travel & Events
Big Bang Theory minus laugh track,290786,Comedy
Adam WarRock "The Rains of Castamere" [Game of Thrones],105991,Music
