Things I Wish I I Learned Earlier,112432
M People - Search for the Hero,4957762
ARE  YOU  HAPPY  NOW  "DIE",1248
TNG: Most Secure Password: Insane Edition,25147
My Bloody Valentine - When You Sleep,3167901
La Dispute- To Withstand The Force Of Storms,126183
ORIGINAL VIDEO - Bitchy Resting Face,7975125
No Cash - Pierce The Gates,48438
Gotye - Somebody That I Used To Know (feat. Kimbra) - official music video,1540523362
Dream On Dreamer - Yourself As Someone Else,131024
Ellie Goulding - The Writer (Official Music Video),17029312
Plastician - Japan,1696414
Julian Plenti - "Games For Days",1345030
The Wombats - Techno Fan (Official Video),4905898
The Wombats - Techno Fan (Official Video),4905898
Cage The Elephant - In One Ear,7420129
La plage - Yann Tiersen,9515516
God Is An Astronaut- Forever Lost,1729117
MONO - Follow The Map,436077
A Walk to Remember Trailer,11037382
She's The Man Trailer,8426935
Lifehouse - Halfway Gone (Official Video),20894370
Can We All Just Get Along? For The Kids & Old People? RODNEY KING SPEAKS!,643272
Breaking Bad Funny Moment,366079
MACKLEMORE & RYAN LEWIS - "Irish Celebration" (Official Music Video),23393951
@katiecouric: Chelsea Handler,287624
Strikeforce - All Access: Ronda Rousey - Full Episode 1 - SHOWTIME MMA,636165
Charli XCX - Break The Rules [Official Video],160750794
BLUEJUICE I'll Go Crazy (Official Video),113242
The Kooks - Junk Of The Heart (Happy),1856604
Little Lou, Prophet Jack, Ugly John feat. Norah Jones,35332
Lily Allen - Knock Em Out,2534386
A Day To Remember - I'm Made Of Wax, Larry, What Are You Made Of? (Official Music Video),11746393
Eric Yow master of trickshot (snooker),77651
