FLYING IN MY PJs - [Living In Alaska 256],20324
Jinkis - A Thousand Miles Away (Instrumental Mix) (Melodic Dubstep),14965
Startle The Heavens - The summer air lingers,1500
Handshake Confusion,1470953
Lucksmyth - Rooks,9798
A Trip Through Time: 6 Years in 14 minutes (2005-2011) (420 Friendly),3514
Life Is Probably A Video Game,40359
Motion City Soundtrack - My Favorite Accident,88527
The White Buffalo - Oh Darling what have I done,23822488
The Big 4- Am I Evil [Sofia Bulgaria] (DVD Release),36884
Staind -This is Beetle aka The BeetleJuice Song,336587
Ronnie James Dio - The Last in Line live,1327892
Down - Bury Me In Smoke (Live),2890678
Machine Head - Aesthetics Of Hate (Official Music Video),236801
VAST- loneliness is fine (2008),161481
Trainspotting - Final Part (Original),584985
Salvador Dali Short Interview,5513
Jim Jarmusch,107225
Feist Interview,57833
Renee Louise Carafice interview on NZOWN,1307
Eddie Vedder jumps from tv-mast into the crowd,448453
Babel in tokyo,54991
Elis - Forgotten Love,70774
Missing - Evanescence,994237
"Untouchable Face" Ani Difranco (1996 - America),878467
DatsiK - Jenova Project [dubstep]      MENTALLLL,3972938
: Squirrel Songs V : Foamy The Squirrel,630493
Skrillex - Scary Monsters And Nice Sprites (Official Audio),316283763
Plain White T's - Hey There Delilah (Official Video),78907688
Sixpence None the Richer - Kiss Me (Official Music Video HD),1812319
AVANTASIA - Carry Me Over (OFFICIAL VIDEO),3271715
Vivica - Jack Off Jill Music Video,91448
The Dresden Dolls - "The Kill" Music Video,1593220
Regina Spektor - "Samson" [OFFICIAL VIDEO],24020132
AnsoticcA "I'm Alive" Official Music Video,1559319
Rise against- savior [lyrics],920182
Dr Seuss VS Shakespeare.  Epic Rap Battles of History,95931724
Betty Butterfield - Tragic Life,138458
Marina & the Diamonds - Numb [WITH LYRICS],1095545
Skrillex - Scary Monsters and Nice Sprites (Dirtyphonics Remix),16632307
John Legend- PDA (We Just Don't Care),1927737
Sigur R√≥s: Ekki m√∫kk (moving art),2304333
Dinah Washington - This Bitter Earth,1978380
Nighttime,2077
Cobra Starship: You Make Me Feel... ft. Sabi [OFFICIAL VIDEO],134835911
Ashley MacIsaac - Sleepy Maggie,193418
Whitest Kids U' Know - Sniper Business,7990092
My Bloody Valentine - When You Sleep,3167665
Harry Potter and the Logical Solution,868278
Disney Geneticists Debut New Child Stars,2017523
Kim Jong Il Announces Plan To Bring Moon To North Korea,1287872
Say Anything (1989),1303301
kyoteizinc (video mix),331353
Alex Morph - Walk The Edge,166197
[Live] Kokia - Chouwa oto ~with reflection~ [Bataclan 2007],844943
Bruce Willis - Late Show - 2010.02.01 (Part 2),42975
‚ô´ Last Carnival,768293
Cloud Atlas: Sonmi~451 - Final Speech,191608
Cops & Clergy Condemn the War on Drugs,6235
Incise - Paving the Way (re:plus Remix),90005
Y Society - Dizzy,10345
Its A Stoners Life,187765
Yogi feat. Briohny Thomas - Sumtin (You Gimme That) (Original Mix),2947
The Beautiful Girls - La Mar,2487062
DOG,6599386
Disney Pixar's Up -Married Life - Carl & Ellie (HQ),11502626
Robert Plant - Darkness,16163
Zeraphine - Out of the Void,75972
Nine Inch Nails - Only,9487962
Archive - Lights [Full Version],3386671
Fireflight - Recovery Begins(lyrics),135153
Sixx: A.M. - This Is Gonna Hurt (Lyrics),338224
Imaginary- Evanescence- Lyrics,2420861
HAPPY WHEELS - FUNNY MOMENTS MONTAGE #3,29855651
To the moon - for river (Piano version),450674
HAPPY WHEELS - FUNNY MOMENTS MONTAGE #3,29855651
Lady Antebellum - Just A Kiss,99695095
The power of vulnerability | Bren√© Brown,14384913
Recoil - Want,259448
THE PAPER (1994): Movie Trailer,95189
Amy Macdonald - Somebody New - With lyrics,527299
Gravitation OP Super Drive-Sakanoue Yosuke,61306
Mad World - Gary Jules,154141355
The Feeling - Sewn,1955606
Ghost Loft - So High (Official Music Video),2243728
Beacon - Bring You Back,261797
Grimes - Genesis,65808050
Violent Femmes - Promise,69875
20th Century Boy,6776256
OK Go - This Too Shall Pass - Rube Goldberg Machine - Official Video,67016084
INFJ vs INFP,201921
INFJ vs INFP,201921
It Was A Kindness You Done - The Green Mile (4/5) Movie CLIP (1999) HD,236822
Team America: World Police (6/10) Movie CLIP - I'm So Ronery (2004) HD,7360420
Soundgarden - Fell On Black Days,43156622
Andy Deck 2011 Arnold Amateur Strongman Competition,22029
Type O Negative - I Don't Wanna Be Me [OFFICIAL VIDEO],11834022
Nightwish - The Islander,2811376
Bruce Springsteen - Radio Nowhere - New Single,1067569
Boomin Granny by Beastie Boys,149454
Megadeth - Train Of Consequences,456180
BR5-49 - Little Ramona (Gone Hillbilly Nuts),52868
Birdy - People Help The People [Official Music Video],164805868
Band of Horses - The Funeral [OFFICIAL VIDEO],40150223
The Irrepressibles - In This Shirt (lyrics),6947010
The Irrepressibles - In This Shirt (lyrics),6947010
City and Colour - Little Hell,369884
Carly Rae Jepsen CALL ME MAYBE - Rolanda & Richard (Parody),139784132
Movin Like Richard,21031492
DISRESPECTFUL GIRLFRIEND - @SpokenReasons,12130396
Cinematic Orchestra feat. Patrick Watson - To Build A Home (Live),11358973
NAT KING COLE-The Very Thought of You,34906
Priscilla Ahn - Willow Weeping,222959
The Avett Brothers - Love Like the Movies,411917
USAHAY by VINA MORALES - The Perfect Cover !,497851
Lupe Fiasco- Bitch Bad,6566
Cute kid swearing  --  Fox on the Beach...?,540799
Barking cat gets caught! (ORIGINAL),24444405
Baby Can't Stay Awake or Asleep,100130
The Supremes: You Can't Hurry Love - Original (Take 1),16071270
Chopin Nocturne Op. 9 No. 1 in B-flat Minor (Arthur Rubinstein),733760
Poor Moon - "Illusion",46846
I Can't Decide Scissor Sisters 03/17,99257
Pay it Forward,317787
Existence - Mushishi,4654
Oprah Winfrey's 2008 Stanford Commencement Address,1699855
INFJ Questions,112
Little Person (Synecdoche, New York),1411423
Batman Can't Stop Thinking About Sex,44825927
Batman vs. The Scarecrow,12767880
RSA ANIMATE: Smile or Die,2485323
New Sun Drop Soda Commercial 2011 VERY FUNNY DANCING,587458
Rewind - Kelela (Official Audio),112523
Koyama Erina - Kai,40031
Seinfeld - George isnt at Home,130781
Max Richter - The Nature of Daylight,1490976
ROAR - KATY PERRY (LIP DUB),2594622
Wingardium Leviosa (Harry Potter Parody Animation) - Oney Cartoons,54276991
The Perks of Being a Wallflower -  Fight scene,1364698
All Systems Go by: Boxcar Racer,378693
MWY,2991
Passion Pit - Smile Upon Me,2561503
Jessie J - Nobody's Perfect (Official Video),116407166
Disturbed - Stricken [Official Music Video],66777307
Across The Ocean - Azure Ray,71007
Jon Hopkins - Light Through The Veins (Full 9 Minute HQ Version),537344
√ìlafur Arnalds - Lj√≥si√∞ (Official Music Video),3477957
Sunscreen Song,1444816
make something beautiful before you are dead (2012),226461
FLUME - Major Lazer -Kilter x MattMiller- Gravel Pit -Ta-Ku-Higher, Insane Featuring Moon Holiday!,305452
Flume & Chet Faker - Drop the Game [Official Music Video],181757346
Emilie Simon - Jetaimejetaimejetaime (clip officiel),255161
Daughter - Youth,12991160
THE FRAY - HEARTLESS (LYRICS),2161693
Susumu Hirasawa - Seh le mao,133724
Eternal Sunshine Of The Spotless Mind Trailer,3344395
Ben Cocks - So Cold (with lyrics),84847367
Leona Lewis - Happy Lyrics,84293
Procol Harum - A Whiter Shade Of Pale - 1967 with lyrics,45320
Carrie Underwood - Good Girl ( Lyrics ),214884
Shrek Soundtrack   11. The Proclaimers - I'm On My Way,10160108
The Neighbourhood - Sweater Weather (Official Video),402279607
Boyz II Men - It's So Hard to Say Goodbye to Yesterday (with lyrics),8480815
Where'd You Go - Fort Minor (censored version),53680
Sade - By Your Side - Official - 2000,82357057
Ace of Base - All That She Wants (Official),16499082
Pitbull  I Know You Want Me FULL (HD) 1080p OFFICIAL VIDEO,1327604
Speechless - Morning Parade [lyrics],148040
If You Only Knew - Maroon 5,53639
Billy Joel- She's got a way,1374487
Selena Gomez - Slow Down (Official),353866670
Journey - Don't Stop Believing Lyrics(HD),105712
In A Big Country by Big Country,999515
Billy Joel - Uptown Girl (Audio),2273954
Shivaree - The Snake,186700
Serpents - Sharon Van Etten (Lyrics),195510
One Step Closer (Official HD Video) - Linkin Park,113980530
Red - Animation Short Film,3560130
Fury of a Time Lord,374085
Time machine - Godspeed,132878
Jill Scott - Golden,14385407
John Kounios: The neuroscience behind epiphanies,14419
Olivia Newton-John  Have You Never Been Mellow (Live 1975),4279321
Sex Bomb (Alan Rickman),268296
Editors - No Sound But The Wind (Live at Rock Werchter 2010),8099753
AMORPHIS - House Of Sleep (OFFICIAL VIDEO),4704793
Tiamat - Meliae,118930
The Fray- I Can Barely Say (Lyrics!),103974
A Day To Remember - Have Faith In Me (Sing-A-Long Version),3345674
A Day To Remember - Have Faith In Me (Sing-A-Long Version),3345674
Sum 41 - With Me,6012703
Thermite vs. Car,2180788
Evanescence: Where Will You Go (Lyrics),264846
Evanescence: Where Will You Go (Lyrics),264846
Big Kahuna Character Dialogue,154346
Dead Come Alive - An Animation,907081
Brandon Heath - The Light In Me (Official Music Video),1307822
INFP vs. INFJ: Andrew Garfield and Carey Mulligan,613312
Blood,43972062
OPETH- PORCELAIN HEART,61094
Biffy Clyro - God And Satan,318479
A Fine Frenzy - Electric Twist,925707
Radioactive - Lindsey Stirling and Pentatonix (Imagine Dragons Cover),187969422
Azure Ray - November,1393300
Leonard Cohen - famous blue raincoat,815379
Imagine Dragons - Demons (Official Video),839398412
Linkin Park - Somewhere I Belong (Official Music Video),54702587
Nerina Pallot - Mr. King,67981
Maria Mena - All This Time (Pick-Me-Up Song) (Video),4039111
#48 - Jaymay -  Lonely men built lonely cities (Acoustic Session),39570
From The Inside (Official Video) - Linkin Park,108003794
Biffy Clyro - God And Satan,318479
The Weepies - Nobody Knows Me At All [Official Music Video],1472287
Chopin Nocturne op.9  no.1,2179781
Spanish Guitar Flamenco Malaguena !!! Great Guitar by Yannick leboss√©,7103857
Chopin Fantasie Impromptu Opus 66 in C sharp minor by Tzvi Erez, HQ,2140536
Julian Bream - J.S Bach-Violin Sonata fugue,1389134
Kid Cudi - Save My Soul(The CuDi Confession),1204147
Kid CuDi CuDi Zone,3178741
Sweep-Blue Foundation,58340
Mr. Prjoectile - I am back (Bassnectar Remix),50323
Serj Tankian - Honking Antelope,4243557
Kid CuDi Pursuit Of Happiness,15792756
The Boy Who Blocked His Own Shot lyrics,4964154
Eliza Doolittle - Missing,514011
Good Charlotte - The Anthem (Video),64103993
Athlete - Black Swan - The Unknown,120120
Mumford & Sons - Hopeless Wanderer (Official Music Video),81225573
The Airborne Toxic Event - Sometime Around Midnight (Official Music Video),11340776
Avicii - Wake Me Up (Lyric Video),340140515
Iron and Wine - Joy (Official Video),451100
SHIT FAT GIRLS SAY (ORIGINAL VERSION),2135542
Jason Mraz - Butterfly [lyrics],1809816
Arin alkoholinurkkaus -(Ari's alcohol corner)-,316
System Of A Down - Lonely Day (Official Video),260080126
Bob Marley - One Love,193553322
Trololo Sing Along!,42294200
Whitest Kids U Know - Noobs,74004
atb - ecstasy,24441951
Benny Benassi - Shocking Silence,1189777
Warcraft 3 Soundtrack - Human,1838852
Sexion d'assaut - D√©sol√©,48003183
Karliene - You Win Or You Die - Piano Demo  - Game of Thrones,363113
Sarah McLachlan - Do What You Have To Do (lyrics),1776658
15 Things Introverts Want You To Know,4455709
Lex Luthor in "Superman Returns" - Wrong,720113
SKRILLEX - KILL EVERYBODY (BARE NOIZE REMIX),12597292
Beethoven, Symphony 9, 2nd movement (complete), Molto vivace, Philharmonia Baroque,4556303
Guano apes - Open your eyes (lyrics),1049509
Tyr-By The Sword In My Hand-Lyrics,195913
Iyeoka - The Yellow Brick Road Song,147559
Duran duran Wild boys lyrics-karaoke,171854
Lupe FIasco - Unforgivable Youth Ft. Jason Evigan (Lyrics On Screen) (Food & Liquor 2),82226
"Chocolate Rain" Original Song by Tay Zonday,128433742
Robot Rock / Oh Yeah  (Intro) - Alive 2007 - Daft Punk,672241
Tycho - Daydream,2307673
INSOMNIUM - One For Sorrow (OFFICIAL VIDEO),3215042
Gohan Angers Extended Edition (With Violin),449731
Snow Patrol - Open Your Eyes (Official Video),56276255
Michael Mayhew's This is Wit Episode One,379
Sunny Day Real Estate - seven lyrics,61427
Gregorian - Wish You Were Here,2544557
Mexican Revolution Video- The Rise and Fall of Huerta,200
SUICIDE SILENCE - Fuck Everything (Lyric Video),3888231
Emery - Walls,1978794
TARDIS,81
The Mad Violinist - Radioactive (cover) Imagine Dragons,244687
Tu Jaane Na - Ajab Prem Ki Ghazab Kahani | Ranbir Kapoor & Katrina Kaif | Atif Aslam,26780293
Benny Lava...(WITH LYRICS) Hilarious,7403076
EELS - Trouble With Dreams,676633
Sunday Girl - Where Is My Mind (Official Video),3244080
Rumer - P.F. Sloan [Official Video],146651
The National - A Reasonable Man (I Don't Mind),95494
Unfold // Marie Digby,4821
Regina Spektor - The Calculation,2194383
EELS Things The Grandchildren Should Know a video by U2mixer,157519
Vanilla Ice - Ice ice baby Lyrics,22788267
Shit Sri Lankan Mothers Say,1466794
Chinese 9 Yrs old girl shuffling,1583052
Gotye - Eyes Wide Open - official music video,29578014
Kimbra - "Settle Down",42499844
Gotye - Somebody That I Used To Know (feat. Kimbra) - official music video,1540488223
Last Friday Night (A.S.I.A) - A Katy Perry Parody,291135
STUDY HARD ANTHEM v2.0 - HSC Edition,532455
My Crazy Sister,8353127
Superb Lyrebird imitating construction work - Adelaide Zoo,2397620
CunninLynguists feat. Tonedeff - Love Aint,681832
Anberlin - Fin,851544
Eyedea & Abilities - Smile (Official Video),4440135
Regina Spektor - Pavlov's Daughter,1136315
Eyedea and Abilities - Birth of A Fish,143848
Sleeping At Last - Slow & Steady,677502
Face Candy - Pill,54323
Rain Storm in Chiang Mai Thailand,2887
The Dr.Steel Show: Episode 3,132901
Childhood Don't A-Go-Go (official video),101033
Peter Bradley Adams-The Longer I Run,2072671
Gavin DeGraw - Not Over You,27233954
FM Static - Take Me As I Am (Official Music Video),2341738
I Swear This Time I Mean It - Mayday Parade (with lyrics),12380002
Kerrie Roberts- No Matter What  **With Lyrics**,2278272
Nujabes - Love Sick (part 2),965869
THERE'S HOPE,330755
Kanye West - I Am A God (Yeezus),452132
Fighting for Nothing by Meg and Dia ~ Lyrics,238565
Meg & Dia-The Last Great Star In Hollywood,44647
split enz - the choral sea,32681
Lenka - Roll with the Punches,2595016
Vanessa Carlton - Dear California,259470
Meiko - I'm In Love,103955
U2 - Vertigo,58159017
Sinch - Silence Broken,18562
Sinch - Something More,25550
DJ Jazzy Jeff & The Fresh Prince - Parents Just Don't Understand,12947079
iNtuitive & Feeler Interactions #5: INFJ-INFP (Iustinus),475
iNtuitive & Feeler Interactions #7: INFJ-Unknown (Brownicus),150
iNtuitive & Feeler Interactions #5: INFJ-INFP (Iustinus),475
A Perfect Circle - The Outsider (live),7752864
Funny kid scared by maze game,211062
Ashton Shepherd - Look It Up (Acoustic),62336
Blood,43972062
Charlie bit me Auto-Tuned,7882012
Big Bang Uniform Dance,226518
Font Conference,2948445
Seth Sentry - Float Away (Official Audio),508672
Seth Sentry - My Scene (Official Audio),77114
Astro boy theme - Robeo and Robiette,4263
Air - Alone In Kyoto,13470607
Majical Cloudz  - Turns Turns Turns,208118
New Year Heart to Heart & Giveaway,1042352
My Lovely Horse | Father Ted - "A Song For Europe" (1996),40228
Monty Python: Find the Fish,419889
Fluttershy - come out!,284217
Berserk, Griffith's speech.,264537
Killing Joke - Pole Shift [2012],130479
Bach: Toccata and Fugue in D minor, BWV 565,4830318
GoPro: Backflip Over 72ft Canyon - Kelly McGarry Red Bull Rampage 2013,186055852
Detectives Batista and Quinn smoke weed and get high - Dexter S06E04 HD,97512
Whisper of Angels - vid by Anyathe,37460
AMERICAN BEAUTY opening scene,210474
B.R.M.C. - As sure as the sun,344183
Nina Simone - My Man's Gone Now,169803
9. Climbing up the Walls,1124957
Black Rebel Motorcycle Club - Love Burns,903226
Hrsta - Lime Kiln,8961
Mutemath - Allies [Official Music Video],498486
Ainslie Wills - Fighting Kind (Official Music Video),54566
Jamie Talks Dirty,615777
Kimbra - Withdraw (Album version),544416
Kimbra - Withdraw (Album version),544416
Goran Visnjic Interview - The Deep - BBC One,13400
Interview with Band of Horses,8825
Band of Horses on Q TV,22610
Q&A: Band of Horses,23898
La Roux / Elly Jackson VertigoTV Interview Part 1,28535
mulatto diaries #60 who is black,7665
Dilated Peoples ft Kanye West - This Way,9170580
STELLA - Birthday,341603
Baby trashes bar in Las Palmas,20585651
Reptile Takeover,175
Anna Serova plays Capriccio per viola  Henry Vieuxtemps,319761
Mishka - Stay By My Side,63547
Rebecca & Fiona Featuring Style Of Eye - Taken Over (Official Video),368720
Paul Simon ~ "Diamonds on the Soles of Her Shoes",5429900
Grizzly Bear - Deep Blue Sea, Live on the Beach at ATP,280848
Black Moth Super Rainbow - Sun Lips,142587
Laughing Quadruplets - The Next Day,28317063
Harry Hill's TV Burp - TV Highlight of the Week,262194
Florence + The Machine - Shake It Out,101371949
Poe - Haunted (Lyrics),26766
Tv√¶r i takinu By Gnusi Yones ft. Emmsje Gauti,104071
Hjaltalin - Feels like sugar,298773
Cita Citata - Sakitnya tuh Disini (Official Lyric Video),7189498
Esbjorn Svensson Trio - O.D.R.I.P. Hidden Track,17405
INFJ Rambles #1,99
Nine Inch Nails - Leaving Hope,107653
The Weeknd - Wicked Games,79666668
Grace Potter and the Nocturnals - Big White Gate - LIve (HQ),495614
Jeff Beck featuring Imogen Heap - Blanket - HD 1080p,3927116
Christina Perri - "A Thousand Years" captured in The Live Room,13564889
GLEE Newbies Charice and Chord Overstreet Talk Season 2,365840
Duff and Geof at OSU,192
filthy litlle brat!,13397
Sigur Ros - Hoppipolla (Instrumental),485404
Nirvana - The Man Who Sold The World (MTV Unplugged),318480677
Everybody's Free (To Wear Sunscreen) Lyrics,5943502
Noisia - Machine Gun (Official Video),6016124
Michael Bubl√© - Haven't Met You Yet [Official Music Video],141359297
"Russian Unicorn" ‚Äî a bad lip reading of Michael Bubl√©,10715806
Pong-Tang - Pong Trick Shots,2012251
Nick Vujicic's Inspirational Talk-Life Without Limbs 1 of 4,898850
Nick Vujicic: Life Without Limbs - CBN.com,1216596
Kate Nash - Foundations Lyrics,7126441
Equilibrium Best Scene Ever,322721
Chopin - Fantaisie Impromptu, Op. 66 (Rubinstein),11100896
Mass Effect 2: Commander Shepard Is Still A Jerk,2194689
Lupe Fiasco - Bitch Bad [Music Video],5516110
Alaa Wardi - Ma3gool,4225074
Expression - Helen Jane long,2011904
Jane Lynch and Jordan Peele's Epic Church-State Breakup!,133674
Sorgmarsch "Palme" - Benny Anderssons Orkester,66744
Mauno Kuusisto...Linnut,68143
Sugar: The Bitter Truth,11620586
MOO!,3276808
Zeitgeist: Moving Forward | Official Trailer - [ Extended ],1515508
Kenmochi Hidefumi - Falliccia,185357
Thinkin Bout You (Acoustic/Beatbox Cover) - Tori Kelly & Angie Girl,28045216
Krystle Tugadi - Wide Awake feat. Matt Clores (Katy Perry Cover),3379
Let Me Be the One,524130
[DJ MAX] - M2U - Memoirs [Extended Version],463442
M2U - [Violinism] - Suicide,17774
Ïñ¥Ïø†Ïä§Ìã± ÏΩúÎùºÎ≥¥   waiting for u,526513
Nuttin' But Stringz - Thunder,1026804
Nuttin but stringz - Broken Sorrow,3024073
ÏÇ¨ÎûëÏùÑ ÎäêÎÇÑÎïå - Verbal Jint (Feat. Koffee),673791
Urban Zakapa (Ïñ¥Î∞ò ÏûêÏπ¥Ìåå) - Cafe Latte [eng],4641732
Urban Zakapa (Ïñ¥Î∞ò ÏûêÏπ¥Ìåå) - Cafe Latte [eng],4641732
Younha - Memory (ft. Tablo),533504
re:plus / Let The Story Tell feat.  FlowEthics,945226
re-plus - White Avenue.mpg,57840
Maxim Vengerov - Chaconne (Bach),365370
Maxim Vengerov - Chaconne (Bach),365370
Capture_20110109.wmv,328
Can I Get Witcha vs. Por Ti Volare (Official Mash-Up),659702
Queen ‚Äì Bohemian Rhapsody (Official Video Remastered),1226631687
BAD TO THE BONE,46134882
Mumford & Sons - I Will Wait (Official Music Video),182175563
Johnny Cash - God's Gonna Cut You Down (Official Video),101485870
Al Green - Let's Stay Together,180475442
The Smashing Pumpkins - Bullet With Butterfly Wings (lyrics),1557579
FKA twigs - Water Me,21430308
Daughter - Youth,12991167
Al Stewart - A Man For All Seasons,110724
Sad Cat Diary,30193600
Nyan Cat [original],183481208
Regina Spektor - "How" [Official Music Video],6486556
BOND 'DIABLO',2580875
Trivium - Black (LIVE: Chapman Studios),1640888
Killswitch Engage - Rose Of Sharyn [OFFICIAL VIDEO],12488079
LACUNA COIL - Trip The Darkness (OFFICIAL VIDEO),19024181
Christina Perri - Distance [Official Lyric Video],3157795
Trivium - In Waves (LIVE: Chapman Studios),8572286
faith no more  - Helpless - Album Of The Year,92930
The Price is Right Losing Horn,239517
Maaike Ouboter - Dat ik je mis - De Beste Singer-Songwriter aflevering 2,15990400
Of Monsters And Men - Six Weeks - Lowlands 2012,187274
Gary Jules-Mad World (song + lyrics),15924622
John Legend - This Time with lyrics,12662975
Kitaro-SUNDANCE,277528
Cannonball Adderley - Autumn Leaves,1095423
Beau Dollar - Who Knows,44557
Portal - 'Still Alive',39021397
Fleetwood Mac - Rhiannon,13806137
PSY - GANGNAM STYLE(Í∞ïÎÇ®Ïä§ÌÉÄÏùº) M/V,3864098085
Yiruma - Kiss The Rain (Full Version),20583061
(Yiruma) River Flow in You - Sungha Jung,49703839
KANON Piano Collection - Sh≈çjo no Ori (Â∞ëÂ•≥„ÅÆÊ™ª) [Mai's Theme],48700
The Cast Of Cinderella: "Do I Love You Because You're Beautiful?", Live On Soundcheck,158397
Bonnie & Clyde Dyin' Ain't so Bad,397849
I'm So Sick by Flyleaf [w/ Lyrics],321534
The Last Memories of the Prince|Snape+Lilly - Harry Potter and the Deathly Hallows Part 2 [HD],24315
V For Vendetta - Evey Reborn,531834
Drive - Elevator Scene,4050653
Network - Mad as Hell Scene,2039740
Taylor Swift - Mine,300838566
Taylor Swift - I'm Only Me When I'm With You,39002755
Miley Cyrus - When I Look At You (Official Video),140205966
The Cruxshadows - Winterborn,1683978
FROZEN | Let It Go from Disney's FROZEN - performed by Idina Menzel | Official Disney UK,454718218
VNV Nation - Nova,809013
Eisenfunk - Pong,27675227
Evanescence - What You Want,61598446
O.Children - Ruins,721611
Dead Can Dance - Saltarello,1621820
Covenant - Dead Stars,4754936
We Are In Love - Cider Sky,1803700
Airplanes,179
Join the darkside... we have cookies!,33457
BIGBANG - MONSTER M/V,89806276
Anathema - Untouchable (part one) (from Weather Systems),481112
OCEAN - John Butler - 2012 Studio Version,50715303
Tally Hall   Just Apathy,9909
Dave Matthews- Trouble (Album Version),299857
And So I Watch You From Afar - BEAUTIFULUNIVERSEMASTERCHAMPION,78776
And So I Watch You From Afar @  The Voiceless,78739
Whitney Houston-Do You Hear What I Hear,115539
[PV] Brian Setzer Orchestra - Jingle Bells.mpg,51346
Andy Williams - It's The Most Wonderful Time Of The Year,35378876
Michael W. Smith - Gloria (Angels We Have Heard On High),485143
Nelly Furtado - Wait For You,32602
INFJ-INFP Interaction Video,2141
Hysterical Literature: Session One: Stoya (Official),26401254
Repo! The Genetic Opera - 8. "Zydrate Anatomy",1061660
A Vodka Movie by Zach Galifianakis, Tim and Eric,5145367
Dr. Horrible's Sing-Along Blog - Slipping,1354272
Dancing Nancies - 2003-03-23-I-Wont-Misbehave,1250
Amy MacDonald - Dancing In The Dark (Bruce Springsteen Cover),555981
The Most Astounding Fact - Neil deGrasse Tyson,12631459
The Lumineers - Ho Hey (Live on KEXP),558482
U2 - One,102521370
Jeffrey Gaines - In Your Eyes,1623178
Eels - New Alphabet,687624
WALK THE MOON - Anna Sun (Official Video),26191822
WALK THE MOON - Jenny (WALK THE MOON presents 7in7),2731040
Aydio - Deltitnu,70968
Maynard James Keenan(Tool) Interview 1997,342175
Guam will Capsize and Tip Over into the ocean Hank Johnson,2486346
Mc 900 ft Jesus -- Buried at sea,63935
Tommy Lee - Hold Me Down,2309518
Repo! the genetic opera - Zydrate Anatomy,917600
Apex - Inner Space,2632579
Why the Eeyore is always so sad?,104879
Dead Can Dance - Rakim,378509
Afraid of Technology,10733906
Conversations with the Universe: Simran Singh at TEDxCharleston,50127
Drew Dellinger: Hieroglyphic Stairway,18980
The Piano Has Been Drinking - Tom Waits,1403319
Chipmunks- Bad Day,441786
I Wanna Fuck You-Akon (Chipmunks Version),1603297
Song of Solomon Pick Up Lines (High Quality),247854
Bearforce1 - Shake that thing,940066
Miss Invisible - Marie Digby [LYRICS] [Download Link],278639
The Lion King (PC/DOS game) Pt. 1,739762
Jape - Floating,2138132
Lana Del Rey - Born To Die (Official Music Video),466022087
David Guetta Feat. Rihanna - Who's That Chick? - Day version (Official Video),143797351
Alanis Morissette - You owe me nothing in return,980383
Ti√´sto featuring Kirsty Hawkshaw - Just Be,12040041
Lana Del Rey - Summertime Sadness,340338982
The Fountain Trailer,1187373
M83 'Outro',89097
Stereo by iamdynamite Lyrics,14951
The Girl Who Knows Where ...,275
The Band Perry - If I Die Young (Official Video),196941152
Mario Frangoulis - Youkali,123807
My stroke of insight | Jill Bolte Taylor,6796959
Gonjasufi - Nikels and Dimes (Music Video),14785
Yeasayer - Glass of the Microscope,50370
Sebadoh On Fire,172297
Suburban Kids With Biblical Names - Trumpets And Violins,4452
Poets of the Fall -Where Do We Draw The Line,1014166
Mariah Carey- Looking In,234148
St. Vincent - Marrow (Official Video),3087711
The Amazing Race Season 18 Winners - Keisha and Jen,50145
Emotional OST of the Day No. 65: 5 Centimeters Per Second - ''The Station of Snow'',6008
Diana Vishneva: Beauty in motion - F.L.O.W part III,4427336
Monarchy  - Disintegration ft. Dita Von Teese,3614979
Onyxia Wipe Animation,9142609
||| Message In A Bottle |||,56275
Slow Like Honey,47973
Here Comes the Sun - Nina Simone,683713
E.V.O.L - Marina and The Diamonds (New Song FULL),267763
Regina Spektor - "All The Rowboats" captured in The Live Room,422339
The Black Keys - Lonely Boy [Official Music Video],123585939
Arcade Fire presents Sprawl II (Mountains Beyond Mountains),7502682
Uh Huh Her - Explode [Official Music Video],1440830
Sleigh Bells - Riot Rhythm,911181
Landon Pigg - Falling In Love At A Coffee Shop,8142980
"Weird Al" Yankovic - White & Nerdy (Official Music Video),145442016
"LIKE A G6" (OFFICIAL)  FAR EAST MOVEMENT (FM)  feat The Cataracs & Dev,81657392
Road to 2012: Aiming High - Nadav Kander,56842
It's all about the Jaw!,3976899
We're The Weakerthans,3081
Iron and Wine - Such Great Heights,4907947
Young Shailene Woodley Interviewed by Scott Feinberg,90966
A Perfect Circle - The Noose [from Shawshank],149236
Rufus Wainwright - Cigarettes And Chocolate Milk,2966909
Star Mile,320003
CASTLE PROJECT - Apologies,11256
WATERMELON PUSSY,974875
Beyond Blue: Healing From the Inside Out,9257
CocoRosie - Promise (With Lyrics),56756
Lily Allen | Who'd Have Known (Official Video),7977379
Lene Marlin - Where I'm Headed (1999),568375
Holistisk Forbund og 22/7,686
piano music - VERY EMOTIONAL by Roy Todd,2038894
Matthew Good Band - Strange Days Music Video,1019064
The Perishers - Sway [Official Music Video],1280969
our lady peace - are you sad,241391
Keane - A heart to hold you (audio Only),30929
Keane - Nothing In My Way,14565404
Keane‚ÄîShe Has No Time-Live Visual From Strangers Dvd,400961
Breathe me -- sia,45853547
Ryan Adams - Come Pick Me Up,6006011
The Legend of Kyrandia 3: Malcolm's Revenge - 3,7413
Commodore Amiga - P. P. Hammer,48086
FLEETWOOD MAC  GYPSY,8695294
finger eleven - One Thing (Official Video),7657301
Kingdom Hearts - Passion (violin, piano) - FT. Josh Chiu,765355
Twelve,14795
Cat Vs Printer (with the original sound),1201231
Broken Bells - The High Road,2056142
The Flaming Lips It Overtakes Me,228385
Bullet Chip,125
Darren Hayes - Insatiable (Metro Mix),44115
A toast with Esther Stephens,1461
Pete Heller - Big Love,1886964
Bobby Caldwell - What You Won't Do For Love (Slayd5000),17599594
Open Your Eyes,2303035
Blu & Exile - Cold Hearted,565865
John Mayer - Heartbreak Warfare [HQ],7743412
Blu & Exile - No Greater Love,888558
Diamonds On The Inside Ben Harper,1180158
Plain White T's - Rhythm Of Love,19157813
Latest Wendys Commercial 2011,9926
Two And A Half Men - Blow It Out Your Ass,84619
If I Were Boy Sax Cover,32102
Fnck You, You're Blocked...,48291
Nuit d'√©toiles - Diana Damrau, Xavier de Maistre,112748
Les Lilas - Diana Damrau, Xavier de Maistre,5327
Faun Rhiannon,208903
Epica - Tides of Time #9 (Lyrics),501495
The Raveonettes - Aly Walk With Me,199487
Sesame Street: Count's Number of the Day 1,1058640
What pi sounds like,1016847
WINTER SONG - SARA BAREILLES & INGRID MICAELSON *WITH LYRICS*,2130988
John Legend - All of Me (Official Video),1805010301
Regina Spektor - "Samson" [OFFICIAL VIDEO],24020136
The Perishers - Never Bloom Again,50397
Kate Nash - Dickhead,2438550
Destiny's Child Get On The Bus (Leah McFall Cover),243856
The Perishers - Never Bloom Again,50397
Edward Scissorhands "Hold me, I can't" Clip,674810
Frank Turner - If Ever I Stray [Official HD Video],3272851
The Airborne Toxic Event - Sometime Around Midnight (Official Music Video),11340788
Chemical Brothers - Hanna's Theme (Vocal Version),989717
Andy Escapes,1584321
Calle 13 - Prep√°rame La Cena | Con Letras,476902
Miles Davis - All of You,422829
Erik Satie - Gymnop√©die No.1,31688880
Gungor - Brother Moon (2/13),90626
Gungor - Vous √™tes mon c≈ìur (You Are My Heart) (9/13),56465
Phil Wickham-Cielo-Heaven and Earth,383387
MSTRKRFT ft. John Legend - Heartbreaker (Official Video),7502772
TRAIN SIMULATOR BITCH,6167170
The Smashing Pumpkins - Bullet with Butterfly Wings (Official Music Video),53301789
One Is The Loneliest Number - Three Dog Night (Lyrics),9100970
Donkey Sex: The Most Bizarre Tradition,14651803
Bright eyes Lua,2915200
6 facts that make you smile,788002
White Widow,51631
Ryan Adams angry message to Jim DeRogatis,194816
The Front Porch: Adam Faucett,10732
SoundLand Sessions by Shure: Adam Faucett,2608
Smash Mouth - Walkin' On The Sun,53269202
Radiohead : Let Down, video clip,363503
Thom Yorke "Harrowdown Hill",2923633
Muse - Glorious,759906
larry david uses the toilet,85820
SCIENCE WITH MIKE: SPACE,11301
Limmy's Show - What's heavier?,8351582
Shit Asian Dads Say,9202451
Miike Snow- Animal,9439499
50 Cent - So Disrespectful + Lyrics,16120
Alexisonfire - Dog's Blood,342379
Orchid - Epilogue Of A Car Crash (With Lyrics),12274
Rise Against - Savior - [Original Quality] - [Lyrics],1705360
Rumors of My Demise Have Been Greatly Exaggerated ~ Rise Against lyrics,87714
Pantera - Rise + Lyrics (HD),194460
Metric - Lost Kitten,701662
Billy Talent - Standing In The Rain + lyrics,701199
Kavinsky - Nightcall (Drive Original Movie Soundtrack) (Official Audio),210670777
Mozart Symphony #40 in G Minor, K 550 - 1. Molto Allegro,26203099
Muse - Map of Your Head,966499
Tchaikovsky - Piano Concerto 1 - B Flat Minor,7319378
Inception Soundtrack HD - #12 Time (Hans Zimmer),20525444
Daft Punk - Something About Us (Official Video),50834257
Desperate Buscemi in Fargo,147869
The Bear and the Maiden Fair,3539927
BloodHound Gang- I Hope You Die Lyrics,2295537
La La La - Naughty Boy ft. Sam Smith - Cover by Jasmine Thompson,11780909
how i met your mother aw man!! (the blitz),407232
Eminem - The Monster ft. Rihanna (Audio),99960102
Breaking Benjamin - Home,1561742
An cafe - AROMA,504427
Avril Lavigne - When You're Gone (Official Video),435682604
Enrique Iglesias - Takin' Back My Love feat. Ciara,204770990
BLOOD STAIN CHILD -FREEDOM-,2786733
Dragonforce-Through the Fire and Flames Full Version,3655022
Paranormal Activity Deleted Scenes,5421260
Kamelot - The Haunting,3738737
After School - Amoled Dance Practice,193419
http://inetassistant.com, cute kitty say mama,8963
Labrinth - Beneath Your Beautiful (Official Video) ft. Emeli Sand√©,270850378
Labrinth - Beneath Your Beautiful (Official Video) ft. Emeli Sand√©,270850378
David Guetta - Titanium ft. Sia (Official Video),1361995702
CASTLE OF GLASS (Official Video) - Linkin Park,464772661
√ìlafur Arnalds - Lj√≥si√∞ (Official Music Video),3477957
Let's Play Eco Quest 2 - Part 1: Welcome to the Jungle,6173
ssassin's Creed III: Announcement Trailer | Ubisoft [NA],1982339
Dashboard Confessional- Hands Down (Lyrics),176840
Maroon 5 - Sunday Morning (Closed Captioned),174027973
The Sun - Maroon 5,4358054
Feeling Good - Muse ‚ô™,649783
Human (Christina Perri) - Sam Tsui Cover | Sam Tsui,2722740
Hush by Juliet Simms directed by Luke Watson,489402
Regina Spektor- Somedays,161993
Frou Frou - Let Go (HQ),410594
The Paper Kites - Featherstone (Official Music Video),12295899
Noodles,1027237
Isis - Panopticon - 1 - So Did We,564596
Dead Can Dance- Xavier,1345540
Aremen,91
The Four Horsemen: Dawkins, Dennett, Harris, Hitchens (2/12),201322
A Clockwork Orange - Intro [Old],5513344
Plastician - Japan,1696413
Burial- Street Halo (hq),385201
Scrubs Bastard Coated Bastards with Bastard Filling,222545
What the fuck  was I thinking - jenny owen youngs,358451
Deus Ex: Human Revolution OST HD - 02: Icarus,592081
Malcolm Gladwell: The strange tale of the Norden bombsight,1349229
THE FOUNTAIN TRAILER 2 HD 2006,172570
Nicki Minaj - Fly ft. Rihanna (Lyrics),71409208
Gollum sings I Dreamed A Dream,1947226
Wishing You Were Somehow Here Again - Phantom of the Opera,1553358
Mad World - Gary Jules,154141544
Kavinsky - 1986 (HQ),2960282
Poisonwood - In the Name of a Tyrant (Without Vocals),18923
Hole - Gold Dust Woman (High Quality),2281325
Lady Sovereign "Those were the days" + Lyrics,76548
Theatre of Tragedy - ...a Distance There is...,143890
LINDA Ronstadt üå∏ La Charreada (Sweet MARIACHI Musica!!),813703
How To Make a Banana Split,1430923
Grateful Dead - Jack Straw (Europe '72),1831518
Grateful Dead 5. "Cassidy" Without a Net (Set 1),85470
The Temper Trap - Soldier On,4356785
Anathema - Untouchable (part one) (from Weather Systems),481112
People You Meet Along The Way,181
People You Meet Along The Way,181
Up to the Mountain - A tribute to MLK,67113
THE BIG LEZ SHOW | S01 EP07 | QUINTON'S BIRTHDAY,2048297
Back to the Future NES Title Screen for 10 Minutes,12732
The Simpsons - Mr. Burns telephone,238715
The power of introverts | Susan Cain,11173506
Dr. Evil 100 Billion Dollars,206434
Mankind 1st titantron,1018
Please eat some Shitake Mushrooms,51167
Back to the Future NES Title Screen for 10 Minutes,12732
Can't Say Goodbye to Yesterday (Full Version),2631394
Jon Cryer - Otis Redding impression - Try a little tenderness - Pretty In Pink,2622420
As tall as lions- Ghost of york ( with lyrics),563213
Monty Python Airplane Pilots,2026344
Miles Davis - It Never Entered my Mind,741285
Band of Horses - The Funeral [OFFICIAL VIDEO],40150261
Rachel Brice - Tribal Fusion Belly Dance,429978
Federico Aubele - Somewhere Else (featuring Melody Gardot),140201
The Jesus And Mary Chain - Just Like Honey (Official Music Video),8246782
Soundgarden - Black hole sun (live),435004
Mayer Hawthorne - Green Eyed Love (Classixx Remix),460136
Tindersticks - Sometimes It Hurts,49857
Mayra Andrade - Comme s' il en pleuvait,1719796
Shivaree - Goodnight Moon,403758
Anna Ternheim - China Girl + Lyrics,39557
Yann Tiersen - Dark Stuff & Dust Lane | A Take Away Show,355359
The Strokes - You Only Live Once (Official Music Video),147074846
Swing With Me - Chrysta Bell,102275
Morphine - Cure for Pain,1711943
Love More-Sharon Van Etten,850941
"Tree"-Justin Rizzo with lyrics,426844
Lifehouse's Everything Skit,37658316
Birdy - Wings (Official Audio),627944
Humphrey Lyttelton and his Band 1956 Bad Penny Blues,159584
Porcupine Tree "Four Chords That Made a Million",94125
Sugar - Changes,137946
SL2 - On A Ragga Tip,4695417
Drift Away-Dobie Gray Lyrics,1027948
City and Colour - Sleeping Sickness,5553823
City and colour - Sensible Heart,157846
Disturbed - Land Of Confusion [Official Music Video],61392656
Aubrey Ashburn & Inon Zur - In Uthenera (Leliana's Song),57636
DuckTales (NES) Soundtrack - 8BitStereo,196548
Ikari Warriors (NES) Music - Stage Theme,25638
Double Dragon 2: The Revenge (NES) Soundtrack - 8BitStereo,291507
Teenage Mutant Ninja Turtles Opening Music,305978
Chip 'n Dale Rescue Rangers (NES) Soundtrack - 8BitStereo,89192
Dr. Mario (NES) Soundtrack - 8BitStereo,59977
F-Zero SNES OST -all tracks,136362
Bionic Commando (NES) Soundtrack - 8BitStereo,80205
Hungry For Change - Official Trailer,1700464
Alanis Morissette - Citizen Of The Planet,223649
John Paul Young - Love Is In The Air (1978),24641812
Birdy - Shelter [Official Music Video],38392597
Birdy - Just A Game (Official Video),3530673
Birdy - Without A Word [Live],3505121
Miss√§ rakkaus kest√§√§ aina,241659
Hillsong - Mighty to Save - With Subtitles/Lyrics,45404293
Ylist√§k√§√§ Herraa - Petri Kosonen & band,187489
Yo La Tengo - Green Arrow,1092913
Mukta - Indian sitar & world jazz (1999) - Bindi,82026
Devin Townsend - Hyperdrive [HQ],591751
What Child Is This (Lyrics),384268
Meredith Andrews - Not For a Moment (After All) (Lyrics),132240
Spirit Science 2 ~ Chakras,1940485
Don't Hug me I'm Scared,62604221
The Thin Red Line - Unreleased Music Compilation,293705
Steve Jobs Stanford Commencement Speech 2005 high definition.flv,647728
George Carlin Talks About "Stuff",8583351
Kind Lady (TRANCE REMIX),1994
Hero of War Lyrics-Rise Against,2410828
Face Down - Red Jumpsuit Apparatus (Lyrics & Song ),16408669
Adelitas Way - Criticize (Lyrics),552699
Dream Koala - Ocean (curious world's Extended Version),3569
Lay Down Your Burden,4622
Kyuss - The Law,243412
The Avett Brothers The Ballad of Love and Hate w/lyrics,1604235
mf doom - my favorite ladies,1665999
Breathless Over And Over,42230
Lisa Germano - The Darkest Night Of All (Lyrics),50080
Luna - 4th of july (Live in BH, Brazil 2001),15915
Ingmar Bergman - Wild Strawberries,177274
Mountain Man -  Animal Tracks (HQ),701699
Take a Little Hand - Solid State Society OST,682354
"Habits I Have" Rock N Roll Soldiers,1599
how meditation works, meditation experiment explained by meditation master, expert Sadhguru,604573
Nick Cave & The Bad Seeds ft. Kylie Minogue - Where The Wild Roses Grow (Official Video),22897339
Funny Golden Retriever Dogs Star in "Purple People Eater",159093
jean michel jarre - oxygene part 2,4224581
Jeremy Riddle   Our Father PART 2 2 Spontaneous song & Bill Johnson's words,136251
„Åì„Å≥„Å®„Å•„Åã„Çì„ÄÄ„Ç¨„É´„Ç∑„Ç¢_„Éë„Ç∞‚òÖÊÑõÂ≠ê,96606
The Thin Red Line (1998) - Swing Scene (1080p HD Criterion Edition),268756
TO THE WONDER - Official Trailer - Starring Ben Affleck,1897449
Train - Drops of Jupiter (Official Video),210415636
The Cranberries- Linger lyrics,19484432
YouTubers React to Mortal Kombat X Fatalities,9484679
The Greener Grass - Fair to Midland,134270
Fair to Midland - Pour the Coal to 'er - Album version,41966
Christina Aguilera-Beautiful Lyrics,5475618
Bassnectar - Butterfly (ft. Mimi Page) [OFFICIAL],3834533
Favorite Word (Bible Verse Challenge) by Saint Souljah,167
End of Evangelion AMV - Savior,3980
Kirk Cameron And Bananas,1919709
Starlight On-Screen Lyrics, Muse, HD~,6676
AFI - Love Like Winter (Official Music Video),13617449
Hi Kevin,905348
World Science Festival 2009: Bobby McFerrin Demonstrates the Power of the Pentatonic Scale,18986
Carl Sagan, Stephen Hawking and Arthur C. Clarke - God, The Universe and Everything Else (1988),2827704
Epic Tea Time with Alan Rickman (Official HD Version),2266874
LC/ George Carlin - Raping Feminists,58838
Viktor Frankl on Youth in Search of Meaning 1972,44224
Introverted Intuition vs Extraverted Intuition (Ni vs Ne),33790
The Ones - Episode 1: Wishes,554
RED - Hymn For The Missing (Until We Have Faces 2011),66048
Red - Let It Burn,134492
Box of Kittens,194995
Aaliyah - Rock The Boat,63009799
Sweet Baby Boo Car Seat Dance - Kid Cudi Cleveland,139111
Seal  - Don't cry,6242944
Within Temptation - Paradise (What About Us?) ft. Tarja,80891087
Dir en Grey - Inconvenient Ideal,258096
Ëî°‰æùÊûó Jolin Tsai - Áùú‰∏ÄÈöªÁúºÈñâ‰∏ÄÈöªÁúº,5696232
3.) This is Halloween,460233
BoA / Possibility duet with‰∏âÊµ¶Â§ßÁü•,9246992
S.E.S - Í∞êÏã∏ÏïàÏúºÎ©∞ (Show Me Your Love),325576
BoA Î≥¥ÏïÑ 'Í∑∏Îü∞ ÎÑà (Disturbance)' MV,15179799
Creature Creature - Red,45355
TVXQ! ÎèôÎ∞©Ïã†Í∏∞ 'Humanoids' MV,10003603
"Cosmic Sister" hammered dulcimer music by dizzi and emily,513025
Dr Dolittle 1967 Film Soundtrack "When I Look In Your Eyes",61623
Abba - Fernando,87734226
Aly Michalka (I Can't Go On I'll Go On) - Someone To Fall Back On (Phil's Song) - WIth Lyrics,299981
Everybody Wants Some Zombieland song HQ,711829
INFP vs. INFJ: Andrew Garfield and Carey Mulligan,613312
Madonna - Take A Bow (Official Music Video),23570740
The Worst Line in Scriptwriting History,7594380
James Arthur X Factor winner's interview in full: 'I'd like to find the right girl for me!',101215
How to Free Yourself of Negative Thoughts  | SuperSoul Sunday | Oprah Winfrey Network,1784634
Lupe Fiasco - The Show Goes On,123593731
Pi Is (still) Wrong.,2866266
Sarah Kay & Phil Kaye "When Love Arrives",4313245
Life Vest Inside - Kindness Boomerang - "One Day",33882195
Three Days Grace - Home (Lyrics),153597
Neuroscience, Jungian Type and Mathematics--Insights into Student Struggles: Jane Kise at TEDxEnola,27829
Fuck It - The Ultimate Spiritual Way,523169
Mortal Kombat Theme Song Original,113832412
