Gollum clips Conversation.wmv,18546
so i thought -flyleaf [lyrics],319722
Flyleaf - Missing,7824909
DyE - Fantasy - Official Video,64832030
Zoinks (Scooby-Doo Animated Parody) (18+) - Oney Cartoons,7448417
ZZ Ward - Last Love Song,273075
Yuna - Deeper Conversation.wmv,927287
alt-J (∆) Breezeblocks,214762741
The Phoenix - Fall Out Boy - (fan lyric video),25629482
Civil Twilight - Come As You Are cover,632946
Sleeping With Sirens - James Dean & Audrey Hepburn (Acoustic version),55898464
Circa Survive - Sharp Practice (Album Version),127721
Cassadee Pope-Told You So,132376
I SEE STARS - Filth Friends Unite,1088927
Further Seems Forever - Pride War,12738
Rob Grill - Rock Sugar   ( lyrics on video ),451536
Belle & Sebastian  Piazza, New York Catcher,1439166
Belle & Sebastian - I Want The World To Stop (HQ) by Nahiem,30067
Marc Almond - The Days Of Pearly Spencer,1279288
Enya - Only Time (Official 4K Music Video),160509806
darcia & hamona,855
Radio  Free Zerg,345867
Billy Joel - And So It Goes (Official Video),7203593
【東方Vocal】 EastNewSound - intense,44155
Tinashe - Can't Say No (Music Video),1206521
Streets of Rage Soundtrack - Intro,10134
Balam Acab - Big Boy,162314
Fitting In Cardboard,1972572
This is our universe, can you comprehend it?(HQ),42636
It All Goes Back In The Box,229459
31 Jokes for NERDS!,3303704
Of Monsters & Men - Love Love Love,903759
Harana - Parokya Ni Edgar,3610637
Bon Iver - Skinny Love,41963821
Coldplay - Christmas Lights (Official Video),52984325
Tujh Mein Rab Dikhta Hai   Lyrics   English Translation,58451
Free Hugs Campaign - Official Page (music by Sick Puppies),78513384
anathema (are you there),870425
Americans are NOT stupid - WITH SUBTITLES,33395279
Family Feud "September",2163395
The Ultimate Insult - May God Have Mercy On Your Soul - Billy Madison  (Academic Decathlon),8291775
«Rolling Girl ローリンガール »  【 Road 】,28528
Signal fire snow patrol lyrics,417737
OneRepublic - It's a Shame,121561
Creed With Arms Wide Open Music Video,1635401
Little Big - Everyday I'm drinking,18277
Lioness - They Clip the Wings of Birds (Official Video),9198
Key & Peele - Boxing Press Conference,24604654
Ke$ha - Your Love Is My Drug (Official Video),115861709
Flobots - Handlebars (Official Video),57093637
Garbage - Only Happy When It Rains (official music video) with lyrics,11567068
Lower Heaven - Fruitless,1958
Mike Rowe on QVC - Katsak,1679933
Best of G.I. Joe PSAs,7595021
Rammstein VS Cookie Monster,7776404
Drunk History Vol. 5 Featuring Will Ferrell, Don Cheadle, and Zooey Deschanel.,1245997
Los Campesinos! - By Your Hand,29140
The Birthday Party- Big Jesus Trash Can,100938
Orbs - A Man Of Science (album version),7868
Heat-Haze Days / カゲロウデイズ [PV ENG SUB] Fan Made PV,2337364
Ok Go - Of the Blue Colour of the Sky - 04 - Needing-Getting,888973
Dan Bull - Safe - 6 - Misfit,34679
BlasterJaxx - Faith (Radio Edit),5660550
Sarah Jaffe: When You Rest,44579
Hammock - Breathturn,1449158
Daydreams and Citations: INFP and ESTJ,12436
Nine Inch Nails - We're In This Together (Official Video),13915259
The Velvet Underground - Heroin (song only),13790232
Nine Inch Nails - La Mer,356666
Wild Nothing - "Only Heather" (Official Music Video),609693
Deep Purple - Hush,11141907
Deep Purple - Hush,11141907
Dead Angels,62191
Martin L Gore - In a manner of speaking.,148017
Stafrænn Hákon  -  P - Rofi,17496
Beastie Boys- Ricky's Theme ao vivo,32494
"Danny's Song"   Loggins and Messina,11596214
Kesha - Cannibal,6546692
Mickey Avalon - Mr. Right (Official Video),5970576
Jakewolf I Like Blondes,429223
Jack Donaghy (30 Rock): God, are you punishing me because my hair is better than yours?,43952
Lana Del Rey - Blue Jeans (Official Music Video),284363924
Idina Menzel - Let It Go (from Frozen) (Official Video),173914979
Party Survival Guide for Introverts,1433391
Colbie Caillat - Brighter Than The Sun (Official Video),24113776
Don Jon With Scarlett Johansson and Joseph Gordon-Levitt,1854
Katatonia - Unfurl,420920
Judas Iscariot - Journey Through Visions Of War,80824
At the Gates - Primal Breath,8135
John Maus - Believer (Official Video),1238202
Times of Grace  -  Fall From Grace,314451
Herman Cain on Libya,1163795
The Roots - The Fire (Feat. John Legend),2733638
People Ain't No Good,366562
Nirvana-I hate Myself and Want To Die Lyrics,3674899
reservoir dogs (stuck in the middle with you),1956163
Something For Kate - Ashes to Ashes - Live @ The Chapel - David Bowie Cover,43548
Vaccination Scar - In Between Evolution - The Tragically Hip,90902
Art,912493
The Simpsons - Ralph For President,2288147
Bernadette Conant Performing @ Empresso Coffeehouse,129
Blank & Jones - Desire (Official Video),1749665
請假裝你會捨不得我   蔡琴,54895
Beethoven - Symphonie nº 5 (Berliner Philharmoniker, André Cluytens) 1. mvt.,14931
Bathory - Ring of Gold (with lyrics) [HQ],23131
Dragonland - In Perfect Harmony,63545
Phantogram - Futuristic Casket,186043
The Killers - Jenny Was A Friend Of Mine - Album Version + Lyrics,2541218
The Weeknd - The Birds (Part 2),9349334
The Mamas & The Papas - Monday Monday,37233083
Ulver - February MMX,56730
Deliver Me From Mine Enemies pt1 - Diamanda Galás,36958
Strapping Young Lad - All Hail The New Flesh,51763
Einstürzende Neubauten - Nagorny Karabach (Official Video),1546912
Erik Satie - Gnossiennes No.1,1061537
Fields of the Nephilim - Sumerland,204908
Odin Eating Like a Person,2611538
My Chemical Romance - I'm Not Okay (I Promise) [Official Video - Version 1],5822554
Meet the Pyro,38962639
Drunk Guy In Store,1555131
Philip GLASS: Opening (Glassworks) [Fender Rhodes sound],73092
SDCC 2010: Cutest kid at the Green Lantern Panel!!!!! aww♥♥,179891
The Light Before We Land,362038
getting inside ( second try ),485517
Birdy - Shelter [Official Music Video],38392639
Iron & Wine - Each Coming Night,1521406
Midnight Hour - Queen Annie (Live Acoustic),3395
Ed Sheeran - The A Team - Official Acoustic Music Video - Madilyn Bailey & Jake Coco,2594092
Midnight Hour - Aftermath (Live in Studio),3741
Midnight Hour - The Aftermath (Live Acoustic),8544
Garrett Hedlund ~ Timing Is Everything (with lyrics),833623
Introvert iNtuition vs Extrovert iNtuition (Ni vs Ne),112112
Metroid Fusion - Original Soundtrack - 29. Sector 4 (AQA) Underwater Area,4827
Saine - A Little Something,1140
VJ Bolverk - Bad Sector - Mutua Mutazione AMBIENT,7120
Getting Better / Tesla + Lyrics,282309
Rock n Roll Led Zeppelin Lyrics,1591224
Saine - A Little Something,1140
Buckethead - Look Up There (Look Up There) -full-,344703
Nine Inch Nails - Demon Seed (no. 10/The Slip),142064
VJ Bolverk - Bad Sector - Mutua Mutazione AMBIENT,7120
AALIYAH MTV STRIPPED PART 1 !!! FULL INTERVIEW,35173
Light My Fire - The Doors In Concert,50586
Nico- These Days,8073192
Split brain behavioral experiments,1657700
Flight of the Conchords-Robots,1539824
Broken Heart - Spiritualized,200507
The Only Living Boy in New York Acoustic Cover,223
Clancy Brothers - Beer, beer, beer,734652
The Wallflowers - One Headlight (Official Video),132270727
Smiling Ear to Ear,70
The New Girl | MPGiS S1 | Episode 1,10592152
PILLOW FIGHT!!!!!,2936295
Peter Pan - 02 - Flying,2534081
Wild, Wild West - The Escape Club,517498
Rodrigo y Gabriela: NPR Music Tiny Desk Concert,2176587
Wilco: NPR Music Tiny Desk Concert,2174438
Leonard Cohen - Dance Me to the End Of Love,18250270
Laura Marling: NPR Music Tiny Desk Concert,657977
Alice In Chains - Love, Hate, Love,8776263
Temple of the Dog - Call Me A Dog w/ Lyrics,1386438
9 Life Lessons - Tim Minchin UWA Address,4145046
River Phoenix interview 1991,408145
Last interview with Heath Ledger.,4207509
Redline Trailer,608751
Atmosphere - Yesterday (With Lyrics),8614857
Nujabes/Shing02 - Luv (Sic) Parts 1-5,1617902
Cowboy Bebop in "Goodnight Julia" (full version),308199
Cowboy Bebop- Spokey Dokey (alternate take),39298
I've got a lovely bunch of coconuts (Merv Griffin),2440059
Paper Tongues   Soul,18321
Raining in Baltimore,144945
Raising The Fawn,6155
Zac Brown Band - Colder Weather (Official Music Video) | You Get What You Give,66919381
Dean Brody - Up on the moon,59896
Fast Car - Tracy Chapman (Boyce Avenue feat. Kina Grannis acoustic cover) on Spotify & Apple,72072469
Matchbox Twenty - Long Day (Official Video),7449510
Joe Nichols The Shape Im In,576688
Strawberry Switchblade -- Since Yesterday,2785730
David Gray - Say hello, wave goodbye,1494313
The Maccabees - First Love,3225092
waltz #2,607221
The Antlers - Wake,839686
Nobody Knows Me at All - The Weepies,475769
La Dispute - Such Small Hands,636381
Miley Cyrus - We Can't Stop PARODY!! Key of Awesome #74,62233270
Lana Del Rey vs Cedric Gervais 'Summertime Sadness' Remix,144653291
Oh Land - "Sun Of A Gun" (LIVE!!!),302176
Lights - Heavy Rope (Acoustic),16850
Chevelle- Piñata (Hats Off to the Bull),434407
Alpines - Cocoon,960558
Natasha Bedingfield - Unwritten (US Version) (Official Video),91240442
Rona Nishliu - Suus (Albania) Eurovision Song Contest Official Preview Video,2146923
Gareth Emery feat. Christina Novelli - Concrete Angel [Official Music Video],49120648
Stay Awake, Julia Nunes,486660
In Your Arms - Kina Grannis (Official Music Video) Stop Motion Animation,13940289
Sarah McLachlan - World On Fire (Video),2828103
The Naked And Famous - Hearts Like Ours,7530787
Noah And The Whale - Lifetime,287796
Trampled by Turtles - Alone,3506095
Chvrches - "Recover",565124
500 days of Summer - Sweet Disposition,2272035
I'm making a birdhouse,3827
The Naked And Famous - Young Blood,29369950
Icona Pop - Nights Like This,1941503
Noah And The Whale - I Have Nothing (Official Video),75314
New Found Glory - "Don't Let Her Pull You Down",1394915
All Time Low - Weightless (Official Music Video),26257435
My Chemical Romance - "Welcome to the Black Parade",59949735
New Found Glory - My Friends Over You (Official Video),29426979
The One That Got Away- Hey Monday,89728
Hey Monday - Candles,5522216
Boys Like Girls - Thunder (Official Video),28552541
New Found Glory- Crazy For You,495846
Avril Lavigne - What The Hell (Official Music Video),340370876
A Rocket To The Moon: Like We Used To [OFFICIAL VIDEO],16716856
A Rocket To The Moon: Like We Used To [OFFICIAL VIDEO],16716856
Alex's INTJ Narcissism Theory,26967
BOY - Little Numbers (Official Video),21281423
Peter Tosh - I Am That I Am - Complete Album - Rare acoustic compilation,575224
Pros and Cons of Taking Steroids,6200108
M4, Part I - Faunts,342580
Taxi Ride,120457
Explosions in the Sky - Your Hand in Mine,4902783
God Is an Astronaut - A Deafening Distance,204350
Eminem - Go To Sleep (UNCENSORED),22408694
Digital Daggers - Still Here,13769957
Sweet Pea - Amos Lee | (Clara C Live Hawaii Cover),101265
Tegan and Sara - I Was A Fool [OFFICIAL LYRIC VIDEO],1274013
Bach - WTC II (Nikolai Demidenko) - Prelude & Fugue No. 12 in F Minor BWV 881,63157
Sirenes. Claude Debussy,1375341
The Lord of the Rings: The Return of the King Soundtrack - 19 Into the West,271735
Lord of The Rings - May it be,8714455
Day[9]'s Musings - Emotions as Kittens and Ninja Stars,122837
Change For A Dollar,2702067
Sun Lux - Flickers,289715
Jesus Christ - Brand New,7469349
Diana Boncheva feat. BanYa - Beethoven Virus Full Version,14017397
Rusko - Woo Boost [Music Video],9874929
MC Frontalot - It Is Pitch Dark [720p HD official video w/ lyrics],127325
MC Lars - iGeneration [Official Music Video],400681
MC Lars - Download This Song [Official Music Video],2019967
f5.3gp,99
Jonathan Richman "That Summer Feeling",405535
Krystian Zimerman plays Beethoven Sonata No. 8 in C minor, Op. 13 (Pathétique) (Complete),1430462
Explosions in the Sky - First Breath After Coma,456182
[Ránki Dezső] Beethoven: Pathetique Sonata Op.13,1404352
Regina Spektor - The Noise,96015
The Origin of the Human Mind: Brain Imaging and Evolution,111947
Lady Antebellum - Wanted You More,21175414
Pat Monahan - Great Escape,80650
Julianne Hough - That Song In My Head,9925037
Taylor Swift - Mine,300839078
If It Kills Me - Jason Mraz,1909097
Dierks Bentley - Soon As You Can,423629
We The Kings - Skyway Avenue,6888306
Calling All Dawns - Movement of Night,31510
Death of Aase from Peer Gynt,675425
Vennaskond -  Insener Garini hüperboloid +extra,76502
Social Distortion - Story of My Life,28757487
John Mayer - Friends, Lovers Or Nothing,2992990
'Atlas Hands' Official Video (HD) - Benjamin Francis Leftwich,6274429
Lady GaGa - You and I Lyrics,4900911
SWANS - God damn the Sun [1989],199268
The Drones - Jezebel,309206
Mazzy Star - Look On Down From The Bridge,9122752
Mono - Halcyon (Beautiful Days) : Holy Ground,50976
Hanatarash - Cock Victory,34849
You Are The Moon - The Hush Sound (lyrics),2186277
All we see & seem is but a dream within a dream,995132
Jason Van Wyk & Audien - Someday,181693
Ben Stewart | Ayahuasca,18961
Michael Talbot - Part 1 Complete- Synchronicity and the Holographic Universe - Thinking Allowed,486405
All we see & seem is but a dream within a dream,995132
what is reality....? (open your eyes),12148
THE AGONIST - Thank You Pain (OFFICIAL VIDEO),17378265
"Ron Paul" — A BLR Soundbite,4819398
Axis of Awesome - 4 Four Chord Song (with song titles),62987991
Return Of The She-King - Dead Can Dance,73689
Autechre - 444,622879
MYSTIC FORCE  PSYCHIC HARMONY (ORIGINAL)  DISCO STORIA,70326
Muse- Stockholm Syndrome,4278540
Muse - Hysteria,7295960
Influx - Emotions - Rising High Records Classic,13462
Stripped - RAMMSTEIN,31908
Virtual Symmetry-V.S.,35328
Wolfsheim   Lovesong Club Mix,28353
Planet E Team - Gooroo - VooDoo Records - 1995,66810
The Wild Angels (1966) - Loaded,537387
Aphex Twin - Heliosphan,27208
Dead By Sunrise Too Late Lyrics in Description,454602
State Radio - Indian Moon,28469
Crooked Still - Half Of What We Know,361699
Brotherman - Hoody With A Heart,15355
Cold, Cold Heart at Donk's Theater,126
I Fall to Pieces at Donk's Theater,326
Cassius - I Love U So (Official Video),3893097
Mondkopf - Ave Maria (live edit),713100
deep peace choral,102400
deep peace choral,102400
K-1 WORLD MAX 2010 長島☆自演乙☆雄一郎 東方コスプレ入場,402987
So Solid Crew - 21 seconds,3298266
TABLO (타블로) - 나쁘다 (BAD) ft. JINSIL [Official MV],5889818
Gil Scott-Heron and Jamie xx - I'll Take Care Of U,4770635
BrownEyedGirls(브라운아이드걸스) _ Cleansing Cream(클렌징크림) MV,2936097
This Mortal Coil - another day,77036
massive attack vs burial 'four walls',480136
MARINA AND THE DIAMONDS - Starring Role [Demo],1408600
Super Cool Korean Ice Cream Commercial CF,1098683
TABLO (타블로) - TOMORROW ft. TAEYANG of BIGBANG [Official MV],17325015
MARINA AND THE DIAMONDS - RADIOACTIVE [Official Music Video] | ♡ ELECTRA HEART PART 2/11 ♡,13670348
Massive Attack vs Burial - Paradise Circus,1696396
Oh Well, Okay,125054
Tom Waits - Tom Traubert's Blues (Four Sheets to the Wind in Copenhagen),3074766
Velvet Waltz-Built to Spill,8129
Elliott Smith - Stick Man,335327
The Black Heart Rebellion - Into The Land Of Another,33717
Stereophonics - Pick A Part That's New,523360
Au4 - [2013] Forever Dancing Under a Fallen Sky,2714
Passenger | The Wrong Direction (Official Video),28843051
South Pacific - Wonderful Guy (sung by Mitzi Gaynor),65401
Matchbox Twenty - The Difference,413968
Owl City - Fireflies (Official Video),377218032
The Black Eyed Peas - Just Can't Get Enough (Official Music Video),255519826
Arcade Fire - The Suburbs (Official Video),32363280
Porcupine Tree - Arriving Somewhere But Not Here (Live),4780545
Katatonia - Dispossession live "Last Fair Day Gone Night",91460
Katatonia - Teargas live "Last Fair Day Gone Night",89435
Billy Joel - And So It Goes (Official Video),7203601
Joni Mitchell - Both Sides Now 2000 lives,6707679
The Fray - Be Still (Lyrics),4336536
Myslovitz - I'd like to die of love,90360
Birdy - Skinny Love [Official Music Video],189048586
Final Fantasy V Piano Collection - My Home Sweet Home,46334
MGS Peace Walker - Heavens Divide - HD+Lyrics,1142336
Brandon Flowers - Crossfire (Official Music Video),27268822
05 - The Resistance - Josh Garrels - Love & War & The Sea In Between,98611
03 - Farther Along - Josh Garrells -  Love & War & The Sea In Between,233910
Ratatat -Nostrand,1564585
Muse - Undisclosed Desires,96070988
Fleet Foxes - White Winter Hymnal [OFFICIAL VIDEO],21661139
Lhasa de Sela - fool´s  gold.,83795
Evanescence-Imaginary (with lyrics),4398218
Fall Out Boy - I'm Like A Lawyer With The Way I'm Always Trying To Get You Off (Me & You),8202867
Anima christi - Philippine Madrigal Singers [HQ],828313
Gakuen Alice Ending,7085
Simon & Garfunkel Sound Of Silence Legendado,7007810
Pet Shop Boys -  The Way It Used To Be,1370083
Pet Shop Boys -  Vulnerable,193790
Big Bad Voodoo Daddy - Jumpin' Jack,4365445
Ferry Corsten feat. Betsie Larkin - Made Of Love (Official Video),1058702
Minnie The Moocher - Big Bad Voodoo Daddy,1541393
"Follow Your Bliss "- Psychic Babble,19906
Pet Shop Boys -  Vulnerable,193790
Michael Buble - You Don't Know Me and That's All (Live 2005) HD,16871014
Big Bad Voodoo Daddy - The Cruel Spell Of Love,23793
Frank Sinatra- I've got you under my skin,34912318
Kaskade Don't Wait,6431
wilco how to fight the loneliness,694229
Beck - Everybody's gotta learn sometimes,2028938
Kaskade - 4am (OFFICIAL HQ VIDEO),2333543
Utopia-Tetsugakusha,75
Senpai 「The OST」- Plastic Dolls (ft. Vessel & Dagger),9789
Senpai - 「Until We Reach The End」,21001
Ozric Tentacles - Sploosh!,141843
The Adults - Nothing To Lose,130849
The Count Censored,20679947
Broadcast and The Focus Group - #1 : Witch Cults,323658
The Vines - 1969,133266
Soft machine - Out of Season,66131
Republica - Ready to Go (Official Video),17408470
The great porn experiment | Gary Wilson | TEDxGlasgow,13643815
The great porn experiment | Gary Wilson | TEDxGlasgow,13643815
Twyla Tharp on Choreographing For "The Populace",6842
Conversations with Norma Kamali - Twyla Tharp - Choreographer, Author & Dancer,32420
Lana Del Rey at BBC Radio 1's Hackney Weekend Part 4/4,29457
Darth Vader vs Hitler. Epic Rap Battles of History,103764501
Foo Fighters. Walk.,100292696
Little Dragon - Precious,53771
Little Dragon - Shuffle A Dream,44783
Rage against the machine Roll Right,927728
Little Dragon - Come Home (From their album "Machine Dreams"),91001
Austra - Lose It (Official Video),4059723
Little Dragon - fortune,972752
CARIBOU - Odessa,4711098
Penguin Prison - Golden Train (Radio Edit),185785
of Montreal - Wraith Pinned to the Mist [OFFICIAL MUSIC VIDEO],3262350
M83 'Midnight City' Official video,312348279
Turn Off This Song and Go Outside,231976
Toro Y Moi "New Beat",2685841
The Drums - Money,20004076
Penguin Prison 'The Worse It Gets',41584
Toro Y Moi "Still Sound",4184241
Tuesday Afternoon by The Moody Blues,2193614
Francesco De Gregori - niente da capire - 01 - album omonimo detto "La Pecora" (1974),29768
the chocolate watchband - "don't let the sun catch you crying",6533
f(x) 에프엑스 'Electric Shock' MV,130968875
Czars   Paint the moon,138534
Bach - Brandenburg Concertos No.3 - i: Allegro Moderato,5737128
PUT THE RIFLE DOWN - MY INDUSTRIAL PARK,2120
Kid A - Radiohead (perfect audio),836818
The Futureheads - Hounds Of Love,2517988
Terrorvision - Perseverance,236565
Terrorvision - Perseverance,236565
Queen of Pain - Alkaline Trio,203855
Going To Pasalaqua - Green Day,676947
Skrillex - Coast Is Clear with Chance The Rapper and the Social Experiment [AUDIO],5986480
The Reign of Kindo - Hold Out,393992
Black Astronaut "Dead Poets and Prose" Kelly Slater Surf,1614
Black Astronaut "Dead Poets and Prose" Kelly Slater Surf,1614
Andrew Jackson Jihad - "God Made",11055
Ramshackle Glory - No Shelter OFFICIAL VIDEO!,68820
Andrew Jackson Jihad - We Shall All Die Alone Someday / Forest Fire,58384
Foot Ox - About The Ocean,4917
Foot Ox - Angel Eyes & Basketball,130472
Foot Ox - Angel Eyes & Basketball,130472
Ramshackle Glory - First Song,22797
Ramshackle Glory - 5 - Never Coming Home (Song For The Guilty),328812
Ramshackle Glory - 3 - We Are All Compost in Training [ALBUM VERSION],229993
Eve 2012  Barry McGuire,99940
THE HORRORS ~ Scarlet Fields,122189
Bonobo - Recurring,3423416
Compass (Red Dead On Arrival Version) - Red Dead Redemption Soundtrack,3365618
Small Can Be Big by Ice 9,3197
CCR-Have You Ever Seen The Rain? Lyrics,26248223
Gorillaz-El Manana,5991025
Sun Kil moon, Heron Blue,1978815
Zero 7 - In The Waiting Line,11529
The Passing of the Blue Crown ~ Mega Man 3 (OC Remix),151681
The Qemists - Stompbox,1149875
The Qemists -  Perfect High,219249
Spawn of Possession - Bodiless Sleeper,120501
Xavier Rudd Fortune Teller,1512556
The Wreckers - Leave The Pieces (With Lyrics),4025457
Alan Watts - How We Define Ourselves,272806
Flight Facilities - Crave You (Adventure Club Dubstep Remix),97681532
Katy Perry - Wide Awake (Official Video),943113111
Soul Reaver - Opening - Intro,55606
Jessie J - Price Tag ft. B.o.B,721334425
Togun - Price Tag Rock/Pop/Punk Cover,204282
Nick Vujicic, No Arms, No Legs, No Worries! Part 1,3105804
Memory Loss,3627363
John Williams - Cavatina (Live 1979),3287476
MARINA | ♡ "TEEN IDLE" ♡,13023867
Kimya Dawson - So Nice So Smart,1660439
Where the Wild Things Are: Wild Rumpus,86816
Goo Goo Dolls - Iris [Official Music Video],255129190
Donkey Kong 64 - Jungle Melody,118005
Spyro the Dragon music: Opening Theme,144616
Deadpool: A Typical Tuesday,2245800
Two Worlds - Phil Collins Lyrics [HQ],2661109
The end of the rainbow - Richard and Linda Thompson,96158
Katie Holmes Interview | Screen Test | The New York Times,372937
A Message To Humanity!,7276887
Nickelback - How You Remind Me,483459348
Lovely Owl,17710835
Silversun Pickups - Well Thought Out Twinkles (video),1889929
Moss Introduces Jen To The Internet | The IT Crowd Series 3 Episode 4: The Internet,3507896
Adele - Rolling in the Deep (Official Music Video),1749669663
Daredevils - The Human Bird (Jeb Corliss) Part Two,3197582
Sade - War of the Hearts,2460382
Mood II Swing -Do It Your Way,49766
Traject - She Said (Einoma remix),2871
Speedy J - Beam Me Up,8013
Deadbeat - Rise Again,31022
Paolo Nutini - Pencil Full Of Lead - Official video,10371350
Jason Collett - Reunion (Stars Cover),2818
Ben Folds Five "DO IT ANYWAY" f. Fraggle Rock [Official Video],2126445
Ben Folds Five - One Angry Dwarf and 200 Solemn Faces,1012294
Up On The Roof, The Drifters  1962,1237105
Give A Little Love - Noah And The Whale,1365470
Surfer Blood "Fast Jabroni" - AllSaints Basement Sessions,17774
Agony (reprise),13996
Save the Album: John Darnielle (Mountain Goats),41542
Rick Astley - Never Gonna Give You Up (Video),806230621
Beck - Hell Yes,2793033
Relient K Getting into you Lyrics,59982
Of Monsters And Men - Little Talks (Official Video),295738173
I Blame Coco - Self Machine (High Quality),1153656
I'll Be by Newsboys,38526
F**k Everything (Jon Lajoie),16501779
Sex Pistols Video Collection 03 No Feelings,220260
The Lord Of The Rings/Nightwish,1181731
Away From Me - Evanescence- Origin,2116430
Captain Alberto Bertorelli from Allo' Allo' !.avi,37745
Star Wars - Imperial march,14337549
SHOWTIME The Tudors- Natalie Dormer - Behind the Scenes,612908
Sonata Arctica - No Dream Can Heal A Broken Heart (lyrics),177092
Nightwish - Come Cover Me (Live),838081
thunder mug,3172
The Irish Rover,3900721
John Frusciante - Song To The Siren,491748
Muse: Exogenesis Symphony Part III - HD -  Redemption  (video oficial),2512074
SUICIDE SILENCE - You Only Live Once (OFFICIAL VIDEO),95941233
Lights Out Asia - Radars Over the Ghosts of Chernobyl,23801
Ólafur Arnalds - 3055 Official Music Video,2735056
Andy McKee - Into the Ocean - www.candyrat.com,11199562
If These Trees Could Talk - What's In The Ground Belongs To You,91389
Adele - I Just Wanna Make Love To You - Jools' Hootenanny 2008 - HIGH DEFINITION,1542356
Christie Moore - The well below the Valley (snippet),25873
Somebody To Love/White Rabbit Jefferson Airplane,5979957
Amy Winehouse - Amy, Amy, Amy,8290766
Alexx Calise- Cry [With Lyrics],3144481
People,114350
The Way Of Life - Dead Prez,858633
Tom Campbell: Who Are We In This Reality? 2/2,22649
Fliptrix - Land Of The Lost (AUDIO),125796
I Want to know what love is - Foreigner,193966161
LAKEEREIN.PENAZ,11840
Aashna - Cham Cham Payal,13324
Fly Like An Eagle Steve Miller Band,2718032
The Pretty Reckless - Nothing left to lose (lyrics),2785619
Oh Laura - Release Me  ( with Lyrics ),243991
Sara Bareilles - Uncharted { Lyrics },327738
Heather Nova - Gloomy Sunday with lyrics,67671
Beyoncé - 1+1 (Video),107036979
Emmelie de Forest - Only Teardrops - official video (Denmark - Eurovision 2013),3525206
Mandy Moore - Only Hope (A Walk To Remember) no goofy intro,1529407
Elisa - One Step Away,365157
Elisa | Eppure sentire (un senso di te) | Original Version | OFFICIAL CLIP,270277
Ashlee Simpson - Outta My Head (Ay Ya Ya),14861309
Kelly Osbourne - One Word,3424026
Only an ocean away,238954
I wish you were here (original) singing sideways lol,337
Billy Paul. Me And Mrs Jones. Original Video,9459784
Stateless - Miles To Go with lyrics,320738
King Diamond- No Presents For Christmas,1784227
Varg Vikernes about Christianity,317285
Louis C.K. Hates Cell Phones,13923801
Daughter - Human (Video),99617
Radiohead - Creep,444148950
Nirvana - Heart-Shaped Box,191841385
"The Wolves (Act I & II)" by Bon Iver,638177
Michael Jackson-Human Nature-Lyrics,3706920
Evanescence - Good Enough,42345256
Fleet Foxes- Montezuma,2575799
Brett Dennen - Sydney I'll come Running (Full Studio Version),1245006
Florence + The Machine - Addicted To Love,8569069
Time by Pink Floyd (Flash Animation),1934347
Faith No More- Land of Sunshine,358159
Steven Wilson - Salvaging,156424
Metallica: The Unforgiven II (Official Music Video),49090629
The Fratellis - We Need Medicine (Album Song),136730
AIDS Burger,468407
Mitt Romney Style (Gangnam Style Parody),65013961
Norah Jones - Something Is Calling You,137036
Norah Jones - Something Is Calling You,137036
3-Way (The Golden Rule) (feat. Justin Timberlake & Lady Gaga),99008272
PSY - RIGHT NOW M/V,46904291
Lady Judas (Lady Gaga + Judas Priest Mashup) by Wax Audio,3831785
Brant Bjork - Somewhere Some Woman,348906
Unknown Hinson You ain't caliin the law,270773
Creation Seminar 1 - Kent Hovind - Age of the Earth (FULL),726903
Creation Seminar 1 - Kent Hovind - Age of the Earth (FULL),726903
dax riggs waking up insane,221587
How To Sing Like Your Favorite Artists,51260846
Alphaville - Jean-Luc Godard,917453
Belle & Sebastian - The State I Am In (Videoclip),265088
Advance Base - "Summer Music" (OFFICIAL VIDEO),83442
The Walker Brothers - Young Man Cried,55038
Joel Alme - I Remember,785
Cat's Eyes - I Knew It Was Over (Performed Live at the Vatican),221788
Seapony - "Emma's House" live @ the Waldorf featuring Rose Melberg,3536
Seapony - Where We Go [OFFICIAL VIDEO],225591
Jens Lekman - "Become Someone Else's" (Official Video),178744
Momus - Lucky like St. Sebastian,45397
Sparklehorse - Sad & Beautiful world,771852
Miriam Stockley - Perfect day,111098
beatrix potter intro,461543
Nordic Agapio - My little pony "Miss' ovat yksisarviset" (Where have the unicorns gone),495935
Cities Of Foam - Picking Up Tin Cans,2626
Bruce Springsteen, Real World (CHRISTIC NIGHT 2! Bruce voice was the RAWEST and most EMOTIONAL EVER),59820
Delilah - Go [RAK Session],4541120
RAP NEWS | Big Brother is WWWatching You,697234
RAP NEWS | The Economy,536354
MitiS - Born,6608465
Fracx - Serenity,517337
Fracx - In Your Memory,3684103
Enya - We are free now,18719561
Frank Vaulttackie - Rob Likes to Yell,31570
Kiss Me Again by Jessica Lea Mayfield,552546
Joshua James "Meet Me In The Middle",163041
Joshua James - Green Grass,62471
Henri 2, Paw de Deux,10884800
Lifehouse - Mesmerized w/ lyrics,81551
5. Orestes - A Perfect Circle,7495324
The jezabels - Dark storm,1169586
Prickles & Goo: Alan Watts Trey Parker Matt Stone South Park,182004
You're It - Alan Watts,3451408
Mesita - Out For Blood (Official Video),49259
PJ Harvey - Who Will Love Me Now,1035036
Final Fantasy VII - Main Theme [HQ],2398032
Final Fantasy X-Suteki Da Ne,7133481
Bully (Canis Canem Edit) Music- Main Theme,58357
Pierrot - Senka ♂「English Sub」,510147
Slam Fukkireta - Quad City DJs vs. Lamaze-P,1051807
２足立ち,7084330
Tucan E K J & I Whelans 1st June 2009,706
Captains Planet and Pollution,376773
Jenn Grant - Getcha Good,130439
The power of vulnerability | Brené Brown,14385030
Above & Beyond Acoustic - "Sun & Moon" Live from Porchester Hall (Official),5669657
Andy Duguid ft Jaren - Seven (Radio Edit),151023
스윙스 (Swings) 'A Real Lady (Feat. Beenzino, Gray & Zion.T)' M/V,2993295
Nerdy Love Song with Added Kitten Bonus!,1631681
Tokio Hotel - Don't Jump,5880923
Rilo Kiley - A Better Son/Daughter,1693208
Sweet Dreams, Elizabeth Lee,3623
Boyce Avenue - When The Lights Die (Lyric Video)(Original Song) on Spotify & Apple,704049
Boyce Avenue - Find Me (Original Music Video) on Spotify &  Apple,10976366
Old Spice | The Man Your Man Could Smell Like,58008978
You are the Moon (The Hush Sound) Lyrics,22889
Grand Finale - Forever Alone feat. Alex Theesfield (Official Lyric Video),689527
Kevin MacLeod ~ At Rest,4206762
Kingdom Hearts - Dearly Beloved 2011 (Sheet Music),335454
Korn - Fear Is A Place To Live (Official Release),58754
Down - Stone the Crow,9873084
Stephen Colbert on The O'Reilly Factor,3905722
Party Down - Little Buddy,29570
Blue Foundation - Bonfires,1396001
Radiolab and NPR Present Words,1259332
Kate Rusby - Bitter Boy,151707
Concierto de Aranjuez,49719
Alessandro Marcello Concerto in D minor (Presti-Lagoya),15880
Raro.Eduardo Isaac interpreta la Suite Argentina,de Eduardo Falú..wmv,15458
The Plague and the Moonflower -- 1. Prologue,2624
Castelnuovo-Tedesco, Mario mvt1(begin) 2nd violin concerto,14667
Aaron Copland: Symphony for Organ and Orchestra (1924),109531
Flor Peeters (1903-1986) : Concerto pour orgue et orchestre (1944) 1/2 **MUST HEAR**,19816
Franz Ferdinand - Stand on the horizon (Lyrics),97656
Pink Floyd - Wish You Were Here,210071469
Mad Season - River of Deceit,5716462
The Smiths - This Charming Man,8596940
Tool - Ænema (Lyrics and Meaning),11583641
Ricky Gervais Laughs,215232
Guess I'm Doing Fine,284823
Johnny Cash - Folsom Prison Blues (Live),7600013
Beck - everybody's gotta learn sometime,1853181
Soundgarden - 4th of july,190054
NICE GUYS,26713079
Eels - Fresh Blood,1521024
Fatlip - What's Up Fatlip? (High Quality),223735
Deftones - Drive (Cars Cover),2866713
Deftones - Feiticeira,1794375
Deerhunter - Green Jacket,17336
The Velvet Underground & Nico - Sunday Morning,279820
Pink Floyd - Another Brick in the Wall - All Parts HQ Audio,2887293
Hunting high and low  A-Ha  Lyrics,150238
Edward Sharpe & The Magnetic Zeros - Home with Lyrics,12170483
Clouseau - Leve België (Official Video),150247
gene thomas - voor haar w/lyrics,2981699
Piange il Telefono,6241122
Emily and The Woods - Never Play,285712
Flyleaf - Again Acoustic,873184
Dogs Play Bluegrass,1345302
wolf howl,12004628
VGM Hall Of Fame: Age of Empires III - Felonious Junk,555
-Yakety Sax- Music,12006123
Mirror's Edge [Music] - Kate (Puzzle),288393
Mirror's Edge [Music] - The Shard (Puzzle),464294
Legend of Mana OST (HD) - CD2 - Track 25 - Ruined Sparkling City,84196
Cute and funny Kittens learn physics,1243420
Classic Sesame Street - Fat Cat Sat Hat,2957607
Mother Soundtrack: Pollyanna - I Believe In You (1080p),6228
Mother Soundtrack: Pollyanna - I Believe In You (1080p),6228
Strong Bad Email #119 - Animal,253792
Synesthesia | Future Shorts,583749
Miike Snow - Silvia (Robotberget Remix) Animation,1244436
If money were no object.,66950
UFO [ BETWEEN THE WALLS ] AUDIO-TRACK,21483
Let My Love Open the Door Nightmare Before Christmas STYLE!!,19844
Data Raps (Dan Bull Star Trek remix),918359
Thornley - Beautiful,255839
Jefferson Airplane - Somebody to love,27448474
THE GRAVIATORS - Druid's Ritual,12421
The Secret Garden Piano Theme Music,703742
Aaron Lewis - Black  (Acoustic),1836650
Kate & Leopold - Until...,62241
Nyan Cat [original],183481691
Metronomy - The Bay (lyrics),1530980
Urmas Alender - Kui mind enam ei ole,2427851
Lena - Satellite (Germany),65116816
Ry Cuming - Always Remember Me,2852202
J.R. Richards - Ghost of sorrow,148686
J R Richards of Dishwalla - Until I Wake Up (Acoustic),158827
HIM - When Love And Death Embrace - Live @ Overdrive,418353
HIM - When Love And Death Embrace - Live @ Overdrive,418353
J R Richards of Dishwalla - Until I Wake Up (Acoustic),158827
Angels or Devils Dishwalla Acoustic,22721
Arvo Part - "Spiegel im Spiegel',2943420
Rogue Valley -The Wolves and the Ravens,236517
The Tallest Man on Earth - Like The Wheel (Live on KEXP),118039
The Shins "Sleeping Lessons" (OFFICIAL VIDEO),1691752
Sweeney Todd - Green Finch and Linnet Bird - Full Song,1314610
One-Two-Watch: Meet Lana Del Rey - Exclusive Interview,1615836
Florence + The Machine - Never Let Me Go,65649826
Lykke Li - Tonight - Live acoustic take,2450379
Katie Costello - Cassette Tape,128480
yael naim - lonely,1383997
Julian Casablancas - 11th Dimension,11470668
Joshua Radin, 'I'd Rather Be With You' - new video,5733792
Akira Ishikawa & Count Buffalo -  Pigmy  (1972),68234
Sinéad O Connor - Sacrifice,1924710
Smashing Pumpkins - Landslide,42517
Vennaskond - Humonoid,13011
Vennaskond - Mälestus Tuhmub,97082
Godspeed You Black Emperor - Static,245181
Motorhead-One More Fucking Time,72810
Soundgarden - Blow Up The Outside World (Official Music Video),11162489
Terry Reid - Brave Awakening [HQ],693067
Richard Wagner - "Tristan und Isolde", Prelude,6446374
Dream Theater - Illumination Theory (Audio),1045912
Eternal Life - Jeff Buckley,653344
Passenger - Bloodstains (Feat. Katie Noonan),304139
The Secret Life of Walter Mitty Official Trailer #1 (2013) - Ben Stiller Movie HD,5046319
Van Morrison - Astral Weeks,4211384
Kaki King - Can Anyone Who Has Heard This Music Really Be...,332147
Enya - Only Time (Official 4K Music Video),160510504
The Mamas & the Papas - California Dreamin',30732492
Andrew Jackson Jihad - Personal Space Invader,99398
Kiss From A Rose,1941470
Stick Figure - Hawaii Song,6129606
Talking Heads - This Must Be The Place (Naive Melody),3391329
Little Dragon - Constant Surprises,2848021
Brett Dennen - Ain't No Reason (Official Single Video),5031238
Mother Mother - Love And Truth (with lyrics),157808
Otis Redding - A Change Is Gonna Come,6585650
Iron & Wine - Each Coming Night,1521406
Otis Redding - That's How Strong My Love Is,4517354
The Cure - A Letter to Elise (lyrics),228974
Nikita & Alex | King and Lionheart (for Aga),3860
4. Glee Cast - Bohemian Rhapsody,1723060
Alice of Human Sacrifice with English Sub - 人柱アリス Re:A version - sm4492586,8973881
Michael Jackson - Earth Song (Official Video),276653422
Michael Jackson - Black Or White (Official Video - Shortened Version),349827873
Restorations - New Old,20434
Jane's Addiciton - Summertime Rolls,525572
Michael Jackson - Heal The World (Official Video),173258529
Pee Wee Herman, Bike Incident,141058
Pete Wylie [ The Day That Margaret Thatcher Dies! ],412577
Reel Big Fish - Everyone Else is An Asshole,958833
Single Ladies Gone Wrong,13102396
Funny, Insane Republican On Tape! (Phil Davison Goes Ballistic),254968
Meatloaf and Avid,119892
Cat Power Interview ACL (2006),170804
Smells Like Bootylicious,392767
Radiohead - Let Down,2260357
The Jesus And Mary Chain - Head On (Official Music Video),4019033
Cat Power - Maybe Not Video,19642
Titus Andronicus - "No Future Part Three: Escape From No Future" (Official Video),289443
Manic street preachers - So Dead (subtitulada al español),1537
Titus Andronicus - Arms Against Atrophy,103554
The Wedding Present - Make Me Smile (Come Up And See Me) (Steve Harley Cover),25686
Dropkick Murphys - Worker's Song (with lyrics),7939952
Therapy? - Screamager,1907037
Cat Power-Maybe Not,2076806
Titus Andronicus - "No Future Part Three: Escape From No Future" (Official Video),289443
Beck - Where It's At (Official Video),16125820
Brother to Brother | Check It Out! With Dr. Steve Brule | Adult Swim,1621516
Todd Rundgren - Hello Its Me,6760473
Shot Dunn,43718
Vocal Power Voice Lessons by Jim Gillette,522954
Jon Becker sings the elusive D6 and E-flat6,227742
Bill Murray Teaches Japanese,114348
Vocal Power Voice Lessons by Jim Gillette,522954
Shot Dunn,43718
Patti Labelle Al Green Mavis Staples Little Richard - Apollo,565601
Portlandia - The Mayor is Missing - featuring KPAM's Pat Boyle,88227
Double Negative - Technically Disfigured.wmv,2660
Jonathan Richman on french TV 1982,71702
Low "In The Drugs",133260
Cheap Trick - Taxman, Mr. Thief,105902
Liz Durrett - Stop The Projector,27866
Sun City Girls - Space Prophet Dogon,10786
Attack In Black - I'm Going To Forget,46531
City of Music: Brute Heart perform "Eclipse",6218
Jawbreaker - Accident Prone,304435
Carry Me , Ohio - Sun Kil Moon,2014015
Chet Baker / My Ideal,246609
Shame - Smashing Pumpkins,140316
Sting - Desert Rose original song,4770177
Sufjan Stevens - Get real get right,177170
Dan Michaelson - Breaking Falls (Official Audio) Lyrics ᴴᴰ,95494
Interpol Obstacle 1 Lyrics,504288
Ring of Fire Johnny Cash,41651507
Radiohead -  Subterranean Homesick Alien,965943
Jimmy Eat World - The Middle (Official Music Video),70830085
The Shoes - TIME TO DANCE (official video),2539288
Tame Impala - Solitude is Bliss,6643001
SNOW Legal with lyrics,30732
Night Wish-Sleeping Sun,224968
The Smashing Pumpkins MUZZLE,26746
I Adore You,150069
Bjork    All Neon Like   Homogenic,309742
Mikhael Paskalev - I Spy (Official Video),2818927
Flight Facilities - Clair De Lune feat. Christine Hoberg,16990991
Under the Milky Way Tonite,242930
Death Cab For Cutie - Transatlanticism,328934
Kings Of Convenience - Boat Behind,6647934
Tame Impala-Why Won't They Talk To Me,22132
Yo Te Quiero - wisin y yandel,74203264
Kelly Rowland - I'm Still In Love With My Ex [LYRICS!!!],1577856
Musiq - Halfcrazy (Official Video),45916225
Matt Redman - 10,000 Reasons (Bless the Lord),44045442
Conference of the Birds - *Shels,67002
Skylar Grey - Invisible,18739236
Phantom of the Opera - Lindsey Stirling,62173498
Florence + The Machine - No Light, No Light,40324594
Her Morning Elegance / Oren Lavie,34768673
The Big Bang Theory - The Friendship Algorithm,4803770
The big bang theory - sheldon's girlfriend / la novia de sheldon,1267569
Ellie Goulding 'Human",1354749
Without a Two Weeks Notice,7144
an awful lot of running - chameleon circuit,70243
Clean Bandit - Rather Be ft. Jess Glynne [Official Video],611228479
Synthesia - Decisive Battle (Final Fantasy VI),175600
City and Colour - "Northern Wind" (Live at WFUV),398496
Radical Face 'Welcome Home',38608122
Kiss From A Rose,1941470
Portal: A Day in the Life of a Turret,1997359
juzzie smith one man band,1911831
Scissor Sisters - I Don't Feel Like Dancin',26139607
Blu & Exile - Love Line(s),Dedicated To Last Fe'vrier,492354
Blu & Exile - "So(ul)Amazing",1637740
Blu - My Sunshine (feat. Nia Andrews) [Official Video],686906
A poem for FTL,448167
02 The Tallest Man on Earth | The Gardener,1056086
Destroyer - Suicide Demo for Kara Walker,341132
Justin Bieber Gets HIT by Water Bottle!! (ORIGINAL) CHECK THE DATE!,9706503
Veronica Rapela - Hasta Siempre,16661
Set Fire to the Third Bar - Snow Patrol Lyrics!,3512204
INFP Video Log: Noxus,808
Drunk guy yelling at cops (funny),8102
Whatcha talkin bout Willis,11987325
Smokestack Lightning Howlin Wolf,6767058
Miami Zombie Attack Prank!,33118640
Mr. Yuk Commercial,867437
Secret Garden - Gates Of Dawn,15097
Extreme Tree Huggers,466199
Seattle Rain -  Louis Landon - solo piano,2894
Homeschooling Documentary: A Day in the Life of Cheyenne,5991
Why Do White People Have Black Spots?,230226
Matthew Morrison - Summer Rain (Lyric Video),391117
Enya - Amarantine (video),18316812
ATB - Love will find you (with Heather Nova),785221
Come Wander With Me - Agua de Annique,316550
Something Stupid - Frank Sinatra,27382515
Hannah Fury - The winner takes it all,22463
Gregory And The Hawk- I'm Your Puppet,700212
Boats and Birds -- Gregory and the Hawk,1065366
Margot & The Nuclear So and So's - "Quiet As A Mouse",436896
MGMT- Kids,42713029
Dave Matthews Band-The Best of What's Around w/ lyrics,1385897
Alaska by Sky Sailing *with lyrics*,29915
Woodkid - Iron (Official Video),85956344
Sweatshop Union - Thing About It,630081
Xenosaga Episode 1 (Full Movie),282343
A Capella Science - Bohemian Gravity!,3943892
Why Your Family Hates You  (8 Steps to Coping with ScapeGoating/Mobbing/Narcissism/Projection)),681725
Caravan of love -  Housemartins,640921
Michael Jackson - Billie Jean (Official Video),871097082
CARIBOU - Odessa,4711099
volcano! - Africa Just Wants to Have Fun,193326
waltz #2,607222
Funeral Monologue from Synecdoche, New York.,393998
Life In A Glass House,302567
I Might Be Wrong,228669
Radiohead - How To Disappear Completely,2159659
Single Frame - Post Daydream Forecast Endeavor,974
Single Frame - People Are Germs (Monster Mash-Up Remix by Nick Zinner),13379
Jessie J - Nobody's Perfect (Netsky Remix),29884805
Above & Beyond pres. OceanLab "On A Good Day" Ashleigh Tritton's winning video,1205044
Parker & Hanson - Afterthought (Heatbeat Remix),179909
Neko Case - THIS TORNADO LOVES YOU,198320
RSA ANIMATE: Crises of Capitalism,3144965
Cary Brothers - Belong,2587517
KENNY LOGGINS-TOO EARLY FOR TE SUN (DEMASIADO TEMPRANO PARA EL SOL),113122
Vertical Horizon - Finding Me (Guy/Robin "Robin Hood"),13078
Falling Through Time by 2002,67286
Aria 2-Horizon,11951
AMETHYSTIUM Odyssey.wmv,1324
Oasis - Don't Go Away,4472775
Adam Lambert - Whataya Want from Me,102098428
earth wind and fire : after the love has gone,4615272
Soul Eater Amv W.U.N,4057315
Fireworks - Detroit (Video),163087
Fireworks-Geography, Vonnegut and Me,9618
CHUNK ! NO, CAPTAIN CHUNK ! - Sink Or Swim (S.O.S),122700
Mike Dawes & Amy Turk - The Violet and the Bee,33454
Django Reinhardt - Minor Swing - Official,1588150
The National- Exile Vilify,5282314
Chris Thile and Michael Daves: NPR Music Tiny Desk Concert,1070276
radiohead - talk show host,4007351
Bach - Concerto for Two Violins in D Minor BWV1043 - Mov 1/3,339328
John Trudell_Earth the Living Entity,46588
Casimir Pulaski Day (Sufjan Stevens Cover),311842
tUnE-yArDs - Gangsta (Official Video),1785428
Nick Drake- Riverman,3538034
Asaf Avidan & The Mojos - Your Anchor,1152348
Fall At Your Feet. - Crowded House,2536260
Lose Yourself | Eminem (Joel Ansett Cover),397564
D'angelo - Feel Like Makin' Love,4392362
Infected Mushroom - Never Mind [HQ Audio],1463883
The Business of Things,1139
Jake Smith - Get Up (Live),2807
David Bowie & Grace Jones - Dream to the Rhythm,322763
Sade - No Ordinary Love - Official - 1992,109693194
Shara Nelson I Fell ( so you could catch me ) 2 versions,2718
05. Short Hair - Mulan OST,9105302
Casper's Lullaby -  One Last Wish - Piano - Stereo.avi,492627
Black Books,34248
Jeff Buckley - Mojo Pin,1734235
Jeff Buckley - So Real,5298067
James Blake - The Wilhelm Scream (Official Video),5401715
tiger gets angry,84952
News, Media And Truth,27076
Liberals vs Conservatives,281347
Global Warming,78907
The War In Iraq,30609
Moss Icon - Guatemala,41499
Amebix-Beyond the Sun,50295
Descendents - Bikeage,1769739
Descendents - Bikeage,1769739
Rudimentary Peni - Cosmetic Plague,19098
Chaos UK - No Security,492603
The Mob - No Doves Fly Here,137439
Matt and Kim - "Yea Yeah" (OFFICIAL MUSIC VIDEO),3737573
Lost Under Heaven - Lost Under Heaven,13433
Portishead - It's a Fire,312726
Scout Niblett - My Man,74062
ENTRANCE "Grim Reaper Blues" Music Video,395973
untitled,124
Alice Coltrane - The Sun,149556
Angel Olsen - Acrobat (Official Music Video),197709
11 - John Frusciante - Song To Sing When I'm Lonely (Shadows Collide With People),951123
My Bloody Valentine - Only Shallow (Official Music Video),2666653
Swag Me Out - Odd Future Wolf Gang Kill Them All,2992975
Tori Amos - Smells like teen spirit (Most seen Tori Amos' video on You Tube),5886511
Tyler The Creator - Yonkers,128623224
James - Laid (Version 2),6451258
The Hooters - All You Zombies (Official Video),11849736
Eric Burdon & The Animals Sky Pilot,1671272
Lee Michaels - Do You Know What I Mean Video,333273
"Can We Still Be Friends" - Todd Rundgren, Daryl Hall,5405745
PRIME CIRCLE - Breathing (OFFICIAL MUSIC VIDEO),971094
How To Be Alone,8432548
Kanye West - POWER [FULL ORIGINAL HQ SONG],7589267
La Roux - In for the Kill (Skream Remix) with lyrics,495413
The Tallest Man on Earth - "The Dreamer" (Live at WFUV),505060
KHalf Noise - Múm,188763
Wooden Shjips - Flight,354063
Germany Germany - Disconnect (official video),10981
Sage Francis - Inherited Scars,743454
Thom Yorke Interview,193407
Wooden Shjips - Flight,354063
People,114350
Ventrilo Harassment - Blue Oyster Cult,855555
Alone - Alice in chains & pearl jam,2370393
A Day To Remember - The Plot to Bomb the Panhandle,9716790
Dean Martin - Mambo Italiano,16671650
311 - All Mixed Up,7714624
Ultimate Dog Tease,202997638
Evanescence - My Immortal (Official Music Video),708157335
BEETHOVEN.ODE TO JOY,14410002
Mark Kozelek - You Ain't Got a Hold on Me,35806
The Apples in stereo - Dance Floor,243696
Warpaint - Undertow,3837095
Make Love Not Porn - Cindy Gallop,51039
Fluttershy - My Little Pony - Friendship is Magic,379872
MEET KATIE,5561571
The Turntable Turnabout (Mystery Skulls - Money),31919147
Piledriver | LPTV #74 | Linkin Park,420186
Krewella - One Minute,7228979
Chewbacca for President! Let the Wookie Win!,170054
The Patron Saint of Youtube,278680
John Green on Romance,155173
Noisestorm - That Feeling (Electro) (Free Download),284438
Demi Holborn, I'd Like To Teach The World To Sing,124195
The Smiths - There is a light that never goes out,17136331
Arctic Monkeys - Cornerstone (live session - KEXP),906287
Falconer - Vårvindar Friska,117222
Falconer - Vi Sålde Våra Hemman,110399
Enter the Haggis - No More Stones,32181
To The Quick by Enter the Haggis,94826
Omnia - Cornwall,91547
Omnia - Xtatica,130415
Omnia - The Wylde Hunt (with intro),1013968
Omnia - Fairytale (Lyrics),271269
Kuroshitsuji OST 1 ~ 02. Si deus me relinquit ♥,2285240
FlyFF: Flaris Town Theme,69570
Wolfmother - Phoenix,174371
TRIGUN-Stories to Tell,203926
MattRach - Exotic Rain (Hang Drum by Manu Delago),935308
Stephen shmoozes about Anderson Cooper's dapperness,199456
BOB MARLEY - WILL BE FOREVER LOVING JAH,227074
GI Joe - Pork Chop Sandwiches,6284181
Crow - Ricky says "Caw",444863
Phantogram - Mouthful Of Diamonds,9513643
Modest Mouse - Third Planet,3270381
Fogell - I told her what time it was,136684
WORLD ORDER　"MACHINE CIVILIZATION",14279728
The Dreadnoughts - Avalon,364215
Twenty One Pilots Interview - Tyler (part 1),429199
Twenty One Pilots Interview - Tyler (part 2),165543
I felt a great disturbance in the Force...,452776
Murray Bookchin - (2/11) - Waterloo 1985,1161
Blowing Up Parliament.wmv,17444
Zombie Kid Likes Turtles,66628055
Arctic Monkeys - Brianstorm (Official Video),54887467
Dj Boonie - Baby Boy,4750098
The Silver Seas - What's the  Drawback,24939
Lights Out - Rick Astley,1932329
Blue,18
Toy Story - Mrs. Nesbitt,3489325
What not to do In Town,5044155
How To Procrastinate LIKE A PRO,4553943
The Meaning of Life,3521720
Salad Fingers 1: Spoons,38045545
Salad Fingers 2: Friends,22316842
Stones, Montreal 1965,106205
Rolling Stones - Wild Horses,4360934
Rolling Stones - Wild Horses,4360934
Stop Procrastinating,3778988
Charliebot,3499091
My Crib,2167854
B.o.B - Airplanes (feat. Hayley Williams of Paramore) [Official Video],560553276
Helicopter - The feeling,107312
OK Go - End Love - Official Video,15969997
Nero - Reaching Out,5992497
Did i ever tell you the definition of "Insanity"??,610465
Evanescence-Imaginary (with lyrics),4398220
Weezer - The Good Life,375467
Being an INFP,596
Corinne Bailey Rae performs Are you Here,79528
Corinne Bailey Rae - I'd Do It All Again (official video),1067239
John Rzeznik - I'm Still Here (HQ) [Official],195381
Broder Daniel - Army of Dreamers,14252
Broder Daniel - No Time For Us (Akustisk),207808
Broder Daniel - Shoreline,605898
Kid CuDi Up, Up And Away,9894497
So Above So Below - Remembrance Of Things Past,41274
School of Seven Bells - "Half Asleep",1189939
velvet underground - venus in furs,9169209
Pink Floyd - Welcome To The Machine (music video),99210
The Cure - A Strange Day,10471992
Limahl - The Neverending Story,8436259
Magic Dance (Labyrinth) David Bowie Jareth,1177476
Weezer - Island In The Sun (Official Music Video),23697907
Shameful Metaphors by Chevelle,180238
Runner Dustin O'Halloran,192696
City in the Sky music (Extended),5215
EWOKS Intro 1985-1987,77442
Pepper Ann Intro,532701
FREAKAZOID intro,1923647
Taz-mania intro,1145277
V.R. Troopers intro,936441
Mmm. More Spam!,63469
How To Sing Like Your Favorite Artists,51260901
Gorillaz - DARE (Official Video),186731975
Florence + The Machine - No Light, No Light,1169387
Swimming In Victoria Falls Devils Pool,2291428
hedgehog in the fog,865020
Pink Floyd - Fearless,3633382
Jason Becker - Higher,251505
Jason Becker - End of the Beginning,789851
"Sanctus" from AMASS,5334
MLK - U2,1187
Zedd - Clarity ft. Foxes (Official Music Video),280582523
SUCRÉ - When We Were Young,275754
Killer - Mew,75487
Mew - Wherever,142514
Mew - Special (Lyrics),48774
So Your Cat Wants A Massage?,4653666
Strangers, again,20426210
Lykke Li - Little Bit,13563650
Magenta Skycode: The Simple Pleasures,66999
Stacey Kent - So Nice,4691426
wilco - one wing,243770
Joy Division Love will tear us apart - BBC Peel Session version,5787303
Baby Laugh,391097
Philip Glass - Morning Passages,1214447
Morrissey - That's How People Grow Up,1665723
Husky Rescue  - Sound of Love,577467
Alanis Morissette being an INFJ (previously thought INFP),20333
Kat DeLuna - Dancing Tonight ft. Fo Onassis,15279659
Red Hot Chili Peppers - The Adventures Of Rain Dance Maggie [Audio],11749068
Skindred - Cut Dem,328061
John Frusciante - Ah Yom (The Empyrean),272399
John Frusciante - Unreachable  (The Empyrean) New Song!,2103325
Bedouin Soundclash - Brutal Hearts (feat. Coeur De Pirate),3006575
Dead Giveaway!,34614955
Prank Call GONE WRONG...But Gets Hilarious,14248121
Moving Pictures - What About Me (1982),1888428
Nadia Ali, Starkillers & Alex Kenji - Pressure (Alesso Edit) (Official Music Video) [HD],11364698
Explosions in the Sky - Remember Me as a Time of Day,2231483
Depeche Mode B-sides - Dangerous,516302
Amy Winehouse - You Know I'm No Good,266955726
Disfunktion - Galette (Avicii - Hello Miami),16122204
Myslovitz | Z twarzą Marilyn Monroe,5969161
"Pretty"--Kidneythieves,210271
Jason Derulo - Whatcha Say (Video),284983123
Matthew Good - Last Parade,562756
The Trooper - Charge of the Light Brigade,367007
GINGERS DO HAVE SOULS!!,46451570
Chicken Police?,7439675
[2009] JayFunky Finger Tutting for Monsieur Clay-Doh,2101223
Shadowbane - 2 man team terrorizes the SB map,3692
"Weird" Al Yankovic - Amish Paradise (Official Parody of "Gangsta's Paradise"),89654297
Snoop Dogg - Drop It Like It's Hot (Official Music Video) ft. Pharrell Williams,173810524
You're Worthy of My Praise - Jeremy Camp,984149
Hallelujah,53560
Symphony of Science - 'We Are All Connected' (ft. Sagan, Feynman, deGrasse Tyson & Bill Nye),8173173
Frenzal Rhomb-You can't move into my house,131658
You can do it montage.,2324721
Seether - Broken ft. Amy Lee,250129458
HIM - Killing Loneliness [OFFICIAL VIDEO],16190505
Rage against the machine - Maria,1084777
Kings Of Leon - Use Somebody (Official Video),253251419
look right through me.wmv,20970
Deftones-Change,48107914
RATATAT - MANDY,157931
Why? The Vowels, Pt 2,960709
Patty Griffin - Heavenly Day,23208
Anohana - Secret Base ~Kimi ga Kureta Mono~ 10 Years After Version Lyrics,2359929
Rusty Hearts OST - Heartbroken,66485
bush rice hu kofi,865564
Historical 東方 Touhou Unplugged/Classic 40,55237
The Head and the Heart - Lost in My Mind [OFFICIAL VIDEO],9329640
Brainwashed by the Westboro Baptist Church (Part 1/2),3241796
Brainwashed by the Westboro Baptist Church (Part 2/2),1133577
Kurt Cobain Discusses His Moodiness, Drug Use & More Pt1 of2,1081630
Naked City - Victims Of Torture,125784
Into the West,1489432
Love Song - Third Day (New),828607
Hans Zimmer - A Way of Life,17285273
Owl City - In Christ Alone - WITH LYRICS!,2861409
Last Day of My Life Lyrics,224109
nat king cole,2434619
Highway 20 Ride | Zac Brown Band,23307834
Amos Lee - Arms Of A Woman (Official Video),7363965
The Bruce Lee Story Soundtrack - Bruce & Linda - Piano Cover,80024
Van Morrison - Philosophers Stone,816897
Red House Painters - Have You Forgotten,199090
Obadiah Parker - Hey Ya Cover,8493382
Memoryhouse - Lately (Deuxième),1242
Peter Gabriel   Paula Cole   don't give up live   123Video   Truveo Video Search2,83271
the lightning seeds-pure,240095
Shelleyan Orphan - Anatomy of Love (The Tube 1987),37844
The 8 Commandments of A Ninja,12513
Ninja Commandments (1987) Richard Harrison playing Ninja,25868
Switchfoot - Dare You To Move,4934846
The Sundays - Love,424417
Ulrich Schnauss - Blumenthal,8996
Rhythm Corps - Common Ground,248316
Ron Sexsmith- Gold In Them Hills,1893
Wyclef Jean, Canibus - Gone Till November,8971795
Fallulah - Give Us A Little Love - Official Video,5248042
Celeste Buckingham - RUN RUN RUN (Official VideoClip),23446646
Rascal Flatts - What Hurts The Most (Official Video),151575407
The Cardigans - Please Sister,149246
Never Give Up On Me (Lyrics),910557
Evanescence - Hello,55803
Lifehouse - First Time (Official Video),9015567
Eddie Vedder - You've Got To Hide Your Love Away (I AM SAM),2418657
The Cinematic Orchestra Arrival of the Birds & Transformation,26879377
JJ Heller - What Love Really Means - Love Me (Official Music Video),7545814
Snatch Soundtrack (Golden Brown),581890
David Bowden || "Start Something that Matters" || Spoken Word,173154
Pintail Longboards Built by Original Skateboards,20273047
Ratatat - Breaking Away,4313908
Gym Class Heroes: Stereo Hearts ft. Adam Levine [OFFICIAL VIDEO],478834270
New Order - Regret,420075
Stan Bush - The Touch,3732156
Ólafur Arnalds - Ljósið (Official Music Video),3477961
I hate Sweety,286262
Florence + The Machine - Shake It Out,101372512
Doctor Who, "The Most Beautiful Man I've Ever Met",23304
"The Owl" by I Love You But I've Chosen Darkness,577334
A.A. Bondy "Lover's Waltz",36478
Black Star - Astronomy (8th light),87656
Bright Eyes - Bowl of Oranges,1569770
Alex Turner - Glass In The Park - Submarine OST,1306854
Talladega Nights With All Due Respect,584875
THE BROTHERS BLOOM - Trailer,235829
Festival of Colors - World's BIGGEST color party,9798743
Nocturno - Chopin,16404753
Le dernier garçon iv,311549
Backstreet Boys - I Want It That Way (Official Music Video),847499686
Invisible Hands,34430
Ashkenazy plays Chopin Nocturne in C sharp Minor (No.20),2329088
Arthur Rubinstein - Chopin Nocturne Op. 55, No. 2 in E flat,221712
Ma Mère l'Oye - XI. Le jardin Féerique,39484
Philip Wesley - Dark night of the soul,2234933
Drop Dead Gorgeous,165429
Metric - Black Sheep,4193001
Hot Chip - 'I Feel Better',3355344
Stand in a Line - Shinichi Osawa Remix by Rubies,7560
Whitney Houston - My Love Is Your Love (Official Video),65093622
Radiohead - How To Disappear Completely,2159659
Radiohead - Karma Police with lyrics,6832545
maury - pickle phobia,673792
Porcelain Black - This Is What Rock N Roll Looks Like (Explicit) [Official Video],20943029
Radiohead - All I Need,312274
Air - Run,647814
Broken Bells-October,1914596
Babyshambles - Fuck Forever,1034679
Bulb - Heliovice - No Vocals (Rare Version),26822
7. Any Colour You Like (Dark Side of the Moon),899735
Empyrean,92384
TRAFFIC Dear Mr.Fantasy,9254152
Solid Gold - "Who You Gonna Run To?" (Official Music Video),136415
Mastodon - Black Tongue [Official Music Video],2370712
For What It's Worth - Buffalo Springfield,6908186
9. Climbing up the Walls,1124957
Radiohead -  Subterranean Homesick Alien,965943
Wintersleep - Avalanche,118859
Between the buried and me - colour blind,198913
Aeon Spoke - Grace,56566
Nightmares on Wax - Now Is The Time,344651
AA Bondy - I can see the pines are dancing,315906
The Parable of Good or Bad,197906
Oasis - Stop Crying Your Heart Out (Official Video),24807307
Nine Inch Nails - Deep,3949863
Matchbox Twenty - Unwell (Official Video),58194421
Newcomer,49690
Fire Emblem Theme Opera Full Version,704057
JohNick - Summer Flight,34244
SpaceX Tests the New Merlin 1D Rocket Engine | NASA COTS Program Falcon Dragon HD,258571
Carly Rae Jepsen - I Really Like You,260318465
Balance and Composure - Pull Of The Ground,21051
Hans Zimmer - Time,1745
Hans Zimmer - Time,1745
Hans Zimmer - Time,1745
Flyleaf - Something I can Never have,873
Ellie Goulding - Lights - Musicvideo,138
Tifa and Cloud - You were never all alone,134767
Tifa and Cloud - You were never all alone,134767
O-Town All or Nothing [lyrics],31130268
3 Inches of Blood - Destroy the Orcs with lyrics,595518
Dessa "Warsaw" (Official Lyric Video) - Created by Adam J. Dunn,168862
Helios - Coast Off,1051426
Five Deez - Latitude (Nujabes Remix),152323
Au Revoir Simone - Tell Me (Clock Opera Remix),201334
WHY I HATE HOLLISTER (Rant),36659
Dragonball Z - Offspring Feelings,279768
titanic in 5 seconds,11901956
FIRST DUBSTEP - BLUES FUSION IN YOUTUBE,33924
Hawthorne Heights: Blue Burns Orange,631097
Hootie & The Blowfish - Let Her Cry (Official Music Video),80039072
Between The Minds,403610
La plage - Yann Tiersen,9515500
Dig a tunnel - Lion king one and a half,638595
CRYSTAL CASTLES / NOT IN LOVE /  GALAXY THEATER / 10 26 11,233
Dig a tunnel - Lion king one and a half,638595
Bossanova - Blue Bossanova,353945
Jack Sparrow (feat. Michael Bolton),214942506
Asobi Seksu- Walk On The Moon,196793
Eddie Izzard- Death Star Canteen,27575583
Master of Muppets,2675322
Richard Wagner - Tannhäuser - Pilgrim's Chorus,457726
Adele performing Someone Like You | BRIT Awards 2011,177738613
Amy Poehler - Touretts Syndrome - only funny subtitle,34982
Lesley Gore - You Don't Own Me (HD),18314922
Dear Hunter - Blood of the Rose,116728
Symphonic Fantasies - Secret of Mana medley part 1/2,408828
Symphonic Fantasies - Secret of Mana medley part 2/2,204568
Audioslave - Be Yourself (Album Version, Closed Captioned),178471859
The Giraffe,799841
Online Virtual Chat Gameplay and Commentary,1077390
Wait For Me- Rise Against (Lyrics) HQ,25109
Stephen Walking - Lavender Town (Pokemon Dubstep Remix),1864544
Sonny Sharrock  - Who does she hope to be?,101384
Night vision - Daft punk,116022
Hammock - The House Where We Grew up,113011
Hammock - Mono No Aware,859279
Gregory Alan Isakov - The Stable Song - CARDINAL SESSIONS,2161487
Seafret - Oceans,86322878
Small Black - No Stranger,875299
Radical Face - The Mute (Official Video),1949041
SOKO :: I Thought I Was An Alien (Official Video),1541733
Mos Def feat. Pharoahe Monch & Nate Dogg - Oh No,4990292
Something Corporate - The Astronaut,43885
Opera Australia's Peter Grimes - The Embroidery Aria,18860
It Sucks To Be Me,2222039
"Arrogance And Confidence" Tales Of Mere Existence,434952
Arnolds Pizza Shop,2185844
John Cage - 4'33" by David Tudor,1236911
Time by Pink Floyd (Flash Animation),1934348
Beardyman - Live in the Underbelly: The Full show,6777865
Shpongle - Divine Moments Of Truth,6697622
Shpongle - Divine Moments Of Truth,6697622
I Fight Dragons - Money,449571
SUPAHOT- BAD BOY POWER 105.1 SHOWCASE @ SULLIVAN HALL,141
David Bowie- 13 Moonage Daydream,39900
The Holy Modal Rounders- Euphoria,76208
Jefferson Airplane - White Rabbit - (Woodstock 1969),71003
Buddy Guy Dallas House of Blues Damn Right I've Got the Blues,642
four seasons in one day - crowded house,271231
Kate Bush - Cloudbusting - Official Music Video,12073174
Alan Watts On Your Personality,2281
Courage - Superchick (with Lyrics),1339970
Alexander Borodin - Quartet No. 2,35002
The Joy of Books,4410694
Use art to turn the world inside out | JR,671861
Christmas Star,485714
Return to OZ Soundtrack Track 11: Theme from Return to OZ,49276
Dennis Parker - Like An Eagle,240978
St. Vincent - Cruel (Official Video),5449571
Warpaint - Krimson,784030
Radiohead - Videotape (Scotch Mist),2309523
Thom Yorke - Skip Divided (Modeselektor Remix),194810
MEINIR GWILYM - SIGLO DY SAIL,36470
Hot scene from The Fountain,555946
Eli's Dirty Jokes - Episode 10 - Hoshimota,2064248
Trailer Bride - All Thine,12256
The Sadies, "Flash",161067
the sadies - 1000 cities falling,33413
Townes van Zandt - 08 Nothin' (Private Concert),158061
Jodie Holland: Palmyra live from BLURT TV studios,84912
Fall Out Boy - The Mighty Fall (feat. Big Sean),1406687
Stevie Ray Vaughan and Double Trouble- Voodoo Child (HQ),4665611
Eric Clapton - Layla,134937444
Brand New - Sowing Season,797232
The Smashing Pumpkins - Siamese Dream - Cherub Rock,3703517
Smashing Pumpkins - Zero with Lyrics,1098150
Stevie Ray Vaughan - Couldn't Stand the Weather,199646
Stevie Ray Vaughan - Crossfire,671287
Eric Clapton - Layla,134937444
Screaming for Vengeance-Judas Priest,12696
Bob Seger- Turn the Page,24175412
Stevie Ray Vaughan - Crossfire,671287
Stevie Ray Vaughan - Cold Shot,4875281
Taylor Swift - The Story Of Us,122922249
Taylor Swift - The Story Of Us,122922249
Annie Hall "Is this a sandwich?",56255
Dumbo Gets Mad - You Make You Feel,32224
Kaizers Orchestra  - Tusen Dråper Regn (with lyrics),150971
Chris Thile, Edgar Meyer, Stuart Duncan, Yo-Yo Ma - Attaboy (Live),1345867
Wye Oak - I Hope You Die,581413
Department of Eagles- In Ear Park,386535
belong common era,23087
Monty Python Holy Grail The tale of Sir Robin,497969
Klaz* | Kachtil,279
I LIKE TRAINS - Sea Of Regrets (OFFICIAL VIDEO),129623
The Misfortunates,20009
Deerhoof - Super Duper Rescue Heads !,88656
The dark is rising (Mercury rev),422685
lila says,125741
William Basinski - Melancholia - (Untitled) #2,74246
Belle and Sebastian - Wrapped Up In Books,1092405
Klaz* | Kachtil,279
eels - beautiful freak,831889
Revision,109
trolololol,4927836
Jean & Dinah + 3 bouns Songs | Mighty Sparrow ( Granada / Trinidad & Tabago ),13401
Planted - orginal song,64
Lion - original song,42
Together ( original song),113
carbon  original song,65
How to Make a Peanut Butter Jelly Sandwich in a Blender | iJustine,2381259
Horse Feathers, In Our Blood,89317
Parov Stelar - Catgroove (TSC - Forsythe),51197086
Matt Corby: Letters,262948
Deftones - Elite -,445770
Deftones - Knife party,2294523
Chelsea Wolfe - Demons (at Room 205),55755
Priscilla Ahn - Dream (Official Video),10303728
Simian Mobile Disco - Cruel Intentions,207833
Cry-Baby soundtrack: The Flirt,221354
Darling Violetta - A Smaller God,550002
Vangelis - La petite fille de la mer,776051
Untouched The Veronicas,298448
Bright Eyes - At The Bottom Of Everything,3179057
The History of Human Thinking (in 6 minutes, 4 seconds),29310
The Perishers - Never Bloom Again,50397
Crystal Castles - Pap Smear (TSC - Guile),607019
Wolfgang Amadeus Mozart - Requiem Mass .,33509
Jan Garbarek - Molde canticle (1991),607070
James Arthur's audition - Tulisa's Young - The X Factor UK 2012,95977494
Hammock - Cold Front,429573
Deadmau5 - Closer (1080p) || HD,155003
Postcards from far away - Coldplay [NEW ALBUM PROSPEKT'S MARCH 2008],722595
Woodkid - Run Boy Run (Official HD Video),83047914
Intriguing Possibilities (HD) - From the Soundtrack to "The Social Network",1689541
Forbidden Friendship - John Powell,2939
Cult of Luna - Ghost Trail (Live at Scala, London),12366
This Will Destroy You - They Move On Tracks Of Never-ending Light,256164
Cult of Luna - Circle,34367
Working Class Hero - John Lennon,12112615
George Orwell - A Final Warning,724512
Thyrfing - Over The Hills And Far Away,435572
NINJA SCROLL Trailer,873036
In Extremo - Herr Mannelig,3797460
Stig Dogg feat.DJPP - Stigidilaatio,1552234
SMC - LÄHIÖROTAT SKUJAA (OFFICIAL VIDEO),8049857
Girl's Day(걸스데이) 'Female President(여자대통령)' Official MV,29009035
ALEXANDER RYBAK - FAIRYTALE,7992115
IU (아이유) _ Good Day (좋은 날) _ MV,46751478
Sage Francis - "The Best Of Times",2536738
Capital Cities - "Chartreuse",1988645
Phil Kaye performs "Repetition",688306
Ben Folds/Nick Hornby - From Above (Video),493316
They Might Be Giants-Ana Ng,2036367
Ooh Child Original- The Five Stairsteps,5984710
Major Tom-The contact (Peter Schilling's cover),37068
Joel Plaskett Emergency - Fashionable People,1129173
Ben Folds/Nick Hornby - From Above (Video),493316
Weezer "The World Has Turned" Live at Hard Rock 1995,346208
Andreas Rönnberg - Tears,48082
Protest The Hero - Limb From Limb (Album Version) With Lyrics!,153269
Protest The Hero - Limb From Limb (Album Version) With Lyrics!,153269
Band of Horses - Heartbreak 101,74198
Bring Me The Horizon - "Sleepwalking",44917903
Bring Me The Horizon - "And The Snakes Start To Sing" (Full Album Stream),6597581
Cage the elephant - all apologies (nirvana cover),170812
WTF COLLECTIVE (Jon Lajoie),17464127
Netsky - 500 Days Of Summer,400353
millencolin - no cigar,6278206
blink-182 - When I Was Young,335781
Bring Me The Horizon - "Antivist" (Full Album Stream),2302115
Fiona Apple: “Hot Knife” (Official Music Video),2485971
ASMR Short Session of Scratching Sounds - Wooden Blocks - 5 Minute,100402
Linkin Park - Iridescent (Lyrics),4225307
Jeff Buckley - I know It's over,265968
Welsh Folk Tune Myfanwy,127829
Everything by Lifehouse,42509714
Alanis Morissette - That I Would Be Good with lyrics,2835911
Jamie Cullum Gran Torino lyrics,577169
Book of Love-Peter Gabriel,7186740
Hamburg Song - Keane,1777306
Air - Alone in Kyoto,187202
Kodaline - All I Want (Part 1),166525434
Kodaline - All I Want (Part 2),55402398
Ani Difranco - When Im Gone,325982
"Dear God" by Sarah McLachlan,7939
Venetian Snares - Szamár Madár,2691340
Robin Guthrie & Harold Budd - Mysterious Skin (Music from the film) - Full Album,594742
Aqualung - Strange and Beautiful (I'll Put a Spell On You),451708
down the rabbit hole - adam lambert,4601
down the rabbit hole - adam lambert,4601
cranes - slide,49131
Jeff Buckley - Grace (Official Video),11067157
Ivy - Edge of the Ocean,1055853
Ivy - Edge of the Ocean,1055853
Adam Lambert Can't Let You Go with lyrics,1046780
Unkle - Broken - War Stories,140726
Keane - Maps,42382
Snow Business - Simon's Cat | SHORTS #7,23365602
Conjure One - Extraordinary Way,710648
Animal Collective - What would I want? Sky,465559
Regina Spektor - Pavlov's Daughter,1136316
Regina Spektor - Wasteside (11:11),140608
Regina Spektor - You (10-17-2004),101313
Regina Spektor - Somedays Live,246767
Herb Alpert & the Tijuana Brass Spanish Flea Video 1965,755554
Pretty much everywhere, it's gonna be hot.,11399018
Apoptygma Berzerk - Non-Stop Violence (album version),767176
Casino Versus Japan - Warm Windows,18203
Freescha - Kid Brother,54292
Aphex Twin - Xtal (HD),310389
Orbital - Halcyon On and On,15578842
Eric Roberson - Picture Perfect feat. Phonte (OFFICIAL VIDEO),1309350
Enlightened: Season 1 - Trailer (HBO),363504
Fightstar - We Left Tracks Of Fire,14510
Fightstar Cross Out The Stars,66604
Stardust - Take That - rule the world,2151767
Sigur Ros Gobbledigook,402260
(If You're Wondering If I Want You To) I Want You To - WEEZER Lyrics,1049106
Fightstar - Sex On Fire (Kings of Leon Cover),157237
Hard to find Jack's Mannequin - Dark Blue in studio,175944
Scrubs Molly Sings to Food,128566
Community - Abed's best part of day,174267
Iggy and The Stooges-Raw power-I need somebody,149061
The Human Abstract "Patterns" video,466368
Echoes Of Eternity - Garden Of The Gods,145149
ARKONA - Liki Bessmertnykh Bogov (Official),6983880
Add it Up - Violent Femmes [lyrics],294283
Weakest Link (US) - Anne Robinson meets her match,3307543
Sexy Sax Man Careless Whisper Prank feat. Sergio Flores (directors cut),42043956
gang fight! knocked out!,24999504
Everest College Commercial - Hood Variant,5887136
GoPro: Whale Fantasia,5109176
Mountain Sound - Of Monsters & Men,6039941
Of Monsters and Men - Slow and Steady,2248576
From Finner Lyrics ~ Of Monsters and Men,391378
Of Monsters And Men - Little Talks (Official Video),295738647
Of Monsters and Men - King And Lionheart (Official Video),51246421
Kids React to Controversial Cheerios Commercial,9404613
Sad Cat Diary,30193735
The Proclaimers - I'm Gonna Be (500 Miles) (Official Music Video),72447219
Pre-Game Coin Toss Makes Jaguars Realize Randomness Of Life,348163
BACKIN UP SONG!!,12760717
Fiona Apple - Never Is a Promise (Official Video),4028823
Akon - Lonely (Official Video),631421893
Sarah McLachlan - Angel [Official Music Video],43597363
