An Unexpected Briefing #AirNZSafetyVideo,13308150
Pop Culture Class (Dedicated to Jackson),43
Unity - YOU MUST SEE THIS!,30611
Radioactive-Imagine Dragons (Lyrics),128024327
Lost Woods Dubstep Remix - Ephixa (Download at www.ephixa.com Zelda Step),37806974
Green Day: "Boulevard Of Broken Dreams" - [Official Video],465778554
Imagine Dragons - "Ready Aim Fire" Hereos Fall Soundtrack,8322382
Sweet Dreams - Steve Angello Remix,5854661
George Carlin on Global Warming,3254037
Alice In Chains - Love, Hate, Love,8776322
Girls Are Assholes: At Lunch,1102960
Girls Are Assholes: At Lunch,1102960
Our Parties are not like your Parties,17040
NO MORE HEROES 2: Philistine [Theme of Margaret Moonlight] (Fukuda Mix) (with Infinite Loop),314865
TES V Skyrim Soundtrack - Far Horizons,2065320
CAN'T HUG EVERY CAT - Songify This  (a song about loving cats),41020454
Not fair - Lily Allen lyrics,16755697
Random LOLs,4550
Avicii - Penguin (Original mix),3957884
Armin van Buuren feat. Christian Burns - This Light Between Us (Official Music Video),10773147
Above & Beyond feat. Richard Bedford "Sun & Moon" (OFFICIAL MUSIC VIDEO),20475884
Katy Perry - E.T. (Futuristic Lover)  (Tiësto Radio Edit),292759
selective attention test,24715674
Armin van Buuren feat. Sharon den Adel - In And Out Of Love (Official Music Video),235632991
Tiësto - Love Comes Again ft. BT (Official Music Video),31558505
Nickelback "When We Stand Together" Lyric Video,2878161
Solomon Vandy - Composed by James Newton Howard,433769
Rob dougan clubbed to death videoclip,8259023
Wham! - Wake Me Up Before You Go-Go (Official Video),337190314
Jussi Björling - Beethoven: Adelaide,50272
Young the Giant: Cough Syrup [OFFICIAL VIDEO],36184241
Los Campesinos! - Life Is A Long Time,49939
Punch Brothers - This is the Song,375611
Gayuma cover- Donnalyn Bartolome,815634
Donnalyn bartolome *magsintang baliw*,20208
GTA IV Carmageddon gone Yakety,2290272
Foo Fighters - Everlong (Official Music Video),185455769
Death Metal Chicken,328578
Googol and Googolplex - Numberphile,3532727
One Piece: Perona Whining!,68865
Sweet Brown - Ain't Nobody Got Time for That (Autotune Remix),67542634
Electronik supersonic,52519
Massive Attack - Inertia Creeps,1747703
Peter Gabriel ~ My Body is a Cage (Oxford London Temple Version),992974
I Just Had Sex (feat. Akon),321279321
Clint Eastwood - Gorillaz,6816631
perfect circle-imagine,1325812
A Perfect Circle - Passive,12593192
Archive- "Fuck You." [Lyrics.],4491938
Candy Mountain Song,772055
Suzanne Vega - The Queen and The Soldier,157593
Backin Up Song - Full Version (on spotify, apple, and your toaster),11772442
Silence (Dj Tiesto Remix) - Delerium Feat. Sarah Mclachlan,929717
I'll never be hungry again - Gone with the wind scene,247475
ミルクラッパー Shibori  "酪農" Full Ver.,232525
Peter Shaffer's Amadeus in 30 seconds,1567057
Robin Williams Plays Spore,1763019
Marat/Sade: Life & Death,18304
Batman Can't Stop Thinking About Sex,44826189
Zack Hemsey - "Mind Heist",4176870
The good the bad and the ugly - Theme,41960519
The Big Bang Theory - Dr Beverly Hofstadter,1552349
Werner Herzog reads Adam Mansbach & Ricardo Cortes book "Go the F**k to Sleep",236021
Bon Jovi - It's My Life (Official Music Video),904416062
Spoilsbury Toast Boy -1,3403165
Blazing Saddles...  You know, morons.,711528
Bright Eyes - At The Bottom Of Everything,3179057
Pato Pooh - Follow Me ft. Adam Tensta (Official Video),1742369
Penelope's Childhood,8714
To Kill a Mockingbird (3/10) Movie CLIP - The Children Save Atticus (1962) HD,850175
Please Captain, not in front of the Klingons,284221
The IT Crowd - I Like Your Glasses,260974
A Beautiful Mind and Stars,5769
Daniel Powter - Bad Day (Official Music Video) | Warner Vault,175735310
Pokémon Gangsta Rap,3130614
Sandra Fluke Opening Statement (C-SPAN),256671
Scar- You have no idea,33416
PJ Harvey - Man-Size,2741457
Heart - Never (Official Music Video),29506662
Sublime - Mary,437135
Tommy Seebach Apache HQ (Original),986983
Pink Floyd-Comfortably Numb (Lyrics),2451220
Boards of Canada - Reach for the Dead (from Tomorrow's Harvest),4081229
Canyonero,973498
DOLCE VITA RYAN PARIS (High Quality),19000020
Kanye West - All Falls Down ft. Syleena Johnson,49045608
Gunter - teeny weeny string bikini,3843388
Elvis Presley - Teddy Bear - 1957,7783653
Extraordinary Machine,760775
Fiona Apple - Never Is a Promise (Official Video),4028834
Fiona Apple - O' Sailor (Official Video),2266621
Fiona Apple - Not About Love (Official Video),5153119
The Wombats - Tokyo (Vampires & Wolves),8034877
Vampire Weekend - 'Holiday' (official video),7552317
New Radicals - You Get What You Give (Official Video),99673785
Dubstep Santa 2 - 'FILTHY',1734482
Towers - Bon Iver,2651210
THE FEYNMAN SERIES - Beauty,1432736
Mal's Song - HD Widescreen,771621
Mal's Song - HD Widescreen,771621
Extended Serenity Theme,285040
Maaya Sakamoto feat. Steve Conte - THE GARDEN OF EVERYTHING [HQ],1226688
Sisqo - Thong Song (Mexicans With Guns Remix),11948
Gaslamp Killer - Zalim,594785
The Gaslamp Killer - Shattering Inner Journeys,558385
The Gaslamp Killer live @ Fabric (Brainfeeder),24291
Hecq - Pulverized HD,36234
Chelsea Wolfe,123365
Late Bloomers- The Giver,10155
Free the Robots Jazzhole,658874
world's end girlfriend - Les Enfants du Paradis (MUSIC VIDEO) from"SEVEN IDIOTS",664384
Two Fingers Feat. Sway - Straw Men,30192
Starkey ft P-Money - Numb,93773
Zero 7 - Everything Up (Zizou) [Joker & Ginz Remix],19942
Leila Arab - Mettle,47842
Talvekoidik - silent reflections,4630
Andreya Triana & Ritornell - The Light (Dorian Concept Remix),29493
Jesu - Silver,449035
Little Dragon - Twice (16 Bit Remix),104817
Baths - Lovely Bloodflow,689701
The Windmills of Your Mind - Noel Harrison,6414458
OPGave - "Writing the Silver",39509
Sunday Munich - Dent,55071
Tim Hecker - Dungeoneering,177078
El Otro Yo - Autodestruccion,233782
Mass of the Fermenting Dregs - She is inside, he is outside,66207
Netsky - Memory Lane,23140069
B-Complex - its a funny world,1298368
Reso - Slap Chop,10536
Exxasens - Spiders on the Moon,4690
ef - longing for colors - official video,158081
Under Byen & DR Sinfonietta "Af Samme Stof som Stof",39626
The Supremes-You Keep Me Hangin' On,5767770
Ferret Chainsaw Commercial - Uncut,348786
Jo Blankenburg - Vendetta (Position Music - Dark Epic Action),542790
Tyler,The Creator - Inglorious,2304274
Nicole Scherzinger - Right There ft. 50 Cent,178199228
Jeremih - Down On Me ft. 50 Cent (Official Music Video),308134531
Depeche Mode - Enjoy The Silence (Official Video),38746421
Incubus - Drive,131798345
MONO - Life In Mono,1123746
Ellie Goulding - Starry Eyed (Official Music Video),26783604
Ellie Goulding Black & Gold,2559034
MGMT - Kids (Video with Fire Intro),133157504
MGMT - Electric Feel (Official Video),143191575
Mohombi - Dirty Situation ft. Akon,32346691
MGMT - We Don't Care,1355448
Super Марио Brothers DX or Some Such Nonsense,306848
Kate Bush - Running Up That Hill - Official Music Video,42107059
Aussie Party- Australia,4441549
Columbus Day Is Severely Fucked Up,39157
The greatest Henry Rollins interview,1001527
The sopranos intro,3970068
Smallville theme song,392017
'Blood Moon' Timelapse video: Total lunar eclipse turns moon red,1636194
RIDE OF THE VALKYRIES by Chris Goulstone on electric guitar,72075
Mars showcase,750920
Kerli - Walking On Air,17669924
Kosheen - Overkill (Is It Over Now),79125
Eric Whitacre - Eric Whitacre's Virtual Choir 2.0, 'Sleep',2771796
Grant Green - We've Only Just Begun,101766
D'Cruze - Lonely (1994) [SUBBASE 43],73829
John Roberts - Shoes,14300
Ravel: Miroirs III. Une Barque sur L'Ocean (André Laplante),3309107
With Arms Wide Open - Literal Video Version,1021049
The Fruit Guys - "Comfortably" [LYRICS],128056
Loreena McKennitt- Beneath a Phrygian Sky,1960077
Gheorghe Zamfir-The Lonely Shepherd (Live)-Romanian Artist "The King of Pan flute",21740
Dante's Prayer,736339
The Forbidden Kingdom - Two Tigers - Two Masters,90295
The Last Samurai OST #10 - The Way Of The Sword,808853
Hans Zimmer - A Way of Life,17285279
Caddyshack Cinderella Man,1382506
Scrubs How Is Todd the Best?,130709
Counterstrike -  Maniac (Nanotek remix),69156
Final Fantasy VI: Edgar and Sabin's Coin Toss,49165
counterstrike - bodybag,46623
Sword of the Witcher - Vader [HD] [Lyrics],22410
The Crystal Method - Bound Too Long,217747
Castlevania the concert  - Theme of Simon Belmont,199632
My Guitar Play - Chrono Trigger on Guitar,199507
Don Quixote by Cherry Poppin Daddies LYRICS,41037
Magnetic Man - The Bug (lyrics on screen),384940
Ice Cream - Oney Cartoons,8599379
A science presentation by James Holmes in 2006,251512
The Italian Man Who went to Malta.,32187656
Zomby - Natalia's Song,147736
Eluvium - Reciting the Airships,65078
Gemmy - Aquatic Ruin,5798
Joker - Taste The Rainbow,60413
The Fall by At Dawn We Rage (Official Music Video),14558
Omnitica - Yo! Ho! and a bottle of Bass,51208
Ellie Goulding - Hanging On (Sound Remedy Remix),4886434
Little Dragon - Twice,9919487
Pretty Lights vs. Led Zeppelin HD Colorado Recap - Red Rocks & The Fillmore,1266101
♬ Seba - Painted Skies (Talon Dub Remix),4898
Quantic Presenta Flowering Inferno - Westboun D Train,4494
Like a G6 - Bare [DUBSTEP],13369
Little Dragon - Twice (16 Bit Remix),30338
Pole Folder ft. Sandra Ferretti - Protected (Fretwell remix),9870
deadmau5 - Raise Your Weapon,70871574
Nero - Innocence (Official Video),18705555
Depeche Mode - In Sympathy,435562
Black Light Burns - New Hunger,77141
Combichrist - A new form of silence,74096
Combichrist - Can't change the beat,176413
Brandon Boyd - Runaway Train,212319
ISTJ vs ISTP,46682
Real Samurai Sword Technique - Cutting BB Gun pellet by Isao Machii - Japanese Katana Kenjutsu,11087617
Left 4 Dead 2 -  Jonathan Coulton - Re Your Brains,161371
Dark Souls II - PS3/X360/PC - Forging a Hero (Behind the Scenes),145583
Giant Stinson Beach Bubbles (Canon 550D),5379681
Hungry Bengal Kitten says "NO!",1724848
An Engineer's Guide to Cats,7224852
Eels - Fresh Blood,1521031
The Interview,3433190
Chinsagu No Hana - Ryuichi Sakamoto,148863
You're Correct Horse,5823617
Bob Newhart-Stop It,5554965
Tribute to Carl Sagan - Vangelis - Heaven & Hell Part I No 3 (First Opening Mix),2341
♫ Pink Floyd - High Hopes [Lyrics],62615980
Louis-Jean Cormier - Tout le monde en même temps (Vidéoclip officiel),1472789
I Hate Everyone - Get Set Go,26207
Fast Foot & Minero feat. Messinian - We Mean War (Jan Waterman Remix),8247
Xilent - Fallen feat Susiah (HD),10645
Celldweller - Unshakeable (Full),2859
Machinae Supremacy Through The Looking Glass lyrics,117453
Seven Lions - Isis (VIP Mix),527447
Charlie Darker - Deadroll (Original Mix),4302
Celldweller - Eon,1330732
Alex Mind Ft. BBK - Glowsticks (Dr. Who Remix),2657
Charlie Darker - Drill,43956
DragonForce - Cry Thunder (Official Video),8016690
Eraser vs. Yojalka - Home deep Home (lord of the liverdance 2006),1516
Huopatossu Mononen - Sadantuhannenmiljardin Vuoden Päänsisäinen Yksinäisyys,1437
Knife Party - Rage Valley (Original Mix),2191258
Machinae Supremacy - winterstorm,180461
I Believe You(Psychedelic House Mix by accur4cy)- Celldweller,8003
Mega Man ZX Gigamix OST - T08: Bullet Drive (Legion HQ),30451
Debbie Harry - Comic Books,9077
RAUBTIER - HJÄRTEBLOD // MED SÅNGTEXT,27533
RAUBTIER - KAMPHUND // MED SÅNGTEXT,5453
"Babylon" by Don Mclean,661401
Pearl Jam - Betterman (with lyrics),9487755
Marilyn Manson I Don't Like The Drugs (But The Drugs Like Me ) Lyrics!!,2109525
Joe Rogan Chokes Out Crazy Guy,6559787
millionaire matchmaker - cara and jimmy d,18261
Call It What You Want - Foster The People,6288687
The Temper Trap - Fader,10150071
TRON Legacy R3CONF1GUR3D - 02 - Fall (M83 Vs Big Black Delta Remix) [Daft Punk],556261
Silversun Pickups- Lazy Eye,819925
Iron & Wine- Such Great Heights (With Lyrics),555282
Moriarty - Jimmy,9031682
The power of introverts | Susan Cain,11173697
Half a million secrets | Frank Warren,637494
Man With Nice Eyes Blown,548601
Today Now! Host Undergoes Horrifically Painful Surgery Live On Air,158392
Project Glass: One day...,22412996
Sand Flea Jumping Robot,13066899
Andrew Stanton: The clues to a great story,2005467
Celebrities Read Mean Tweets #1,58641336
Breaking Bad RPG,1082449
World's Youngest Person Born,1533153
Judge Rules White Girl Will Be Tried As Black Adult,3621449
ATTENTION: Facebook Users,16342252
Movie: The Movie - Blooper Reel,191523
Making the Movie: The Making of Movie: The Movie,880226
The Darkness - I Believe In A Thing Called Love,23950444
Boy Loses Leg In Totally Awesome Shark Attack,964773
Facebook Parenting: For the troubled teen.,42358804
WoodyAllenJesus by Tim Minchin (on Jonathan Ross),1436423
Cat vs Dog. Dog afraid of cat,742910
Empire Of The Sun Soundtrack - Suo Gan,1131168
THE FILMS OF WES ANDERSON,156359
The Blood Brothers - "Ambulance vs. Ambulance" ARTISTdirect Records,332251
Cave In - Crossbearer (Live 1998),24983
Dozer- From fire fell,84781
Dumas - J'erre,41058
The Dillinger Escape Plan - "Farewell, Mona Lisa" Season of Mist / Party Smasher Inc,816849
In the House, In a Heartbeat - John Murphy,24564083
Failure- Undone,128520
Garden of Light - ISIS,82587
Scion A/V Presents: Kylesa "Tired Climb",62978
A Perfect Circle - Passive,12593193
Quicksand - Dine Alone,396432
Course Of Empire "The Information",38106
The DILLINGER ESCAPE PLAN - "Setting Fire To Sleeping Giants" (Official Music Video),715397
The Cure - Killing an arab,6234520
Sparta - "Air" (music video),202501
It's Not About The Nail,20723805
The Sisters of Mercy - More,6732028
Richard Dawkins: The Importance of Doing Useless Things | Big Think,636770
Dead Or Alive - Something in My House,4404520
Sia - I'm In Here (from We Are Born),5815630
Sia - Breathe Me,17445682
Beauty From Pain,47333
SAIL - AWOLNATION (Unofficial Video),363714870
Switchfoot - Afterlife (Lyric Video),2866929
Push Button to Add Drama (Advertisement TNT),1003301
Funny Prank Call - Chinese Restaurant,1824713
Frederic Chopin - Nocturne In E Flat Major, Op.9 No.2,5667779
Mozart - Requiem,96847342
REC 2 Teaser Trailer  (english),830573
Paramore: Monster [OFFICIAL VIDEO],73672532
Das Mädchen aus Rottweil,326695
Modest Mouse-Bukowski,3788387
A Perfect Circle - Passive,12593193
Seabird - Falling For You Lyrics,66191
City and Colour - As Much As I Ever Could,624777
Yo-Yo Ma, Stuart Duncan, Edgar Meyer, Chris Thile - Helping Hand (Live Performance),481482
Louis Armstrong - A Kiss to Build a Dream On,5558321
Bill Burr - Animals, People, Population Control & Women,654086
Zombie Kid Likes Turtles,66628215
Female Trouble Theatrical Trailer,122372
The most funny hilarious Jon Dore Interview,39039
Arthur Schopenhauer on Women and Romance,54789
Pearls Before Swine (clip),4427
You betrayed the LAW!! (original),1324276
Team America: World Police (6/10) Movie CLIP - I'm So Ronery (2004) HD,7360491
Bjork Stalker - Ricardo Lopez,1540549
werner herzog 'stroszek' hospital scene,21115
DiGERATi - AutoRun IIIkg,43627
Big Macintosh - Eeyup,405039
Men In Black 3 Griffin,14553
M.I.B. 3 Griffin about miracle (greek subs),1027378
Blueprint - So Alive (Official Video),259515
Portal - 'Still Alive',39021774
Doodling in Math Class: Snakes + Graphs,2598697
The Maria Bamford Show - 09 - Bread,208645
T.I. - Hello ft. CeeLo Green [Official Audio],825479
Gregory Porter - Painted on Canvas - TVJazz.tv,88866
Hypnogaja - #04 Worship Me (I'm On TV) [from the new album Truth Decay],28195
Hypnogaja - #12 Rusty Moon (from the new album Truth Decay),22859
Lights - The Listening,371982
TRAX 트랙스 '오! 나의 여신님 (Oh! My Goddess)' MV,1857141
Bitter - Teddy Geiger (The Rocker Soundtrack),470046
Morality 1: Good without gods,319202
The Kiss,1577989
On The House,1066597
Inferior Function - MBTI,8686
The Gathering - Frail,49018
Jorge Bolet plays Liszt 'La Leggierezza', from Trois Etudes de Concert, S.144,96634
HEYYEYAAEYAAAEYAEYAA,175134715
Wagner - 'Parsifal' - Act I Prelude (Georg Solti),2043195
Introvert Feeling vs Extrovert Feeling (Fi vs Fe),15666
Penn & Teller Explain Numbers,1961094
alt-J (∆) Breezeblocks,214763422
How To Grow A TickleMe Plant,1834732
Cat Taking a Huge Dump On The Toilet (with splash sound!),361360
Mount Huashan,1582194
Eyes - Rogue Wave,1735676
Regina Spektor - "Eet" [Official Music Video],9185845
Mumford & Sons - The Cave,17578295
The reality of obtaining a degree,345
Nyan Cat - Smooth Jazz Cover,9059946
The Knights Who Say "Ni!" - Monty Python and the Holy Grail,2065017
A world first! Success at complete quantum teleportation #DigInfo,370039
Sex With Ducks: the Music Video by Garfunkel and Oates,6241703
Bagger 288!,3769266
Tim Minchin - Storm (Live),140457
Alanis Morissette - Thank U (Official Video),59733005
Three Amigos-What Is A Plethora?,1247069
*The Sisters Of Mercy* HD - Dolby Digital 5.1 *Walk Away* (Official Video),15078
How To Wrap A Cat For Christmas,12948130
Monkey the Cat Does Pushups,15172
Cute Cats playing Patty Cake! THE ORIGINAL!,2685141
Voting Machines Elect One Of Their Own As President,647413
Are We Giving Robots Too Much Power?,1084595
Mass Effect Soundtrack - Sovereign's Theme,325256
The Naked And Famous - Hearts Like Ours,7530826
Keep Moving Forward!,378852
04 - Gerudo Valley - Legend of Zelda 25th Anniversary Orchestra,436549
[Feature] The Recording of The Legend of Zelda 25th Anniversary Special Orchestra CD,6262180
The Fray - How To Save A Life + Lyrics,13041277
Huge Spider,2030793
Lady Gaga - Alejandro (official track) [The Fame Monster],10526374
FKA twigs - Two Weeks,30745443
Mitosis,15911
David Mitchell: Laughter Explosion,661563
The PCR Song,2027593
Bio-Rad PCR Song,32085
Bio Rad GTCA Video subtitles,4326
Gooble Gobble,1520338
The Big Bang Theory Flash mob! (Full version compilation),8288457
The Big Bang Theory - 3x08 - Sheldon and Penny at the hospital,159352
Facebook Parenting: For the troubled teen.,42358804
Tails Can't Die,9534189
Disturbed - Stricken [Official Music Video],66777563
The Cure - Love will tear us apart (Joy Division),4165052
Joshua Radin - Girlfriend in a coma,243007
"Down With The Sickness" (dawn of the dead version),2326315
Lily Allen - Straight To Hell (Official Audio),1359852
Cloudkicker - You could laugh forever but never end up happy. [Subsume Track 4],9319
Ry Cooder, Terry Evans - Down In Mississippi,1531734
Breakdown of Sanity - Exordium + Crumble,173162
On Impulse - Animals as Leaders,169990
Placebo - Special Needs (Official Video),20908649
Baby Monster - "The Fear of Charlie Sunrise",84250
One Last Tear - Vello Leaf,13366
M83 'Midnight City' Official video,312351107
Goo Goo Dolls - Iris [Official Music Video],255133232
Oasis - Wonderwall  (Official Video),292507866
Volumes - No Sleep (FULL ALBUM),713052
Edward Sharpe & The Magnetic Zeros - Home (Official Video),100093335
Spectacular Time Lapse Dam "Removal" Video | National Geographic,19236457
Nujabes/Shing02 - Luv (Sic) Parts 1-5,1617902
The Cure For Your B*tch Face,189435
Penn and Teller compare video games to football,327365
Byousoku 5 cm - 5 cm per second ending,89043
Bastion Soundtrack - Setting Sail, Coming Home (End Theme),2963126
Dr Horrible's Sing-Along Blog - Horrible Credits,391048
Metal Gear Solid Ground Zeroes Trailer,2318874
Alizbar - Gleam in an Angel's Eye-Drop,150110
HATEBREED - Destroy Everything,3203724
This Will Destroy You - Threads,1534224
Hatebreed "In Ashes They Shall Reap",1725896
Incubus - Love Hurts,1833539
Draconian - Bloodflower (professional videoclip),517470
Lovedrug - WILD BLOOD,69251
Wolfsheim - Now I Fall,320207
Henri 2, Paw de Deux,10884811
Korn - A.D.I.D.A.S. (AC3 Stereo),32431475
Vildhjarta - Shadow [HQ/HD],281277
In Mourning - The Black Lodge,33056
Ne Obliviscaris -- Forget Not (Portal Of I),827633
The Matches - Salty Eyes,449929
Golden Retriever Puppy Attacks Camera,499617
25 Accidental Inventions That Changed The World,6196123
The Big Bang Theory - The Friendship Algorithm,4803802
The Big Bang Theory - The Friendship Algorithm,4803802
How Sherlock Holmes: Game of Shadows Should Have Ended,6528951
Cello Wars (Star Wars Parody) Lightsaber Duel - The Piano Guys,46929740
How Scary is Alien Isolation?,4654186
Thirty Seconds to Mars - Stranger In a Strange Land (Official Lyric Video),2962531
Propagandhi - Haille Sellasse, Up Your Ass,678068
suede - attitude,222140
Chet Atkins - Mr. Sandman (TV 1954),9069512
Franz Ferdinand - Can't Stop Feeling (Official Video),5416764
Metal Gear Solid 4 OST  - Love Theme (Full),3147255
The Bob And Tom Show - The Woman Song,1896544
KMFDM - Juke Joint Jezebel (Mortal Kombat version),114417
Eric Clapton - Layla,134937837
The Spider and the Fly.... Rolling Stones,1008624
Social Distortion - Reach for the sky,1587406
ALPHA X - Nocturnal Trip,132607
山崎まさよし / One more time,One more chance,45004323
Aphex Twin - Window Licker,2974559
Twin Peaks tv series - Last scene,793148
Symphony of Science - 'We Are All Connected' (ft. Sagan, Feynman, deGrasse Tyson & Bill Nye),8173192
Avenue Q - Everyone's a Little Bit Racist (Lyrics in description!),84721
Thoughts on Growing up,770785
Good men don't need rules,149668
I know you - Henry Rollins/NIN mix,99738
Change Your Frequency, Change Your Reality,5858787
Pray for You - Jaron and The Long Road to Love :: Official Video,16094374
Craziest beard i've ever seen!,1736203
What the hell is that shit.avi,27590
Les Friction - World On Fire,3522195
Les Friction - Torture,891300
BOYS CAN HAVE A VAG!!,677790
Darth Vader NO!,10031945
Death note - Faggot,2633
High Priestess Regan - Airetania,41345
Tobias Bernstrup : Enemies Of The Earth,79425
Lou Reed - Walk On The Wild Side (Lyrics in Description) #LouReed #WalkOnTheWildSide #TakeAWalk,38767924
King Missile - Detachable Penis,902846
MC Chris - WiiD,1679094
Talking Heads - Psycho Killer,122174069
Florence + The Machine - Only If For A Night (Ceremonials),4138987
Does It Offend You, Yeah - Dawn of the Dead,332273
Woodkid - Run Boy Run (Official HD Video),83048452
I Will Possess Your Heart (Album Version video),14711278
Queen - Another One Bites the Dust (Official Video),445461253
We Are Nowhere And It's Now,1067535
Daft Punk - Harder Better Faster (Official Video),95793014
Neutral Milk Hotel - You've Passed,66468
Neutral Milk Hotel "Where You'll Find Me Now",259339
Johnny Cash - God's Gonna Cut You Down (Official Video),101487388
The Ting Tings - That's Not My Name,66701591
Yeasayer - "Madder Red" (Official Video),215522
The Shins - The Rifle's Spiral (Video),6700894
The Killers - Spaceman,38629148
Doctor Who - Cast & Crew Special - Tennant's Wrap Party,1515768
Daft Punk - Harder Better Faster (Official Video),95793014
MARINA AND THE DIAMONDS - Oh No! [Official Music Video],40487235
The National - "Sea Of Love",7735304
The National - "Conversation 16" (Official Video),2603144
Tokyo Police Club-Listen To The Math,372
Pandora hearts OST 25 - Turn DOWNLOAD MP3,105706
Sneaker Pimps 6 Underground,2837007
The Burning Red - Machine Head,394963
Blue October-Into The Ocean(with lyrics),5133783
Owl City - Fireflies (Lyrics),106493557
Bill & Ted's Excellent Adventure - The Future Council,556403
MESHUGGAH - Bleed (OFFICIAL MUSIC VIDEO),26862019
Hildegard of Bingen, Spiritus Sanctus,673002
Hatebreed "In Ashes They Shall Reap",5851664
Powerman 5000 Drop the Bombshell,543435
Emperor - The Loss and Curse of Reverence,7578
Devin Townsend - Hyperdrive [HQ],591753
Sybreed - A Radiant Daybreak,70753
All I Want Is You - Barry Louis Polisar - Juno Soundtrack,6786375
Best Youth - Hang Out (Official Video),587402
Garden State to Frou Frou Let Go,1869893
Haftor Medbøe Group - As Time Spins Backwards,2022
TOBACCO - Hairy Candy,49768
Asobi Seksu - Thursday (The Twelves Remix),249443
How To Destroy Angels - The Space in Between OFFICIAL VIDEO,459671
Adventure Time - Buff Baby Dance,2066453
seinfeld menage,274621
Miss USA - Should Gravity be Taught in Schools?,328146
Crusader Kings II - Launch Trailer,952240
The LEGO® Movie - Official Main Trailer [HD],33614481
Ashton Kutcher Speech - Teen Choice Awards (HQ),3699795
Somethin' Stupid...,3377817
Strong Bad Email #76: Sibbie,108383
Atmosphere- GodLovesUgly,6550956
Steven Wilson - Ancestral,858779
The Stellar Sunset of Evolution Parts 1, 2, and 3 - Wretched - NEW 2012,228219
MF Doom - Vervain,181604
Thelonious Monk - Jazz Portrait 3/6 - Coming on the Hudson,10989
Messiaen, Cantéyodjayâ (Part 1),4475
Atoms For Peace - Magic Beanz (new song 2013) with Lyrics,89685
John Frusciante - DC EP (2004),143748
Shpongle Live @ London - Nothing is something worth doing (official dvd).avi,635476
Öröm - Csöndben,709894
Indica - Children Of Frost (Lyrics Video),59996
One-Eyed Fish - Anime MV ♫ AMV,549407
MACKLEMORE X RYAN LEWIS - OTHERSIDE REMIX FEAT. FENCES [MUSIC VIDEO],53025693
MACKLEMORE & RYAN LEWIS - SAME LOVE feat. MARY LAMBERT (OFFICIAL VIDEO),256767156
Macklemore x Ryan Lewis - WINGS (Official Music Video),2014317
VNV Nation - Illusion - Lyrics,362376
Relaxing Arabian Music - Silent Sentinel,222603
Celtic Fantasy Music - Welcome Home,325074
Dark Electronic Music - Dark Grounds,375183
Celtic Music - Land of the Free,1318914
[AMV] Haunter103 - A Feel-Good AMV (Schadenfreude),6624
Indica Precious Dark,46561
Ain't No Rest For The Wicked by Cage The Elephant |Lyrics|,57447017
Slipknot - My Plague [OFFICIAL VIDEO],15730340
Seether - Broken,12904862
Dropkick Murphys - Kiss Me, I'm Shitfaced,2645972
BRING ME THE HORIZON - Diamonds Aren't Forever (UNCENSORED VERSION),12577118
Bassnectar - Timestretch (West Coast Lo Fi Remix) (Official),710737
I Am NOT A WHORE by LMFAO (Lyrics),11694280
The surprising science of happiness | Dan Gilbert,3604948
Corgi on a Carousel,1865716
21 Questions with The Script,96912
William Shatner - Space Oddity,137357
Regular Show - Shake Weight,211626
The power of vulnerability | Brené Brown | TEDxHouston,2341247
Jeff Tweedy performing the songs of the Black Eyed Peas 3/3,4166
Jeff Tweedy performing the songs of the Black Eyed Peas 2/3,8736
Jeff Tweedy performing the songs of the Black Eyed Peas 1/3,9745
I Am Smiling,149014
Bonobo - Silver,495253
Romy and Michele: Time After Time,714158
Avril Lavigne - Keep Holding On,21216909
9. Evolution, Emotion, and Reason: Love (Guest Lecture by,316040
The Kilimanjaro Darkjazz Ensemble Twisted Horizons,50580
Over The Top (trailer),654727
Electric Guest - Amber,379105
Electric Guest - Troubleman,37762
Joe Rogan Cannabis/Hemp Rant,2311
Foster The People / Pumped Up Kicks,11710712
Mozart Violin Concerto No. 2 in D Major K. 211 - 1st Movement - Allegro moderato,17706
J.S. Bach - BWV 1080 - Contrapunctus 10 (alla decima),8551
Kalmah - Time Takes Us All,83256
I'm A Climate Scientist - Extended Version (NSFW),89127
Vintage Bach Well-Tempered Clavier, Book I, Prelude 1 in C,93240
KATATONIA - Omerta,420831
Havok - Prepare For Attack (HD/1080i),425999
IRON MAIDEN - RAINMAKER (With Subtitles),8497176
Ultravox - Vienna (Official Music Video),8980459
WE ALL KNOW THAT FEEL,33854
Regina Spektor - One More Time With Feeling (Official),1469267
Sad Nyan Cat,1786761
PUSCIFER "Conditions of My Parole" Directors Cut,3658755
Mogwai - Hound Of Winter,194810
Dead Poetic - Sinless City (HQ),11177
Oasis - Wonderwall  (Official Video),292508317
Rainbow  - Temple of The King,295104
Pendulum - Crush (Official Video),14339320
Ivory Tower - Silence,6795
Yuki Kajiura - Fairyland,1061257
Yuki Kajiura - I talk to the rain,1402517
Zbigniew Preisner - L'Aurore (Dawn),388430
Zbigniew Preisner - Lacrimosa,2262489
Dope - You Spin Me Round,946437
Deadmau5 - Ghosts N Stuff (Nero Remix),24000801
The Body Count,442413
Dance of the Manwhore WITH SUBTITLES,675069
AaRON-SEEDS OF GOLD,677665
The Lame Souls (Unplugged & Waves),28680
A Perfect Circle - 3 Libras,5056646
A Perfect Circle - Passive,12593198
Aaron - Birds in the Storm,200222
Machinae Supremacy - Skin 720p w/ Lyrics,51696
Hybrid - Blind Side (Music Video),140841
Up [2009] - Carl & Ellie - What About Now,79683
Stationary is Bad - Rubber Band,162409
Endless Mine (Reprise),74301
Frog's Theme (Chrono Trigger) on violin and piano (duet with ViolinTay),183720
Miya Sama,158888
Funniest bit of 'life of brian',3080896
Beautiful Sadness - Butters,48789
Signalrunners feat Julie Thompson - These Shoulders [Club Mix],18136
Soundgarden - Rusty Cage [Studio Version],2357586
Nicki Minaj - Stupid Hoe (Explicit),119783952
Conan, what is best in life?,1828872
Vegeta's Theme Song,353263
프라이머리(Primary) - '? (물음표) (Feat. 최자 Of 다이나믹듀오, Zion.T)' M/V,5512426
