–û–∫–µ–∞–Ω –ï–ª—å–∑–∏ - –°—Ç—Ä—ñ–ª—è–π (official video),15831602
Muse - Take A Bow,354509
Sleep - Holy Mountain (Official Audio),634333
the joy formidable 9669,164774
The Corrs - Irresistible [Official Video],7012864
We Are Scientists - After Hours,1050022
Sky Ferreira - Everything is Embarrassing + You're Not The One | Newtown Radio | Swan 7 Studio,926638
The transformative power of classical music | Benjamin Zander,5992634
I Can't Even,591517
Tig Ol' Bitties - (Your Favorite Martian music video),47255063
Dear Kitten,32092732
Neil Young  After The Goldrush,417782
Aphex Twin - Windowlicker (official video) 1080p HD,2852491
Tom Scott - Today,557741
Quantic - Archipelago,409765
Touchscreen: Marshall "Soulful" Jones at TEDxMontreal,136735
Outrageous Fun,3487455
Cake- Sheep go to heaven goats go to hell (with lyrics),2202893
Key & Peele - Manly Tears,19614111
Bambee // El-Cid,5705952
Harlem Shake V4 (Firefighter Edition),7940319
Breaking benjamin - Blow Me Away - Only The Strongest Will Survive - !HIGH QUALITY!,2266898
Martin Garrix & Jay Hardway - Wizard (Official Audio),16377970
My Little Pony: Friendship is Magic - I Have No Friends & Am A Pathetic Twat,66877
deadmau5 - Alone With You (HQ),6072414
The Kooks - Naive Lyrics,17188763
Strauss Salome final scene pt 1 of 3,126212
Ashlee Simpson - Outta My Head (Ay Ya Ya),14861301
Flight Facilities - Crave You feat. Giselle (Graz Remix),67690
Rings Of Saturn - Embryonic Anomaly,168753
Thy Art Is Murder - Infinite Death - Whore To A Chainsaw,702372
Animals as Leaders, Tosin Abasi plays "Wave of Babies" on EMGtv,6583011
Job for a Cowboy - Nourishment Through Bloodshed (OFFICIAL),676746
Google Maps 8-bit for NES,7829350
Septic Flesh [Annubis],1939587
T√Ωr  - "Flames Of The Free" (Official Video),164801
Rammstein - Sonne,31023482
Rammstein - Stein um Stein (choir version),113519
World Exclusive: WTC7 Survivor Barry Jennings Account,205557
CENSORED: CIA Asset Susan Lindauer - 911 @censorednewsnow,155021
Volbeat - Heaven Nor Hell (Official Video),45889978
Bobby Womack california dreaming,1842247
Singularity - Fracture [GLITCH HOP] [FD],32054
Shocking!! Man explains to WFTV News why he loves the Orlando Police Department - Hilarious!!,568073
HOW TO BE A CLASSY DRUNK,755488
Winnie the Pooh's Funny Exercises,3417112
Georgie's 'long stabby thing' has everyone losing it,3228675
Trolling Saruman,34940214
PEWDIEPIE QUIZ! - Happy Wheels - Part 51,8306612
deadmau5 ft. Gerard Way - Professional Griefers (Official Video),16676436
Relient K- Be My Escape,461563
Artist vs Poet - Bad Romance (Punk Goes Pop 3),3173966
Pierce The Veil - "King For A Day" ft. Kellin Quinn (Lyric Video),30560971
Pierce The Veil - "King For A Day" ft. Kellin Quinn (Lyric Video),30560971
Alex Clare - Too Close,67393772
Panic! At The Disco: New Perspective [OFFICIAL VIDEO],62724830
Crash Bandicoot 2 - The Eel Deal, Sewer Or Later, Hangin' Out Music,831437
the used paralyzed,153544
Panic! At The Disco: Northern Downpour [OFFICIAL VIDEO],14937400
Maroon 5 - Moves Like Jagger ft. Christina Aguilera (Official Music Video),696108636
Sia - Be Good To Me,100002
„Éï„É™„ÇØ„É™(FLCL)„ÄÄED,457179
Dennou Coil - Prism (Full),169043
Homeless Boy Steals The Talent Show,175132741
Death Grips - Whammy,18564
[HD] The Protomen - Act II - The Hounds,829015
lukid 'fall apart',6979
Sixx: A.M. - This is Gonna Hurt,2608724
The Kooks - Seaside,5334838
Turnabout Jazz Soul - Track 8 - Godot - The Fragrance of Dark Coffee,9824696
M83 - Moonchild (lyrics in description),178620
Day[9]'s Musings - Emotions as Kittens and Ninja Stars,122837
The Story of Keep Calm and Carry On,2286415
Binary Star - Honest Expression - Masters Of The Universe,1000188
Parabelle - Line Of Fire,55723
Three Days Grace - Pain (Official Music Video),159774340
RIVO DREI - "Wie Flugzeuge" (Video),74914
Incubus - Promises, Promises (Video),11610724
Just Music - Hoobastank - Same Direction,374364
Ice Cream - Oney Cartoons,8599334
Awesome Series - Awesome Center REDUX,4233416
I'm Enjoying A Treat, Derrick!,4244759
Dragonzball PeePee (Dragonball Z Parody Animation) - Oney Cartoons,47074345
Miss Teen USA 2007 - South Carolina answers a question,69915511
Pedobear,2404433
Spiders On Drugs,56313099
Eli's Dirty Jokes - Episode 41 - Christmas Cop,956829
CAN'T HUG EVERY CAT - Songify This  (a song about loving cats),41020369
Hooray for Earth - Last Minute,61338
Lights - Saviour (Adam Young Remix) [Official Music Video],635572
My stroke of insight | Jill Bolte Taylor,6796965
Introvert Discrimination ( Angry Misanthropic Antisocial Rant),27517
Chill House/Lounge Minimix 9: Deep Edition,15416
Free Energy - Pentagon Conspiracy to Cover up,1001277
4.3 Billion Dollars,1451891
A Little Princess | Trailer,284951
Mark Ronson - Oh My God (Official Video) ft. Lily Allen,8151128
HAPPY XMAS (WAR IS OVER). (Ultimate Mix, 2020) John & Yoko Plastic Ono Band + Harlem Community Choir,20500277
Taylor Swift - We Are Never Ever Getting Back Together,630117433
We Found Love - Rihanna feat. Calvin Harris (Boyce Avenue piano acoustic cover) on Spotify & Apple,44251239
Ellie Goulding - Figure 8 (Official Video),39544768
Flyleaf - All Around Me,54223481
Imagine (John Lennon) | Playing For Change | Song Around The World,14890074
Christina Aguilera - The Christmas Song + Lyrics,286967
Avicii - Wake Me Up (Official Video),1984604045
Jeff Buckley - Hallelujah (Official Video),168985092
The Verve - Bitter Sweet Symphony (Official Music Video),587763036
Placebo - Infra-Red (Official Video),5460348
Ugly Kid Joe - Cats In The Cradle (Official Video),38912245
"Field Of Innocence" - Evanescence,1111786
TrololoCube,1892862
Hitler Gangnam Style 10 HOURS!!!,4369027
Morandi - Colors,1150386
My Dick - Mickey Avalon (Lyrics),17435656
Cobra Starship: You Make Me Feel... ft. Sabi (LYRIC VIDEO),3031568
The Fifth Element: Music Video (1997),41893914
Music Instructor - Super Sonic,13360430
bomfunk mc's - uprocking beats,18749
Back to the Future - The Power of Love (Huey Lewis and the News),25747717
I love that sound,11154
Fireflies-Owl City music video w/ lyrics,17540803
The Velvet Underground-Sunday Morning,8812630
The Young Ones...Haven't we got a license?,13377
Come To Daddy,1701536
Rise Against - But Tonight We Dance,1856215
Allegri - Miserere mei, Deus,9424560
Pantera - Cemetery Gates (Full Version),2034618
Dethklok-The Gears Lyrics,38259
TAD MOROSE - Anubis (OFFICIAL VIDEO),164710
Fanfarlo | The Walls Are Coming Down,1122074
'Blood' The Middle East,1966160
Salt-N-Pepa - Shoop (Official Video),75766346
Arthur Rubinstein - Chopin Nocturne Op. 9, No. 1 in B flat,1408008
The new phonebook is here (The Jerk),521252
Wagner - G√∂tterd√§mmerung - Hoi-ho! - Bayreuth Festival,492868
Water Bear - Tardigrades! - Microscope Fun,249046
Phony Karate Master - No Touch KO Debunked,4241387
PERIPHERY - Scarlet (Official Music Video),3380079
INFP Strengths,19768
INFP Strengths,19768
Crypt - Why,177347
Man Overcomes Police, Pedestrian lawyer !!!!!!,348151
deadmau5 - Alone With You (HQ),6072414
Haters Gonna Hate.mov,1457367
Amerie "Higher" - In Love & War,91769
dpolaristar's Top 10 Things I like in Gaming,243
Holy shi* it's a Dinosaur! WTF? (jurassic park),1175896
Lil B - Violate That Bitch(OFFICIAL BASED VIDEO)DIRECTED BY LIL B,1750143
Frank Zappa - Black Napkins Oct.28, 1976,1662255
'Primitive' (PSA 30 sec),88269
The Vaselines-Son Of a Gun,1284020
Apple Introduces Revolutionary New Laptop With No Keyboard,11445235
Are We Giving Robots Too Much Power?,1084572
Every Time I Die - "Ebolarama" Ferret Music,852084
14. Scissors,7941
Elder - III,95973
viper - you'll cowards don't even smoke crack,3250096
ANTHONY GREEN - She Loves Me So [OFFICIAL MUSIC VIDEO],596090
Deerhunter - Helicopter (Official Video),2845787
Ariel Pink's Haunted Graffiti - Bright Lit Blue Skies (Official Video),950785
Justin Bieber Interview 2012 - TV4 Sweden,146650
Gotye Talks About 'Somebody That I Used To Know' And Working With Kimbra,3641060
Listener - Ozark Empire (music video),246737
Little Girl Gets Christmas Wish - Daddy Home from Afghanistan,2928803
Dumb and Dumber Most annoying sound in the world & Mocking.wmv,2895
The Matrix Revolutions OST - Neodammerung,362247
‚òÖHOW TO PEEL A BANANA FAST‚òÖThe right way! Flick open a banana, monkey‚òÖBanana Fail Blooper!,10609
NEIL FINN @ Bush Hall - Into The Sunset 03/02/2010,5330
The Cinematic Orchestra Arrival of the Birds & Transformation,26879316
Government Explained,725060
The Philosophy of Liberty,646282
Ocarina of Time: Gerudo Valley,4408279
Jefferson Airplane_Alexander The Medium,2946
Culture is Not Your Friend - Terence McKenna,23681
The Subways - Rock & Roll Queen - Official Video,9401025
The Ramones - Blitzkrieg Bop (With Lyrics),16534203
ESCARGOT (REMI GAILLARD),44135342
Fat And Alone - Pencey Prep Lyrics,175837
IMDABES,6797961
Mystery Jets - Two Doors Down,2770035
Justin Bieber - Baby (Official Music Video) ft. Ludacris,2351830790
Rebecca Black - Friday,147869492
Freedom Call - Age Of The Phoenix,118365
Hippies - Crying Over Dead Trees,452787
Bear Hands - Giants (Official Lyric Video),859533
Lana Del Rey - Blue Jeans (RAC Remix),11505768
Tchaikovsky - The Nutcracker - Dance Of The Reed Pipes,761826
I Put A Spell On You - Lip Sync,1346413
Carl Sagan: We Humans Are Capable Of Greatness,935577
Carl Sagan Talks Marijuana,431455
Carl Sagan's Wife on Marijuana,36448
South park - A history channel thanksgiving,138544
Don't be a playa, Haiti lyrics,14053
fun. -  Walking The Dog (Official Video),1073964
Sheldon - Bitches Be Crazy,8400
I feel like I'm taking CRAZY PILLS,315944
South Park Towlie on Drugs,646575
Old  Blind  Dogs,,,,,,,,,,,,,The  Wisest  Fool.......,24010
Useless Box Kit from ThinkGeek,11114990
Triggerfinger - I Follow Rivers (met kopjes en mes) | 3FM Live,12768346
Peter Gabriel - Here Comes The Flood,4826153
Celine Dion My Heart Will Go On,42311612
Little Children (2006) Official Movie Trailer - Kate Winslet, Patrick Wilson,7013994
Nomy - Freakshow Part 1 With Lyrics,73833
Magazine - Permafrost (Secondhand Daylight),138698
Merzbow - Dharma [FULL ALBUM],64801
Torture Chain - War on the Final Road North,6722
Bal-Sagoth - Invocations Beyond The Outer-World Night,40166
Oranssi Pazuzu - Komeetta,19422
Beach Boys- I get Around,15092160
Julia Kent - Pleiades,41691
Tom Day - Crossroads,1995202
forest temple music extended to 10 minutes,567814
Amplifier - 13. UFOs,33971
Craig David feat. Artful Dodger - Re Rewind,880804
Buddy Holly - Everyday,13844939
Seven Days,39889808
Tyler The Creator - Yonkers,128622719
Fiona Apple - The First Taste,1967563
Stina Nordenstam 'Get On With Your Life',86647
James - Born Of Frustration,4221385
Placebo-Lazarus,35901
She Loves Me Not by Faith No More,232215
UB40 - C'est La Vie,415866
Younger Brother - Safety in Numbers,42125
The Low shoe orchestra. - Super 8 time travel phenomenon - original_mix wmv,1164
The Pineapple Thief - Nothing at Best (from Someone Here is Missing),332611
Tim Minchin's Storm the Animated Movie,5094697
A.L.- Lyrics,173990
Flight of the Conchords Ep2 Inner City Pressure,4315723
We Like Sportz,31749974
Neon Indian - Polish Girl,14695398
The Outfield - Your Love (Official HD Video),315851443
Jon Hopkins - A Drifting Up,223157
An Idiot Abroad: Karl comes home - Making plans,109742
Sybreed - Twelve Megatons Gravity (HD Audio),56789
Sybreed - Plasmaterial,171954
Mirrorthrone - The Fecal Rebellion [HD],56554
THE FACELESS New Song 2012 LIVE [HD],19294
YSO:SA - 03 - Scarlet Tempest,11397
beverly hills cop theme song (Axel f),462229
Eurythmics, Annie Lennox, Dave Stewart - Who's That Girl? (Official Video),10589422
Love Unlimited Orchestra - Love's Theme,111121
VAN McCOY - the hustle (1975) (HQ),19587083
U2 - Pride (In The Name Of Love),80930503
U2 - In God's Country (HD),106605
Budweiser Commercial - Clydesdales Donkey,7964644
Jim Croce - Bad Boy Leroy Brown-HQ,1000889
Cat and Dolphins playing together,10539213
Tom Campbell: Life Between Lives as Consciousness 9/29/12,180080
Piers Morgan Tonight - Gary Vaynerchuk- Thank You Economy Interview,100128
Richard Branson interview 1998,196047
Lorn - No Safety On A Body,1106337
Blue Sky Black Death - Gold In, Gold Out - NOIR - OFFICIAL HQ,365087
Bombino - Azamane Tiliade (Official Video),1004902
Micachu & Kwes - DJ Set,8108
Psapp - Everything Belongs to the Sun,33660
Machinedrum - TMPL,44897
Prefuse 73 - Pagina Dos,9384
Swing Low, Sweet Chariot By Etta James,2776803
Massive Attack - Paradise Circus,46854445
South Park - The Little Mushroom People of Nova Scotia,32028
Dirty Signs - Want to Go Over There and F*ck?,113968
Present Face by Garfunkel and Oates,872098
BOB MARLEY THREE LITTLE BIRDS,41846193
4 Hero Escape That,29072
Goldie - Timeless,512719
MST3k - Jack Frost,309139
S05E01,189356
JIM GAFFIGAN & SARAH SILVERMAN: StarTalk with Neil deGrasse Tyson -  Curiosity Mars Rover,1141652
Flying Lotus ‚Ä¢ ‚ÄòUntil The Quiet Comes‚Äô ‚Äî short film by Kahlil Joseph,3910603
Goldie - Sine Tempore,40889
Dan Vs. The Parents Clip,89091
DFRNT - Therapy,15891
Star Trek Trailer 3 HD 720p,1158821
Triplets of Belleville,261816
The Moody Blues - Your Wildest Dreams (Official Video),16828091
Band of Brothers - Beethoven String Quartet in C-sharp minor,530468
Batman Can't Stop Thinking About Sex,44825982
Were Here to Fuck Shit Up.,43038
beatboxing flute super mario brothers theme,25954992
beatboxing flute super mario brothers theme,25954992
Samba da Ben√ß√£oÔºèBebel Gilberto,187071
The Antlers - Epilogue (Lyrics),139126
Bond theme song on Eigenharp,793930
Portal - 'Still Alive',39021465
Xenogears intro,189239
I'm Yours(ukulele),72273045
Wondrous Nights,161
Tennis - Mean Streets (Audio),349768
Lean on the Wind - Swedemason,408742
Magic Bus The Who ( HQ sound ),3282763
Slowdive - Crazy for You,105514
Kryptic Minds - Can't Sleep,412583
Echodrone - gravity,6246
Primal Scream - Velocity Girl,95226
Free Hugs Prank: $2 Deluxe Hugs,4706253
Belong - Perfect Life,83076
10. No Surprises,772335
The Problems with First Past the Post Voting Explained,5234975
Tribute to Richard Dawkins: We Are Going to Die,603207
Tribute to Richard Dawkins: We Are Going to Die,603207
Alan Watts on conforming to society,174766
Electric Wizard - Funeralopolis,1217114
Bjork - Unravel (live),141188
How To Destroy Angels - A Drowning (Instrumental),11705
B.Fleischmann - First Times,22443
Coaxial - Illusion,38336
Simple graphical multiplication trick,36926
HIDRIA SPACEFOLK - Seirenes,13477
Hevisaurus - Jee Hevisaurus (Video),1354306
Kirk Cameron And Bananas,1919709
There is a Dogshit in my Garden,133056
CLASSIC SCENE - "Is That...Hair Gel?",695258
Two Steps From Hell - Protectors of the Earth,107790137
SUPER FUN HAPPY RAINBOW,663014
Celldweller - The Last Firstborn,2567219
The Bus Ride *original*,15132
Pink - I don't believe you + Lyrics,8966792
Ghost in the Shell - Cyberbird,31827
Demon Hunter - The Tide Began to Rise (acoustic),318463
Motherfuckin' Bootleg Fireworks (Funny Subtitle Version),11681926
yh - see through (ft. samu palonen),39086
Bastille - Get Home (Mauns Remix),65720
Cameron Adams - Definitive Daft Punk (6 Minutes Daft Punk Mash-Up),11046
Unlike Pluto - Broken Bagpipes,4432
yh - suppressant (ft. laura brehm),145451
Philip Glass - Glassworks (complete),6528849
Rim Banna - Astonished By You and Me (Live),32858
Fritz Lehmann Mendelssohn Hebrides overture Berliner Phil 54,91872
Cyanide & Happiness - The Man Who Could Sit Anywhere BROKEN,11299641
Cyanide & Happiness - Sad Larry BROKEN,7033742
Cyanide & Happiness - Beer Run BROKEN,16179163
LMFAO - Sexy and I Know It (Official Video),807162034
Pink Floyd - Wish You Were Here,44911636
There is no pink light,4194986
Busdriver - Me-Time (With The Pulmonary Palimpsest),532507
Innocence Destroyed - Part 1 - WARNING: Graphic Content,1083937
Super Golden Friends,1537182
Straight, No Chaser,529951
17 Eyes Of The World - Furthur 11/17/2010,251
Counting Crows - Round Here (Official Video),25621856
Flobots - Handlebars (Official Video),57093546
Feist - Honey Honey,679610
Ratatat - Breaking Away,4313907
Sad Cat Diary,30193643
Placebo - Lazarus,261863
The Gael - Last of the Mohicans Theme (Dougie Maclean),6677040
Doktor Kosmos - Holiday,402585
Lene Lovich   Ghost Story,2056
Doktor Kosmos - Holiday,402585
Sweet Brown - Original Report and Autotune Remix.mp4,67333004
Michelle Featherstone - Coffee & Cigarettes,599952
Fiona Apple - Love ridden,425227
Poison Lips - Vitalic,712695
Dolores O'Riordan - Ordinary Day (Official Video),8026346
Gotye - Eyes Wide Open - official music video,29578032
Young Marble Giants - N.I.T.A,183969
She Walks Right Through Me | Original Song,1154003
Flying Lotus - MmmHmm,4709684
Nosaj Thing "Eclipse/Blue" [Official Video],5049277
Modest Mouse - Ocean Breathes Salty (Official Music Video),13839541
The Police - Don't Stand So Close To Me,31182370
Editors - I Want A Forest,2328
Super Metroid Music - Staff Credits / Finale,52368
THY ART IS MURDER - Reign Of Darkness (OFFICIAL VIDEO),16295172
Cute Baby Cheetah,8519019
[PP] Acid Star [Connichi'09 - Best Comedy] - [Shinnie04 + Ryko89 Collab] [Download link in info],45684
„Åç„ÇÉ„Çä„Éº„Å±„Åø„ÇÖ„Å±„Åø„ÇÖ - PONPONPON , Kyary Pamyu Pamyu - PONPONPON,168975804
Cute Baby Cheetah,8519019
Ensiferum - Ferrum Aeternum,110513
Promentory - The Last of the Mohicans - Fingerstyle Guitar,1222501
"CLANNAD"„ÄÄDango Daikazoku on Guitar,523514
Nujabes- Mystline [Full Version],5127348
Hanzel und Gretyl - Third Reich From The Sun,301541
Animated Nursery Rhymes - Brush Brush your Teeth,545570
Gothic King Cobra - "Tainted Love" exclusive bootleg mix,6004
Animated Nursery Rhymes - Brush Brush your Teeth,545570
Funny guy doing a rap commercial for his furniture store,395066
new you - m b v - my bloody valentine,646255
Milton Nascimento & Lo Borges - Clube da Esquina - 1972 - Trem Doido,43197
Super Mario Floppy,362884
Michael - Red House Painters,74813
Red House Painters - Blindfold,19688
üéß DISTANT TRAINS ECHOING IN THE RAIN.. Relaxing SoundScape to help Sleep, Study & Meditate,420118
Jack's Mannequin-Swim (OFFICIAL MUSIC VIDEO),1970978
ZDAY2010: Money,698
ZDAY2010: Collapse,1207
ZDAY2010: Uprising,938
ZDAY2010: Collapse,1207
ZDAY2010: Money,698
Fever Ray 'When I Grow Up',20887488
IamX - Zhest (S.H.E),176623
Cog - What If? [Official Video],256291
Ali Akbar Khan  Raag Chandranandan.wmv,16080
Unexpect- Feasting Fools,51400
Rise up against Nazi Germany,313673
CULT of Ron Paul,308658
Sixx A.M. --life is beautiful lyrics,9976361
Techno Trance - Moonlight Shadow,9058114
Dj Splash - Bass Is kicking (Trance - Bass),10309
Her Name Is Alice - Shinedown (lyrics),1159682
The Faint - "The Geeks Were Right",865876
The Best Krav Maga practitioner in the World,20512336
Raconteurs Bang Bang,2106035
Muse - Plug In Baby - Live At Rome Olympic Stadium,13551595
Aaron Gibson: Love - Solo Bass,16586
Jellybelly - Smashing Pumpkins,17851
Radiohead - VIDEOTAPE - Live from the basement. In Rainbows,3613613
PETE TOWNSHEND 1972 INTERVIEW,38998
Pok√©mon Theme Song,64414273
Boys have a penis Girls have a Vagina,480405
The IT Crowd - Series 1 - Episode 2: Fire!,2832727
Hey....Fuck you. YYYYYYYYEAAAAAAAAAAAH!,233097
8-bit: Gorod - Disavow Your God,3683
Barber - Piano Concerto Op.38 III: Allegro molto  (Browning, Szell),8460
David mitchell's Top 5 Rants,1262028
Taking Back Sunday - Liar ( It Takes One To Know One),743562
Wine Red - The Hush Sound,203742
Jeremy Clarkson interview - Parkinson - BBC,1438468
Richard Hammond on snooker,11686
Stephen King - Meet the Writers,228957
Springwatch - Chris Packham Interviewed about his first Series,4694
Chris Packham's The Smiths references - Springwatch 2009,117343
Taking The Hobbits To Isengard- TEN HOURS (original),1199588
Chant of the Templars - Salve Regina,615444
Dr Dog - Fools Life,155143
'Why everything sucks',755249
Dave Matthews - Some Devil,3638780
–ê–ª–µ–∫—Å–∞–Ω–¥—Ä –ö–æ—Ä–µ–Ω—é–≥–∏–Ω - –ë—Ä–æ–Ω–µ–∂–∏–ª–µ—Ç,456026
–ê—Ñ–≥–∞–Ω—Å–∫–∏–µ –ø–µ—Å–Ω–∏ - –ü—Ä–∏—à–µ–ª –ø—Ä–∏–∫–∞–∑,12001220
Sabaton - The Hammer Has Fallen + Lyrics,108137
Keep Trollin Trollin Trollin Trollin,191409
monte cassino sabaton Union Slopes of St Benedict,101359
Let's Play Paper Mario (Blind) - part 2 - OLD MEN,89714
Muppet Show - Mahna Mahna...m HD 720p bacco... Original!,117873918
Ain't Nobody Got Time For That (HD 1080p),234101
Kawir - Eumenides,2719
Six Organs Of Admittance - Spirits Abandoned,35921
Duet Sitar & Sarangi Vilayat Khan & Munir Khan Raga Bilaskhani Todi,604594
CIVIL DISOBEDIENCE the unavoidable process,4751
Morbid Saint - Assassin,37365
Skullflower - Solar Anus,3124
Sacramentum - Beyond All Horizons,25472
I'll Cut You Down- Uncle Acid and the deadbeats,741820
Rancho Relaxo - Ridge,2042
HEIBEL : "School",3649
Cruevo - To kill the Dawn.wmv,2760
Melvins - Hung Bunny,193783
Skaven - Severed,3643
His Hero Is Gone - Like Weeds,123192
Hellbastard   civilised,2868
Amebix-Drink and Be Merry,101632
Misery - Children of War,3787
Ceremonium - Incarnated Entity,1580
Gorement - The Lost Breed,5394
Massacra - Apocalyptic Warrior (HQ Audio),102764
Interment - Morbid Death,4947
Timeghoul - Rain Wound,26062
Caducity "Beneath,in his benighted dwellings,the Paramount shrieks with laughter",1828
Blasphemy-Demoniac,4585
kampfar: Baldogg,8636
Ulysses Siren - Terrorist Attack,16191
5. Slay Ride - Torture,1176
Sacrifice - Flames Of Armageddon,23515
Sabbat - Hosanna In Excelsis,52187
Rigor Mortis - Wizard Of Gore,61015
Blood Farmers - Bullet in my Head,33339
Pagan Altar- The Cry of the Banshee,90158
Hour of 13 - The Correlation,9437
COMUS - Drip Drip,3976
salt n pepa - push it,1166520
Alice in Wonderland: Clothe This Girl,842108
Lt. Stitchie - Natty Dread,2405614
Potter Puppet pals in Bothering Snape the original version,643006
Melbourne Shuffle Compilation 3,40476140
Toe - „Ç∞„ÉÉ„Éâ„Éê„Ç§ Goodbye Feat. Toki Asako,1222899
SLACKER | FilmBuff,747176
50 Facts About Me TAG!,936518
You Know You're an INTP When...,122844
AZEALIA BANKS - 212 FT. LAZY JAY,196575048
Derrick J Freeman Caged for 0.1 Gram Marijuana,26540
Larry David Rides the Ski Lift,722511
Fast Food Lasagna - Epic Meal Time,32306708
Dropkick Murphys - Kiss Me, I'm Shitfaced,2645970
World's Best Professional Head Massage - oudinhealinghandsmassagetherapy.com,4018935
The Cosmic Barber: Baba's Indian Face Massage,2841305
Show N Prove - Zimma Frame (feat. Takura) [Official HD Video / Out 14th July],789360
Pink -Try (Lyrics),64502803
Keiser Report: God Hates Bankers (E372),41878
prince of egypt plagues,7437071
New Year Update For the Fans!,131420
ridin dirty,1084113
Max Richter - The Nature of Daylight,1490976
Shadow Functions! Avoid Them!,63463
YouTube Comment Reconstruction #1 - 'One Direction: What Makes You Beautiful',3179346
Big Bang Theory speed date,236707
Hermit the Frog - Marina & the Diamonds [Lyrics],1323419
Marina And The Diamonds - Fear And Loathing (Live at The Junction, Cambridge) 24/02/12,6844
MARINA | ‚ô° "BUY THE STARS" ‚ô°,3585144
21-06-2011 Living Dead Live in New York Marina And The Diamonds,22335
2NE1 - CAN'T NOBODY M/V,42247666
S≈çtaisei Riron - Vermont Kiss (yUuZa1 remix),10004
The Simpsons: oooo, The Fountainhead,111522
Seems so slow,1880071
Seems so slow,1880071
Mainstream Media Commercial,1507688
My Little Pony Friendship is Magic Opening,1385944
My Little Pony Friendship is Magic Opening,1385944
You Are Not Alone  (Jon Lajoie),4489264
Not Giving a Fuck!,10226193
The Weepies - Nobody Knows Me At All [Official Music Video],1472288
ÊñπÂ§ßÂêå Khalil Fong - Âõ†ÁÇ∫‰Ω† (Official Music Video),1173824
ÁéãËèÄ‰πã Ivana Wong „ÄäÊü≥ÊöóËä±Êòé„ÄãÂÆòÊñπ MV,95158
The Lympics Are Coming,42620
Bombay Bicycle Club - Always Like This (Lee Mortimer Remix),25778
Portal Soundtrack - Self Esteem Fund,469310
Chevelle - Well Enough Alone (Official Video),7126732
CM Punk Old Theme Song This Fire Burns Lyrics 1080p,301175
WWE's Triple H's Theme Song (Motorhead-The Game) w/ lyrics,2864562
Go-Go's Head over Heels Lyrics,430438
Together in Electric Dreams lyrics,15399176
Stone Cold Steve Austin Classic  Theme Song,3890029
Shawn Michaels Theme Song,4234336
Voices - Rev Theory Lyrics,1521814
RAMONES - Pet Sematary,5535874
Bad Reputation - Joan Jett / with lyrics,5360894
Find Your Voice- Chip Skylark (Lyrics),684053
Pink Floyd - Dark Side Of The Moon,66128826
Bon Jovi - It's My Life (Official Music Video),904403300
The Police - Every Breath You Take (Official Video),800436156
Metallica - Orion (Remastered with louder bass),5205420
Iron Maiden - The Number Of The Beast (Low Definition),11044456
Dave Clark Five - Any Way You Want It (1965),67183
RAMONES - Outsider,1427615
The Police - Every Breath You Take (Official Video),800436156
Graveyard Symphony,148836
Godsmack- I Stand Alone Lyrics,3311928
Sevendust- Driven Lyrics,347514
[PHYSICS] - ice 7,10444
Iron Maiden - Satellite 15... The Final Frontier,990380
Metallica - Whiplash,3059830
Metallica - Damage, Inc (Studio Version),2380740
(HD w/ Lyrics) Battle On - War of Ages - Fire From The Tomb,161067
Styx - Castle Walls,890295
Devo - Whip It (Video),10788165
Giuffria - Call To The Heart,2097862
Half-Life - Valve Theme (Long Version),818089
Joey Ramone-Rock and Roll Is The Answer,190029
Blind Guardian - The Bard's Song,4298659
Zdob si Zdub - Videli Noch,238642
Gladiator -  Now We Are Free  Music Video,5572254
MANSOUR BAHRAMI - Tennis' Greatest Entertainer,8794056
Tropic Thunder (5/10) Movie CLIP - Never Go Full Retard (2008) HD,6780510
Artificial jellyfish made from rat heart,690893
Hurts - Like Like Horses (Elton John Cover) Lyrics HD,35354
Tom Waits/Cookie Monster mashup - God's Away On Business,2453593
Christopher Walken - Annie Hall,149848
The World's Most Giant Killer Spider!!,23553689
Tom Lehrer - The Masochism Tango,2284164
Snatch Best Quotes,369102
Star Wars: The Phantom Menace Review (Part 1 of 7),9917322
Mad World - Gary Jules,154141771
Eric Cartman Pokerface [With Video] Southpark,241393
[Official Trailer] "BRONIES: The Extremely Unexpected Adult Fans of My Little Pony",692452
NegurƒÉ Bunget- ≈¢esarul de Lumini,50800
Woods of Ypres - I Was Buried In Mount Pleasant Cemetery,570759
Urfaust - Der Mensch, die kleine Narrenwelt,20861
Steve Earle - Copperhead Road,19176381
Monopole,131
Metroid Prime Music: Title Screen Intro Theme,931292
Primus- Mr. Knowitall- Frizzle Fry,926744
PROBLEMS-SEX PISTOLS,270700
You're the Best Around - Faster version,311643
Cry Plays: To the Moon [P1],543192
My Dying Bride - The Poorest Waltz,20745
David Banner - Play Lyrics,1629595
DIE ANTWOORD - BABY'S ON FIRE (OFFICIAL),253882878
Cenum - Paranoia [HD],309227
THE CURE - ALL CATS ARE GREY,1258227
Red House Painters - Katy Song,1119986
the gufs smile (rock version),58002
My Bloody Valentine - Lose My Breath,280722
The Beta Band - Dry The Rain,2063269
Kevin Richardson - Dangerous Companions,10213449
Angry eggies review,23404
I've Fallen and I Can't Get Up - FAST REMIX!,196973
Noah's Ark        (part 1 of 2),895277
Noah's Ark      (part 2 of 2),518614
"Would You Be Impressed?" By Streetlight Manifesto (Official Music Video),5366677
Casey Baker & The Buffalo Sinners: Pulling Wool,5265
Pinback - Blue Screen Life - Penelope,140333
Circletine (ORIGINAL),3156368
Aloe Blacc- The Man,16442254
The money shot 70s porn song,1975784
Son House - Death Letter,523460
Howlin Wolf Built For Comfort,137331
Heart - Alone (Official Music Video),214421254
The transformative power of classical music | Benjamin Zander,5992654
Law Enforcement Against Prohibition,152800
You can do anything,506621
America - A Horse With No Name+Lyrics,57696507
His Hand Doesn't Even Move,47956040
Chicken Techno,7873287
Rostock delta robot 3D printer prototype,376607
Adele "Take It All",703896
The IT Crowd Piracy Ad,799816
The IT Crowd - Series 1 - Episode 2: New emergency number,2119922
Fight The IT Crowd - Series 3 - Episode 4: Fight,801827
YELLE - Je Veux Te Voir,1847549
The xx - Crystalised (Official Video),67072992
RSA ANIMATE: The Divided Brain,1983056
George Carlin - Conspiracy Theorists,675219
Unoccupied - Everyday Life,2494
Daloy Polizei - Victory Party - Geoff Berner,42618
ATTILA THE STOCKBROKER   -  LEVELLERS/THE DIGGERS SONG,42612
THE BATTLE HYMN OF THE REPUBLIC,7959830
Tom Lehrer - National Brotherhood Week - with intro,480984
Tom Lehrer - The Masochism Tango,2284167
Wild West Gunfighters,2337394
Scary vintage toy Japanese clapping monkey,88671
CUPS!! - Pitch Perfect - Sam Tsui, Alex G, Kina Grannis, Kurt Schneider,55332179
Sexy Sax Man Careless Whisper Prank feat. Sergio Flores (directors cut),42043915
Mogwai - Ex-Cowboy,82996
Mineral - Parking Lot,304839
Sunny Day Real Estate - In Circles,53268
Delinquent habits - Freedom Band,69678
IceJJFish - On The Floor (Official Music Video) ThatRaw.com Presents,80671002
ID Creationism and Bacterial Chemotaxis,14878
Irreducible complexity cut down to size,259381
Multiple Stab Wounds May Be Harmful To Monkeys,3658308
Final Fantasy Stop motion- Sephiroth the World's Enemy ‰∏ñÁïåÊØÄÊªÖËÄÖ,2599696
Eliminate! Mikami Teru Gone Mad,207313
Hybrid - Original Sin,137901
Hybrid - Enjoy The Silence,191868
Ain't No Chimneys in the Projects,2748
Bjorn Akesson - Gunsmoke,26589
The Harlem Shake! (SHAYTARDS STYLE),6530606
Moon Trance - Lindsey Stirling (Original Song),70722106
Mission Impossible (Piano/Cello/Violin) ft. Lindsey Stirling - The Piano Guys,20684155
A Capella Science - Bohemian Gravity!,3943888
Priyanka Chopra - In My City (Official Video) ft. will.i.am,54477861
Priyanka Chopra - Exotic ft. Pitbull,208450964
Coldplay - Every Teardrop Is a Waterfall (Official Video),210640780
Jennifer is a Party Pooper (7:12am),10660583
Moth and Rust - Silian Rail [OFFICIAL MUSIC VIDEO],3162
Burzum - Dunkelheit,1272234
Anthrax - Indians (Official Music Video),10702014
Anthrax - Got The Time (Official Music Video),9615842
Buried Myself Alive (Official Video),9350531
Revocation - Revocation - Invidious (Official Music Video),978511
Can't Take My Eyes off You - Frankie Valli and The 4 Seasons,42408711
Iron Maiden - Wasted Years (Low Definition),29253253
Metallica- Welcome home (Sanitarium) music video,40885677
Metallica - Wherever I May Roam,84047672
Stone Sour - Through Glass [OFFICIAL VIDEO],79061723
Static-X - The Only (Official Music Video) | Warner Vault,21422769
Deftones - Diamond Eyes [Official Music Video],16176087
Slipknot - Before I Forget [OFFICIAL VIDEO],61350328
Metallica-Fade To Black,35678498
Enter Sandman - Metallica,84420122
Slipknot - Vermilion Pt. 2 [OFFICIAL VIDEO],59147494
Led Zeppelin - Kashmir (Live from Celebration Day) (Official Video),81698176
Led Zeppelin - Kashmir (Live from Celebration Day) (Official Video),81698176
blind melon toes across the floor - intimate & Interactive,190324
AWOLNATION - Sail (Live at La Zona Rosa),1052198
AWOLNATION - Sail (Live at La Zona Rosa),1052198
Rodrigo y Gabriela - Savitri 11:11,270667
7. Burn You Up, Burn You Down - Big Blue Ball,62776
Isobel Campbell & Mark Lanegan - Time of the Season,154889
Rodrigo y Gabriela - Savitri 11:11,270667
7. Burn You Up, Burn You Down - Big Blue Ball,62776
Isobel Campbell & Mark Lanegan - Time of the Season,154889
BRAD - Screen,212829
BRAD - Screen,212829
The Afghan Whigs - Uptown Again,17958
The Afghan Whigs - Uptown Again,17958
When a Blind Man Cries - Deep Purple,11883929
When a Blind Man Cries - Deep Purple,11883929
cinderella- don't know what you got (acoustic),263539
Cinderella - Coming Home (Official Video),18836547
cinderella- don't know what you got (acoustic),263539
Cinderella - Coming Home (Official Video),18836547
Rainbow - Long Live Rock and Roll - Re-EQ'd,288282
Rainbow - Long Live Rock and Roll - Re-EQ'd,288282
N*E*R*D Feat. Julian Casablancas, Santagold - My Drive Thru (Lyrics),59839
Kiss - Hell Or Hallelujah (Lyric Video),2471652
Ken Lazarus - Soul Ska 196X,242133
Ken Lazarus - Soul Ska 196X,242133
funky mama soul beats,2925956
funky mama soul beats,2925956
A Day To Remember - 2nd Sucks,3149128
The Downfall of Us All - A Day to Remember (Lyrics) HD,5829648
Dive Too Deep- The Red Jumpsuit Apparatus (Lyrics),155836
Sizes of the Universe - Stars and Planets Size Comparison,464516
Black Mountain - "Old Fangs" (Official Video),212900
Little Jam - Flaming Star (Original Video),2104
The Pipettes - ABC,1976085
Fonejacker - Odeon Cinema  MUST WATCH!!!!!!!!!,100404
Ëá™‰∏ªÂà∂‰Ωú„Ç¢„Éã„É°„Éº„Ç∑„Éß„É≥„Äéthe TV show„Äè,2580609
Nightwing Theme,130499
Tatyana Kozhevnikova Lifts 6kg Dumbbells with Vagina Muscles,1063899
The Kills - U.R.A Fever (Official Video),6378865
Intro to Participatory Economics,21565
Gorillaz - On Melancholy Hill,6902741
Blue October - Should Be Loved,2533954
How the universe works original soundtrack,260282
How To Be Alone,8432543
Lonely are The Starseeds,85296
Zizek! part1/7,66864
White Wine In The Sun by Tim Minchin,6556834
Agalloch - Black Lake Nidstang,45992
Current 93 - Then Kill C√¶sar,97310
Lamb Of God-Digital Sands,112645
Princess Bride -- The Machine,283250
Leonard Cohen - How to speak poetry (spoken),107736
Ivan Fischer and the Budapest Festival Orchestra  the first 25 years/24 - Mahlerfest,4944
Cleaning the cobra pit,8138725
Mirrors Edge - Main menu Soundtrack,24053
Santa Kick,22517
25 Most TERRIFYING Sea Creatures,6247800
Don't Hug me I'm Scared,62604342
Nothing In This World - The Kinks,789347
Spiders: Christ, Fucking Spiders - Horrifying Planet - Ep. 5,419800
Metallica - Fade to Black,128864129
Tool- Pushit /The Fan Incident  Part 1,1299655
Maynard James Keenan from Tool screws up,543190
Know Your Enemy ft: Maynard.,382637
Man Gets Tasered,370021
(A Biologist's) St. Patrick's Day Song,714882
ARKONA - Liki Bessmertnykh Bogov (Official),6983870
Aurelio Voltaire - This Sea (OFFICIAL),245119
Leonard Cohen - The Captain (Studio Version),122149
Rucka Rucka Ali My Korea's Over ~ DJ Not Nice,150478
ARKONA - Slavsia, Rus,4919132
Money - Pink Floyd HD (Studio Version),29660255
Dick Will Make You Shoot Somebody,18041
Portal 2: End Credits Song 'Want You Gone' by Jonathan Coulton [1080p HD],16783611
I'M MAD AS HELL AND I'M NOT GOING TO TAKE THIS ANYMORE!!!!!!!!!!!,44718
American Dad - The Dancer of Death - Bananarama Venus,610470
The Lonely Island - Jizz In My Pants (Official Video),81370360
Hand forging chains (1) - Blacksmithing,238734
Zero Gravity: Water Balloon Pops in Slow Motion,639938
Let's laugh at minorities!,294582
octopus - syd barrett,1712804
Working Model of Stephenson's STEAM ENGINE made of GLASS ! Rare!,4244046
Monster Hunter 3 (tri-) OST - Ceadeus battle part 2,269983
[„Éï„É´]„ÄÄexist‚Ä†trace „ÄåTRUE„Äç 2011.6.15 ReleaseÔºÅÔºÅ,796102
Mozart - Requiem,96846869
Talaash Muskaanein Jhooti Hai Full Video Song | Aamir Khan, Kareena Kapoor, Rani Mukherjee,3729976
Head On - Annoying Headache Commercial,1024011
Bonobo - Kiara,15421890
BT - This Binary Universe - 03 - The Internal Locus,98870
boards of canada - roygbiv,3137286
"Atoms," by Nana Grizol,25034
John Butler Trio - Better Man,430006
Corey Taylor - X-M@$,3929553
SLIPKNOT - Dead Memories (Official Music Video),24203090
ALL SHALL PERISH - Eradication (OFFICIAL MUSIC VIDEO),1914652
All Shall Perish - Until The End,4305
In Flames - Trigger,8622044
Red Hot Chili Peppers- Hump de Bump,937371
THREAT SIGNAL - A New Beginning (OFFICIAL MUSIC VIDEO),2703662
SIC - Rosegarden In Hell,38974
Hellyeah lyrics,70329
Radio Friendly Song,6032855
Famous Failures,2681066
Lamb of god - broken hands with lyrics,168623
Reggie Watts:  Fuck Shit Stack,9679999
Flying Lotus Putty Boy Strut,11628780
Franky Nuts featuring Skinto & Don De Baron - Animal,1584
Hermitude - HyperParadise (Flume Remix) [HD],446092
Sigur Ros - Gl√≥s√≥li [Official Music Video],7737068
Tenkah - Freddy (mindthings remix),34781
Radiohead - All I Need [live From the Basement],17466192
Bliss n Eso - Coastal Kids (Official Video Clip),2550607
Guy On A Buffalo - Episode 1 (Bears, Indians & Such),14861502
Guy On A Buffalo - Episode 2 (Orphans, Cougars & What Not),9594300
Guy On A Buffalo - Episode 3: Finale Part 1 (Origins, Villains & The Like),4392421
SpaceX Falcon 1 (Flight 4 - High Roller) High Quality,18039
80s Video Dating Montage,5758810
Venom  -  Welcome to Hell  (Live),4136730
Warbreed - Aliy Snieg.mp4,332
Firefly - Jayne's Song,197892
Leek Spin 10 hours,2439423
–ì–µ–æ—Ä–≥–∏ –ú–∏–Ω—á–µ–≤ - –ë—è–ª–∞ —Ç–∏—à–∏–Ω–∞,619338
Arthur Alexander - Anna - 1962,1022437
Little Green Bag- Reservoir Dogs,9278710
Woman is a Woman (Book Scene),103889
GBV - Gold Star for Robot Boy,109591
Meaningless,147853
Foo Fighters. Wasting Light Live from 606.,12181731
Muse - Map of The Problematique,5605994
1-Hour Epic Music Mix | Two Steps From Hell Vol. 2,8755023
Tim Vine Live At The Apollo,939676
The Mars Volta- Day of the Baphomets pt. 1,79138
The Mars Volta - Miranda, That Ghost Just Isn't Holy Anymore  [Lyrics],357819
The Human Abstract - Vela, Together We Await The Storm,1425983
Ligeti Hungarian Rock for cembalo(1978),71204
The Human Abstract - Vela, Together We Await The Storm (Official Music Video),732413
The Human Abstract - Complex Terms (HQ Audio),73010
Angelika Vee playing Rachmaninoff  Musical Moment E-minor,11423
George Lucas Interview,125214
Irving Kristol 1/6 - Father of Neoconservatism,6666
Cinco Urinal Shower.flv,313166
Deadmau5 - Hi Friend,2986241
Therapy? - Screamager,188113
Faith No More - The Real Thing lyrics,300418
The National - Val Jester,57574
The National - Gospel,800616
Fight of the Century: Keynes vs. Hayek - Economics Rap Battle Round Two,4759591
"The Tale of Pupperoo" - An Original Silent Video for "Where Is My Mind" by the Pixies,36377936
Bush - Little Things [Widescreen],1264458
Nirvana - You Know You're Right,76918596
Radiohead - Fake Plastic Trees,163573
Kiss Symphony: Alive IV - Beth (Act Two) [HD],270150
Koyaanisqatsi Trailer (Criterion) [HD 1080p],383057
Modest Mouse - Bukowski Lyric Video,166606
Anti-Flag - Protest Song,11010
Nirvana - Marigold [Lyrics],1463643
Nirvana - Aero Zeppelin,633837
Rise Against - Hero Of War (Official Video),49031887
Nirvana - Heart-Shaped Box (Director's Cut),19116217
Avril Lavigne - My Happy Ending (Official Music Video),198325820
I Shot Marvin in the Face - Pulp Fiction (11/12) Movie CLIP (1994) HD,7802573
Radiohead - Fake Plastic Trees,163573
Animaci√≥n Francesa "Le Caf√©" ("El Caf√©"), Con subtitulos en espa√±ol,161154
Tigran Hamasyan - Drip,193125
Arabrot - Throwing Rocks At The Devil - Lyrics,5018
Coldplay - Fix You [HD],19084258
Yngwie Malmsteen-Arpeggios From Hell,16812652
◊ë◊†◊ñ◊ô◊ü - ◊í◊©◊ù,253984
◊í◊©◊ù ◊õ◊ë◊ì ◊¢◊ï◊û◊ì ◊ú◊ô◊§◊ï◊ú,69234
Zager and Evans - In The Year 2525,83867
Tchaikovsky - Piano Concerto 1 - B Flat Minor,7319402
THE BULLYING EXPERIMENT!,28720868
You Know You're an INTP When...,122844
intp #2,347
