Vivaldi - Spring,9334250,Music
Hamburg Song - Keane,1779296,Music
Shakira - Waka Waka (This Time for Africa) (The Official 2010 FIFA World Cup™ Song),2661729090,Music
Mode Moderne - Disco Ruff,58478,Music
Devendra Banhart / Cripple Crow,909038,Music
Polite Bear Waves Hello - a waving bear,26259886,Pets & Animals
Ugly Duckling - Indonesia,896,Music
Demons - Imagine Dragons,312104373,Music
Demons - Imagine Dragons,312104373,Music
Innerpartysyste m - New Poetry,134795,Music
GRANT - EARTH IN HINDSIGHT (HD & FREE DL),7394,Music
Alter Bridge - Blackbird + Lyrics,706297,Music
Alter Bridge - Blackbird + Lyrics,706297,Music
Sentry the Defiant Remastered- Coheed & Cambria,150919,Music
Ready to Believe - Edison.wmv,16978,Music
Nightwish  "The Phantom Of The Opera" with lyrics,71170689,Music
Alex Clare - Hummingbird,2183683,Music
Inception and Philosophy | Kyle Johnson | Talks at Google,828139,Entertainment
Ryan Adams - Come Pick Me Up (with lyrics),260810,Music
Madonna - Into The Groove (Official Music Video),38016005,Music
Crystal Castles - Birds,294280,Music
OneRepublic - Good Life (Official Music Video),176906063,Music
Massive Attack - Unfinished Sympathy,435191,Music
Azam Ali - I'm a stranger in this world,906634,Music
Portishead - Glory Box (HD Version),7006465,Music
Of Moons Birds & Monsters - MGMT - Album,1061452,Music
Yeah Yeah Yeahs - Rockers To Swallow,51527,Music
Massive Attack - Inertia Creeps,1754826,Music
Amy Winehouse - Wake Up Alone,10325388,Music
Massive Attack - Five Man Army,244625,Music
M.I.A.-Amazon,308545,Music
Howl - Florence And The Machine,6818774,Music
Bonobo - Kong,4490164,Music
Massive Attack - Group Four,1263109,Music
Mendelssohn String Quartet Op. 80 in F minor Part 1/4,86832,Music
Yeah Yeah Yeahs - Down Boy (Audio),398819,Music
Chopin-Etude no. 7 in C sharp minor Op. 25 no. 7 "Cello",25547,Music
Noisettes - Every Now And Then,12136,Music
azam ali - from heaven to dust,35372,Music
[Flying Lotus] RobertaFlack,708910,Music
Dissolved Girl - Massive Attack,4627493,Music
Banks - Warm Water (Snakehips Remix),6613033,Music
Ashtraynutz - City Life (Moods Remix),1777795,Music
And So I Watch You From Afar - A Little Solidarity Goes A Long Way (Music Video),381448,Music
Mogwai - The sun smells too loud,1324047,Music
Mike Birbiglia's "Old Mill Pond Story" - Animated!,300316,Comedy
Peter Bjorn And John - Paris 2004 Live,65780,Music
Survival - Tragedy of the Mind (Official Music Video),5973,Music
Tokio Hotel - Ready Set Go!,27684632,Music
Cinema Bizarre - Lovesongs (They Kill Me),4653184,Music
"Don't Laugh At Me" (Mark Wills Cover) My original music is on Spotify & Apple Music,125487,Music
Lesley Gore - It's my party,4911604,Music
Tammy Wynette - Divorce,5362,Music
Dierks Bentley - How Am i Doin',353098,Music
The Count Censored,20692457,Comedy
Quiznos Commercial,1105765,Entertainment
Geico Drill Sargent Therapist Commercial 2010.mpg,339270,Entertainment
Donkey Kong Country - Mine Cart Carnage Playthrough,151725,Gaming
Cat Power- The Greatest,5507115,Music
Chet Baker - Almost Blue - CD Live in Paris & Tokio - guidomilli,337242,Music
Joe Beats - Narcissist,3520,Music
Cherokee - Take Care Of You,9796112,Music
Freddie Joachim - Close Love,280747,Music
Billie Holiday - The Man I Love (Vocalion Records 1939),229269,People & Blogs
Enbe - About Her,9033,Music
The Cosmic Game: Thievery Corporation,325131,Music
Beach House - Heart of Chambers,2347535,Music
Deadbeats - Funky for You,161800,Music
OneLove Beats - Am i a fool ?,2874,People & Blogs
Pixies - La La Love You,2019932,Music
Vanilla - Tomorrow,188459,Music
Sergio Mendes + Brasil 66 - MAS QUE NADA - In Stereo!,4207283,Music
Flyleaf - Great Love (Lyrics),201765,Entertainment
Shakira - Antologia,19524612,Music
MOV01776.AVI,147,People & Blogs
Starburst Commercial,13186335,Entertainment
Player - Baby Come Back,113849733,Music
Sigur Rós - Varúð [Official Music Video],4170755,Music
Craziest Tricks ever see,780319,Nonprofits & Activism
Neuroscience of Personality | Dario Nardi | Talks at Google,120169,Entertainment
