James Blake BBC Sound of 2011,151092
Kate Bush - The Sensual World,1948508
Dido- take my hand,6739
Hook on Fonik,10749771
isfp & love or whatever.,1635
Dead Tom's Dead!,154910
isfp.,2096
Tracedawn - In Your Name (Official Music Video),272402
Atreyu - Shameful,677664
Wanting 曲婉婷 - 我的歌声里 (You Exist In My Song) [Trad. Chinese] [Official Music Video],165884725
Crazy dance - Celtic fan. Ragazzo fa il matto allo stadio.,170388
KRAV MAGA EXPERT ROY ELGHANAYAN • Live  Demo to Israeli Special Forces,5216321
Buffy vs Edward: Twilight Remixed -- [original version],3963453
Dexter in 60 Seconds,661245
Doctor Who - "The Ballad of Russell and Julie" Wrap Party Special,2678458
Regina Spektor - Two Birds,7818344
Regina Spektor - Rejazz,932871
Doctor Who Series 3 Soundtrack: This is Gallifrey, Our Childhood, Our Home,192816
Joe Pug - Hymn #101,257057
Justin Bieber - Baby (Official Music Video) ft. Ludacris,2351876068
AWOLNATION - Sail,28114682
Escape The Fate - Situations,63003751
Speak Easy- 311,289592
proleteR - April Showers,687110
The Strokes - Under Cover of Darkness (Official Music Video),66714240
Fiona Apple - Why Try To Change Me Now,3700647
Vampire Weekend - 'Giving Up The Gun' (Official Music Video),15591876
Goo Goo Dolls - Black Balloon,1331326
The PINES- Cry Cry Crow (Official Music Video),240692
KiD CuDi - Man On The Moon [HIGH QUALITY],1065938
Transformers: Dark of the Moon Super Bowl TV Spot Trailer - Official (HD),4570600
Emancipator - Anthem (2006),4460101
Emancipator - Anthem (2006),4460101
Cowboy Bebop OST blue Words That We Couldn't Say,16610
Tori Amos - Wild World (Cat Stevens cover) - HQ audio,281980
The Strokes - Heart In A Cage (Official Music Video),13740381
The Strokes - The Modern Age,1433924
River City Extension - Something Salty, Something Sweet,78866
BELLADONNA "Till Death Do Us Part" VIDEO,74632
Maroon 5 - Misery (Official Music Video),329561030
Maroon 5 - She Will Be Loved (Official Music Video),576540786
Maroon 5 - Wake Up Call (Official Music Video),66459310
The Black Keys - Sister,853426
Indila - Dernière Danse (Clip Officiel),683899152
Riddler & Harley - "Blame It On My A.D.D, Baby!",30243
[Star Wars] We Were Born to Die |Anakin/Padme|,9694
The Amazing Spiderman |  RADIOACTIVE.,28920
Is Tropical - The Greeks (Official Video),6359194
BB BRUNES - Aficionado [Clip Officiel],3638390
Florence + The Machine - No Light, No Light,40324705
Cristofori's Dream by David Lanz (25 Year Anniversary Edition),37101
Zayna - Près de toi,50354
Arthas destiny - Loreena McKennitt.wmv di BiancaMariaCaminiti,18505
Dessine-moi. Corinne Hermès.,78017
Garou - Quand je manque de toi !!!,2899158
Jena LEE - J'aimerais Tellement (Official Music Video),29870744
Raphael - Caravane,2030139
Lady GaGa - Monster,15726858
Lady Gaga - Highway Unicorn (Road To Love) (Official Audio),5463910
.Hack SIGN Soundtrack - Key of the Twilight,239329
Andy you're a star The Killers,1489596
The Fugees-Killing Me Softly,1095309
The Fugees - Ready Or Not,12774453
deadmau5 - Some Chords,1987196
Rihanna - Skin,13243897
Evanescence-Lost In Paradise,28464
P!nk - Don't Let Me Get Me (Official Video),97862003
The Police - Roxanne,102087629
MGMT - Time To Pretend (Official Video),92799114
Justice - ON'N'ON (Official Video),3829204
Florence + The Machine - Shake It Out,101372871
Cradle Of Filth - Nymphetamine Fix [OFFICIAL VIDEO],63657744
Portishead - Roads,53799739
Akon ft. Snoop Dogg - I Wanna Love You (Official Video),265311788
The Weepies - Nobody Knows Me At All [Official Music Video],1472294
I Am A Master Hunter - Laura Marling live at Crossing Border 2011 [FULL],203538
P!ATD-TheDifferenceBetweenMartyrdomAndSuicideIsPressCoverage,375744
Sunglasses At Night - Corey Hart Lyrics,3667832
Mirah - Body Below (lyrics on screen),12612
Classified - All About You,1841815
Françoise Hardy - Le Temps de l'Amour,5884114
Kavindu "Kavi" Ade performing IT,360933
Chet Baker - But Not For Me,3632560
Grateful Dead - Brokedown Palace (Studio Version),1916535
Pink Floyd - Pigs (Three Different Ones),369718
This Will Destroy You - They Move On Tracks Of Never-ending Light,256164
Pink Floyd - Careful With That Axe Eugene,5184082
Mogwai - Take me somewhere nice,5705831
Falling Down - Joe Purdy,159695
Dinah Washington - "This Bitter Earth",138875
eric clapton - River of Tears HQ Sound,310549
Lullaby-Sia,393793
Kwoon - I lived on the Moon / w Lyrics (Official videoclip),1704896
Chet Baker - But Not For Me,3632560
CAN'T HUG EVERY CAT - Songify This  (a song about loving cats),41020462
Flight of the Conchords Ep 3 Hiphopopotamus vs. Rhymenoceros,18485473
Washed Out - Amor Fati [OFFICIAL VIDEO],1617652
Doug Stanhope : Having interesting thoughts? Don't worry...,330470
Gensomaden Saiyuki OP,1099332
Alicia Keys - Fallin' (Official Video),213656044
Anything For You - Evanescence - with lyrics,473665
Evanescence - Good Enough,42345464
Within Temptation - Stand My Ground,16601712
Boom Boom Satellites - Let It Lift,47151
Ghost in the Shell - lithium flower,1065394
EZ3kiel - Versus,207874
Gorillaz Slow Country,735739
Ghostland Observatory - Silver City (CD VERSION),632436
Zedd- Clarity (feat. Foxes) [Zedd Union Mix],642973
Lemaitre - Cut to Black (Official),1646141
Borderlands 2 Music - Wildlife Exploitation Preserve,68875
Russian Circles - Xavii,153379
Sigur Ros - Untitled #8,120231
Tycho-Adrift,145734
Explosions in the Sky - Have You Passed Through This Night,60371
Grizzly Bear - Sleeping Ute,1588478
mewithoutYou - In a Market Dimly Lit,144481
Bon Iver - Perth,1079308
Mew - The Zookeper's Boy,188141
Submersible,3650
Don Caballero - Ones All Over The Place,42856
Battles - Futura | A Take Away Show,409720
Battles - Futura | A Take Away Show,409720
Grandaddy - Jed the Humaniod,54620
Mouse on the keys - Spectres de Mouse,124135
Sun Ra - Saturn,72177
01      Bloc Party - Like Eating Glass          HQ,79523
Sigur Rós - Andvari,83579
Year of No Light - Perséphone,804089
Emeli Sande Read All About It Part 3 Lyrics,39793887
T-ARA(티아라) _ Roly-Poly in Copacabana MV,58559176
Santana - While My Guitar Gently Weeps,6452549
Rebecca Black "Friday" (Brock's Dub),46470201
Pink Floyd - Eclipse,1660065
Samsara - Office Man,379346
Blood Red Summer - Vitamin String Quartet Tribute to Coheed & Cambria,11118
Ween - Mutilated Lips,1502825
GUILE'S THEME,15906905
Mortal Kombat Theme,5430408
Fleet Foxes -  Helplessness Blues,3860758
Listener - You Were A House On Fire,481350
Black Handed Kites - Up,13951
Bon Iver - Blood Bank,5014409
Listener - Falling in love with glaciers,620753
Listener Wooden Heart,1903779
The Police - Every Breath You Take (Official Video),800444317
Lighthouse Family - High,84844
Fuzzy Fuzzy Cute Cute - Parry Gripp,9970023
Bon Iver - Holocene (Official Music Video),92694300
Converge - You Fail Me [LYRICS + ARTWORK],23053
Bon Iver - Flume,10883137
Frozen Grand Central,37143658
Carl Sagan - Pale Blue Dot,4826029
When In Rome - The Promise (Official Music Video),74891194
Fiona Apple - "Across The Universe",7554705
Phillip Phillips - Home (Piano/Cello Cover) - The Piano Guys,14576501
Johnny Cash - Hurt,5274097
JULIAN SMITH - Eat Randy,9777974
Moonlight Sonata [Remix],5986300
Social Distortion - Far Behind,786692
Fleet Foxes - Helplessness Blues Music Video,501360
Katawa Shoujo OST - Wiosna (Main Title),262284
Trolls 2: Oh my God! (only the yell),774519
LOWKEY - TERRORIST? (OFFICIAL MUSIC VIDEO),5393909
War - Edwin Starr (Original Vinyl),6102437
Coldplay - Lovers In Japan (Official Video),23626058
The Cave - Mumford & Sons - LYRICS,14285361
Fun.: We Are Young ft. Janelle Monáe [OFFICIAL VIDEO],832225425
Mouth of Sauron Sings The Ding Dong Song,4858635
Jacqueline du Pré "Cello Concerto  " Dvorak  (2. Mov.) live,90848
Take Care Of Yourself - Teddy Thompson,122198
Samuel Barber - Adagio for Strings,19823445
Break Blade OST - Fate,141558
Boards of Canada - Everything You Do is a Balloon,8712771
Depeche mode - Precious,4266114
Apparitions - Matthew Good Band,626435
More - Parabelle,43512
Parabelle - A Drop in the Ocean,223274
04. Blue - A Perfect Circle,6262022
boards of canada - roygbiv,3137302
Boards of Canada - Everything You Do is a Balloon,8712771
Pearl Jam - Alive,34886767
(Don't Fear) The Reaper - Blue Öyster Cult (1976),1562238
Filter - Take A Picture (Official Music Video),15104959
Moonlight Sonata,73366340
The Police - Every Breath You Take (Official Video),800444317
Wish You Were Here Pink Floyd Lyrics,4947421
Afrojack Ft. Eva Simons - Take Over Control (Adam F Remix),3046532
tom and jerry - scream compilation 1,2625621
"Sick Of This" Tales Of Mere Existence,419825
The Ghostbusters Escape from the City,321901
LittleBigPlanet 2 BETA - Windows: LBP Edition,558975
Rez Videogame Music - Level 2 MIST- Protocol Rain,15939
Felicia VS Taokaka (Darkstalkers VS Blazblue) | DEATH BATTLE!,6248544
David guetta feat. Lil' Wayne and Madonna- Revolver (David Guetta Radio edit),16330616
King of Anything - Sara Bareilles (with lyrics),28800
Alice in Wonderland on drugs,27977
Alice in Wonderland on drugs,27977
Stars - Your Ex-Lover Is Dead,2349259
Regina Spektor - "Laughing With" [Official Music Video],6504728
Regina Spektor - "All The Rowboats" [Official Music Video],4714387
Vitas - The Star,18371766
Cecilia Bartoli-Lascia ch'io pianga,905985
Pachelbel's Canon,6428573
"Procrastination" Tales Of Mere Existence,4163955
Jack's Mannequin - The Mixed Tape (Video),499599
I Am NOT A WHORE by LMFAO (Lyrics),11694280
Lily Allen | Smile (Official Video),99467343
Rihanna - Take A Bow (Official Music Video),516473435
Shogun - Skyfire (Alex MORPH   Remix)   [Full Track],616253
Argo Trailer (Movie Trailer HD),8629395
Starfucker - Girls just want to have fun,3346482
Happy Little Pill - (OFFICIAL AUDIO) - Troye Sivan,10008856
Larry David on the horror of social intercourse,515979
Blackstreet ft. Dr. Dre, Queen Pen - No Diggity (Official Video),228153902
Breathe - Télépopmusik,14534840
The Walking Dead Video "Choices" Game Trailer PS3,20463
Metronomy - A Thing For Me (Music Video),6398119
Sister Sledge - He's The Greatest Dancer,108905
Anna Kendrick - Cups (Pitch Perfect’s “When I’m Gone”) [Official Video],559305844
Montell Jordan - This Is How We Do It (Official Video),124086636
Kendrick Lamar - Bitch, Don't Kill My Vibe (Explicit),151575873
Little Bird by The Weepies,218693
Legally Blonde the musical-Gay or European,1529692
Little Bird,18118
Little Bird by The Weepies,218693
Different,303460
Good Riddance (Time of Your Life) - Green Day with Lyrics,2223379
Becoming a Geisha- Memoirs of a Geisha Soundtrack,3613787
Imogen Heap - Aha!  (Lyrics),1657064
Unwritten - Natasha Bedingfield - Lyrics,41362131
Broken Social Scene- TBTF,20554
The Middle East - Blood,8187872
The Middle East - Blood,8187872
Beirut - My Wife, Lost In The Wild,768281
ISFPs Need Alone Time,1592
Redemption by August Burns Red,1054591
Fun.: We Are Young ft. Janelle Monáe (ACOUSTIC),89051439
Local Natives - Who Knows Who Cares | A Take Away Show,1985348
Nada Surf, "Beautiful Beat",1084958
Birdemic - Trailer,786507
Guru Josh Project - Infinity (Klass Vocal Mix) (Ultra Music),142971157
Ayria- Lovely Day,227230
Hallucinogen - Dark Magus,167587
Edvard Grieg, In the Hall of the Mountain King from "Peer Gynt",20223198
OFFICIAL Somewhere over the Rainbow - Israel "IZ" Kamakawiwoʻole,982550326
Sara Evans - A Little Bit Stronger,86848691
How not to make bread,760975
Lil Wayne - How To Love Lyrics,90417345
