Weird Flying Sabertooth Tiger SKYRIM,1341277,Gaming
RE: Skyrim Sabre Cat Glitch Meets American Beauty (Plastic Bag Theme),206993,Gaming
Awesome Series - PokeAwesome - Just a Pokemon Battle,34746486,Entertainment
Japanese Crystal Ball Performer (Contact Juggling),5578318,Entertainment
P.O.D. - Shine with me + Lyrics,136932,Music
Why I suck as a salesperson,1001200,People & Blogs
Those Aren't Pillows! - Planes Trains & Automobiles (10/10) Movie CLIP (1987) HD,1009542,Film & Animation
Why I suck as a salesperson,1001200,People & Blogs
Those Aren't Pillows! - Planes Trains & Automobiles (10/10) Movie CLIP (1987) HD,1009542,Film & Animation
Those Aren't Pillows! - Planes Trains & Automobiles (10/10) Movie CLIP (1987) HD,1009542,Film & Animation
Those Aren't Pillows! - Planes Trains & Automobiles (10/10) Movie CLIP (1987) HD,1009542,Film & Animation
Dirty rotten scoundrels whipping,2177,Comedy
Envy (2/8) Movie CLIP - I Believe in All Environments (2004) HD,18724,Film & Animation
My Favorite Scenes - Jim Carrey is a satanic sellout but i like these clips1,126717,Comedy
Chris Patten - A Retrospective  of  Hong Kong  Last Governor,48178,News & Politics
Chris Patten - Farewell Interview with HK's Last Governor Hong Kong,12835,News & Politics
The Last Governor of Hong Kong 3 - Lewis Carroll Country,10893,News & Politics
The Black Eyed Peas - Karma (Official Music Video),4416059,Music
Every Morning - Sugar Ray,32609513,Music
British Animal Voiceovers,2396798,Comedy
Testament - True Believer (lyrics),21139,Music
VAN CANTO - Primo Victoria feat. Joakim Brodén (Sabaton) | Napalm Records,5759068,Entertainment
Altaria - 05. The Lake (With Lyrics),35466,Music
Death - Pull The Plug (Studio),520515,Music
Wintersun - Sleeping Stars,555020,Music
In Flames - Dialogue With the Stars,285504,Music
STRAPPING YOUNG LAD - Detox (OFFICIAL VIDEO),1793576,Music
Lusine - Double Vision,66305,Music
5. Orestes - A Perfect Circle,7505212,Music
Fat Joe - Another Round  ft. Chris Brown (Official Music Video),39534188,Music
AFI "Medicate",296008,Music
The Cure - To Wish Impossible Things,5083102,Music
HIM - BEAUTIFUL - LYRICS,98012,Music
Tyga Ft. Drake - Still Got It,11638624,Music
True Love Waits - Radiohead,854951,Music
Will Smith "You Know What i'm Saying" Will Smith best line ever ( The Fresh Prince of Bel-Air),52793,Comedy
Hollywood Undead - City lyrics,1366649,Music
The Mowgli's - San Francisco (Official Video),4403821,Music
Iron Maiden - Different World,503303,Music
Iron Maiden - Different World,503303,Music
Dash Berlin ft. Jonathan Mendelsohn - Better Half Of Me (ASOT 517 World Premiere),1282652,Music
No! No man! Shit! No man!!!,318633,Sports
Still Corners - Wish [video],152499,People & Blogs
color blind - counting crows,93177,Music
Frank Sinatra - The Impossible dream (with lyrics),3451887,Music
Europahymne,4335719,Music
Marty Robbins - Ain't I Right,2350088,Music
You Always Hurt The One You Love - The Mills Brothers,2915023,Music
Praise the Lord and Pass the Ammunition,1029597,Music
National Anthem Full Version!  Four Verses Lewis Shaeffer,272395,News & Politics
Oliver! - Food Glorious Food,2303368,Film & Animation
My Dying Bride - My Body A Funeral,384135,Music
Best Doom Metal Sound -- Novembers Doom - The Dark Host,36930,Music
Limp Bizkit Livin it up Lyrics,285120,Music
They're minerals!,98010,Entertainment
AFTER EARTH - Official Trailer - In Theaters 6/7/13,552437,Film & Animation
Winger - Seventeen,11018817,Music
How to flirt according to Leonard,20585,Film & Animation
TBBT - Raj Flirts with Siri,215743,Comedy
Silent Treatment,132820,Comedy
Bloody Tears - Castlevania Piano Cover,4794737,Music
PUMPED UP KICKS|DUBSTEP,143343723,Entertainment
Experiments in the Revival of Organisms,2105306,Science & Technology
Game Theory Opening Theme Science Blaster: Chiptune Tuesday,1595540,Gaming
Assassin's Creed 3 - Inside the Game Part 2,334,Gaming
The PSYning (ORIGINAL),3104608,Film & Animation
Shiny Toy Guns - Stripped,1566302,Music
Gone With The Wind (Tara's Theme) -1939,1122800,Music
Gone Fishin' - Louis Armstrong & Bing Crosby,326142,Music
Brian Joo (브라이언) - Let This Die (Extended Eng Ver.),257013,Music
Trouble Maker 'Trouble Maker' M/V,102775688,Entertainment
Rome Total War Music "Invicta",81973,Music
東方神起 Keep Your Head Down (Japanese CC) Why 日本語訳,2372227,Entertainment
TomorrowWorld 2013 - Batman Superman Spiderman,244144,Music
Hero of Time | The Legend of Zelda Remix  | Jeesh,708622,Music
Rihanna - No Love Allowed (Lyrics On Screen),2504944,Music
Vinny D - White Boy Wasted (Official Video),157036,Music
Big Sean - Marvin & Chardonnay ft. Kanye West Roscoe Dash (Official Music Video),10287874,Music
Official Ojai Valley Taxidermy TV Commercial,18326271,Entertainment
The Range,359,Sports
My Love is Always Here by Alexandre Desplat - 'HP & the Deathly Hallows: Part I' soundtrack,505865,Film & Animation
Eels - Manchild,379063,Music
INTROVERTS | catrific,120786,People & Blogs
Sarah McLachlan - Do What You Have To Do.wmv,112319,Music
Aerobatic Glider at Pic Saint Loup,687,Sports
Chasing Furies - Thicker,32144,Music
U2- Like A Song (Official-Unofficial) Music Video,58952,Music
THE CURETHE KISS,4825,Music
Sade - The Sweetest Taboo - Official - 1985,66975783,Music
Korean Drumming and Dance (Samulnori and Pan-gut),3546,Travel & Events
2010 KBS 국악대상 - 영남타악연희단 판굿 (2010년 12월 31일),10030,Music
D'espairsRay - Forbidden (live),110913,Music
Deftones- Prince- FULL SONG- NEW ALBUM,105489,Music
My Mom's a MILF,2926026,Comedy
You contribute nothing to society!,272409,Comedy
I'm surrounded by idiots,564953,Comedy
This Is Sparta original clip,269016,People & Blogs
John Branyan - The Three Little Pigs,2407008,Comedy
"Mosquitoes Suck" Song (P4A),1204126,Comedy
Lily Allen | 22 (Official Video),27500106,Music
Animaniacs Intro,5010537,Film & Animation
Avicii - Silhouettes,99056137,Music
Avicii - Silhouettes,99056137,Music
Avicii - Silhouettes,99056137,Music
OFFICIAL Somewhere over the Rainbow - Israel "IZ" Kamakawiwoʻole,990525932,Music
Timbaland - The Way I Are [Lyrics],20522302,Music
Whistle - Flo Rida - Lyrics,123726367,Music
Robin Thicke - All Tied Up (with Lyrics),193349,Entertainment
88 Lines about 44 Women - pictures,279909,Music
Streetlight Manifesto - Dear Sergio,193892,Music
Said the Whale - "Camilo (The Magician)",940013,Music
Streetlight Manifesto- Point/Counterpoint *Lyrics*,1706197,Music
Attention Now! - Think About Talking,1504,Music
Willy Beamish The Adventures of (SCD) - Track 05,1290,Gaming
Final Fight CD Game Music: Track 6 (West Side Andore Cage Fight & Stage Ending),43502,Gaming
One Night In Neo Kobe City - Snatcher - Sega CD,199946,Gaming
mpmsoundtracks - High School,46532,Music
mpmsoundtracks - High School,46532,Music
Massive Attack - Teardrop (Official Video),74301168,Music
Welcome to our club,42508,Comedy
Anaïs Mitchell - Hadestown (A Folk Opera),57141,Music
Anais Mitchell & Ani Difranco - Our Lady Of The Underground,99883,Music
System Of A Down - Kill Rock N Roll Lyrics,1304979,Music
Dio Don't Talk to Strangers w/Lyrics,402446,Music
Slayer ~ Angel of Death (Lyrics),24302318,Music
Iron Maiden - Dance of Death Lyrics,8776037,Music
JORN - On And On (Michael Schenker Group Cover),4910,Music
Solitude Aeturnus - Falling,14599,Music
Liquid Tension Experiment - Paradigm Shift,1091599,Music
Blotted Science - Synaptic Plasticity,269734,Music
Brain Fingerprinting - Blotted Science,176439,Music
Survivor - Burning heart (Rocky IV) HQ,59610598,Music
Deep Purple - Child In Time - 1970,97286140,Music
Candlemass - At The Gallows End,751410,Music
James Vincent Mcmorrow - Wicked Game ( Chris Isaak Cover),807265,Music
Muse - Uprising [Official Video],203729947,Music
We are the emergency - All we ever see of the stars are their old photographs,1410357,Music
New Order - All The Way,446659,Music
Bruce Springsteen-Atlantic City,1165407,Music
Denis Leary - Asshole (Official Uncensored Version),19466512,Music
Simon & Garfunkel - The Boxer (Audio),55701590,Music
Jon Ho & Friends - My Favourite Things (18/7/11),171,Music
X Japan - Kurenai (Studio version),344752,Music
Pendulum - Slam,3616118,Music
Die Happy - Supersonic Speed,34405,Entertainment
Disco Dan - Metal Man Goes Clubbing,29523,Music
[bms]NankumoCube - DRAGONLADY,929,Gaming
Muse-Explorers,139032,People & Blogs
Gabrielle - Out of Reach,94950,Entertainment
KAMIKAZEE WO-OH,939343,People & Blogs
Gary Jules - Mad World  (Donnie Darko Soundtrack),1643333,Music
This Week on GOG - Episode 9,9891,Gaming
SKYRIM EPIC RAP - Dan Bull,14749797,Gaming
Sally Shapiro - Looking At The Stars,48834,Music
Bruno Mars - Grenade [Official Video],977778789,Music
Westlife -  I Wanna Grow Old With You,909906,Music
"I'm a Daddy and I Know it" 2 + triplets (parody of "Sexy and I Know it"),13499649,Comedy
How To Dance "GANGNAM STYLE" (강남스타일) - PSY,20406445,Howto & Style
Bruce Lee's Core Symbol - Original Sketch Interview and More,320692,Entertainment
Furious Angel (Instrumental),301763,Music
Loveless Soundtrack - Noughts,80698,Music
Sesame Street - Richard Pryor demonstrating emotions,223720,Entertainment
